atlas_id,source_id,physical_pdf_page,printed_page_numbers,exact_value,unit,qualifier,immediate_context,section_topic
V10EN-NUM-001,V10EN,3,2,10,,,"PREFACE The Contrast Media Safety Committee is proud to present the 10th version of its Contrast Agent Guidelines. We started in 1994 and we have on average updated the booklet every 2 to 3 years. Over the years, more than 200,000",PREFACE The Contrast Media Safety Committee is proud to present the
V10EN-NUM-002,V10EN,3,2,1994,,,"PREFACE The Contrast Media Safety Committee is proud to present the 10th version of its Contrast Agent Guidelines. We started in 1994 and we have on average updated the booklet every 2 to 3 years. Over the years, more than 200,000 copies of the booklet have been printed and it has been transl",PREFACE The Contrast Media Safety Committee is proud to present the
V10EN-NUM-003,V10EN,3,2,2,,more than,"dia Safety Committee is proud to present the 10th version of its Contrast Agent Guidelines. We started in 1994 and we have on average updated the booklet every 2 to 3 years. Over the years, more than 200,000 copies of the booklet have been printed and it has been translated into many languages. Although the contrast age",PREFACE The Contrast Media Safety Committee is proud to present the
V10EN-NUM-004,V10EN,3,2,3,years,more than,"afety Committee is proud to present the 10th version of its Contrast Agent Guidelines. We started in 1994 and we have on average updated the booklet every 2 to 3 years. Over the years, more than 200,000 copies of the booklet have been printed and it has been translated into many languages. Although the contrast agents in curr",PREFACE The Contrast Media Safety Committee is proud to present the
V10EN-NUM-005,V10EN,3,2,"200,000",copies,more than,"the 10th version of its Contrast Agent Guidelines. We started in 1994 and we have on average updated the booklet every 2 to 3 years. Over the years, more than 200,000 copies of the booklet have been printed and it has been translated into many languages. Although the contrast agents in current use have been on the market for many y",PREFACE The Contrast Media Safety Committee is proud to present the
V10EN-NUM-006,V10EN,3,2,10,,,"rast agents in current use have been on the market for many years, minor changes occur in their adverse reaction pattern and new observations are reported. The 10th version of the Guidelines includes updated sections on acute adverse reactions, gadolinium contrast agents and other gadolinium issues, post contrast acute k",d. The 10th version of the Guidelines includes updated sections on acute adverse rea
V10EN-NUM-007,V10EN,3,2,2018,,,"in your practice and that it will benefit all our patients. Comments and questions are welcome at esursecretary@esur.org Contrast Media Safety Committee March 2018 Henrik S. Thomsen, Chairman NOTE: CMSC guidelines are based on evidence in the literature whenever possible. Where there is insufficient published evidence, gu",terminology a the start of the Guidelines. We hope that you like the ne
V10EN-NUM-008,V10EN,3,2,2,,,L NOTICE: The Committee and authors of the 10.0 contrast media guidelines claim no responsibility for the content of the translated versions of the guidelines. 2 PREFACE,"e. Some CMSC guidelines may differ from the Summary of Product Characteristics (SPC,"
V10EN-NUM-009,V10EN,4,3,10,,,"QUICK GUIDE TO THE CMSC CONTRAST AGENT GUIDELINES, VERSION 10 Terminology: Contrast agents and contrast media SECTION A: GENERAL ADVERSE REACTIONS Includes material on: • Acute adverse reactions to iodine- and gadolinium-",
V10EN-NUM-010,V10EN,4,3,3,,,• Contrast medium extravasation. • Pregnancy and lactation. • Ultrasound contrast agents. • Barium contrast media. • Off-label use of contrast agents. PREFACE 3,PREFACE 3
V10EN-NUM-011,V10EN,5,4,8,,,6 A.1. ACUTE ADVERSE REACTIONS 6 A.1.1. Acute adverse reactions to iodine- and gadolinium-based contrast agents 7 A.1.2. Management of acute adverse reactions 8 A.1.3. Warming iodine-based contrast medium before administration 11 A.1.4. Extravascular administration of an iodine-based contrast medium 11 A.1.5. Fasting b,A.1.2. Management of acute adverse reactions 8 A.1.3. Warming iodine-based contrast medi
V10EN-NUM-012,V10EN,5,4,11,,before,adverse reactions 8 A.1.3. Warming iodine-based contrast medium before administration 11 A.1.4. Extravascular administration of an iodine-based contrast medium 11 A.1.5. Fasting before administration of contrast agents 11 A.2. LATE ADVERSE REACTIONS 12 A.3. VERY LATE ADVERSE REACTIONS 13 A.3.1. Very late adverse reaction,A.1.4. Extravascular administration of an iodine-based contrast medium 11 A.1.5. Fasting
V10EN-NUM-013,V10EN,5,4,11,,,dium before administration 11 A.1.4. Extravascular administration of an iodine-based contrast medium 11 A.1.5. Fasting before administration of contrast agents 11 A.2. LATE ADVERSE REACTIONS 12 A.3. VERY LATE ADVERSE REACTIONS 13 A.3.1. Very late adverse reactions to iodine-based contrast media: thyrotoxicosis 13 A.3.2.,A.1.4. Extravascular administration of an iodine-based contrast medium 11 A.1.5. Fasting
V10EN-NUM-014,V10EN,5,4,12,,,.1.4. Extravascular administration of an iodine-based contrast medium 11 A.1.5. Fasting before administration of contrast agents 11 A.2. LATE ADVERSE REACTIONS 12 A.3. VERY LATE ADVERSE REACTIONS 13 A.3.1. Very late adverse reactions to iodine-based contrast media: thyrotoxicosis 13 A.3.2. Very late adverse reactions to,A.2. LATE ADVERSE REACTIONS 12 A.3. VERY LATE ADVERSE REACTIONS 13 A.3.1. Very late ad
V10EN-NUM-015,V10EN,5,4,13,,,f an iodine-based contrast medium 11 A.1.5. Fasting before administration of contrast agents 11 A.2. LATE ADVERSE REACTIONS 12 A.3. VERY LATE ADVERSE REACTIONS 13 A.3.1. Very late adverse reactions to iodine-based contrast media: thyrotoxicosis 13 A.3.2. Very late adverse reactions to gadolinium-based contrast agents: ne,A.2. LATE ADVERSE REACTIONS 12 A.3. VERY LATE ADVERSE REACTIONS 13 A.3.1. Very late ad
V10EN-NUM-016,V10EN,5,4,13,,,agents 11 A.2. LATE ADVERSE REACTIONS 12 A.3. VERY LATE ADVERSE REACTIONS 13 A.3.1. Very late adverse reactions to iodine-based contrast media: thyrotoxicosis 13 A.3.2. Very late adverse reactions to gadolinium-based contrast agents: nephrogenic systemic fibrosis (NSF) 14 B. RENAL ADVERSE REACTIONS (POST-CONTRAST ACUTE,A.2. LATE ADVERSE REACTIONS 12 A.3. VERY LATE ADVERSE REACTIONS 13 A.3.1. Very late ad
V10EN-NUM-017,V10EN,5,4,17,,,"se reactions to gadolinium-based contrast agents: nephrogenic systemic fibrosis (NSF) 14 B. RENAL ADVERSE REACTIONS (POST-CONTRAST ACUTE KIDNEY INJURY, PC-AKI) 17 B.1. MEASUREMENT OF RENAL FUNCTION 17 B.2. RENAL ADVERSE REACTIONS TO IODINE-BASED CONTRAST MEDIA 18 B.2.1. Time of Referral 18 B.2.2. Before the Examination 1","B. RENAL ADVERSE REACTIONS (POST-CONTRAST ACUTE KIDNEY INJURY, PC-AKI) 17 B.1. MEASU"
V10EN-NUM-018,V10EN,5,4,18,,,"ERSE REACTIONS (POST-CONTRAST ACUTE KIDNEY INJURY, PC-AKI) 17 B.1. MEASUREMENT OF RENAL FUNCTION 17 B.2. RENAL ADVERSE REACTIONS TO IODINE-BASED CONTRAST MEDIA 18 B.2.1. Time of Referral 18 B.2.2. Before the Examination 19 B.2.3. Time of examination 20 B.2.4. After the Examination 20 B.2.5. Multiple myeloma patients 21 B",B.2. RENAL ADVERSE REACTIONS TO IODINE-BASED CONTRAST MEDIA 18 B.2.1. Time of Referral
V10EN-NUM-019,V10EN,5,4,18,,Before,"ST ACUTE KIDNEY INJURY, PC-AKI) 17 B.1. MEASUREMENT OF RENAL FUNCTION 17 B.2. RENAL ADVERSE REACTIONS TO IODINE-BASED CONTRAST MEDIA 18 B.2.1. Time of Referral 18 B.2.2. Before the Examination 19 B.2.3. Time of examination 20 B.2.4. After the Examination 20 B.2.5. Multiple myeloma patients 21 B.3. RENAL ADVERSE REACTIONS",B.2. RENAL ADVERSE REACTIONS TO IODINE-BASED CONTRAST MEDIA 18 B.2.1. Time of Referral
V10EN-NUM-020,V10EN,5,4,19,,Before,7 B.1. MEASUREMENT OF RENAL FUNCTION 17 B.2. RENAL ADVERSE REACTIONS TO IODINE-BASED CONTRAST MEDIA 18 B.2.1. Time of Referral 18 B.2.2. Before the Examination 19 B.2.3. Time of examination 20 B.2.4. After the Examination 20 B.2.5. Multiple myeloma patients 21 B.3. RENAL ADVERSE REACTIONS TO GADOLINIUM-BASED CONTRAST MED,B.2.2. Before the Examination 19 B.2.3. Time of examination 20 B.2.4. After the Examinat
V10EN-NUM-021,V10EN,5,4,20,,After,NCTION 17 B.2. RENAL ADVERSE REACTIONS TO IODINE-BASED CONTRAST MEDIA 18 B.2.1. Time of Referral 18 B.2.2. Before the Examination 19 B.2.3. Time of examination 20 B.2.4. After the Examination 20 B.2.5. Multiple myeloma patients 21 B.3. RENAL ADVERSE REACTIONS TO GADOLINIUM-BASED CONTRAST MEDIA 21 B.4. PATIENTS WITH DIABE,B.2.2. Before the Examination 19 B.2.3. Time of examination 20 B.2.4. After the Examinat
V10EN-NUM-022,V10EN,5,4,20,,After,CTIONS TO IODINE-BASED CONTRAST MEDIA 18 B.2.1. Time of Referral 18 B.2.2. Before the Examination 19 B.2.3. Time of examination 20 B.2.4. After the Examination 20 B.2.5. Multiple myeloma patients 21 B.3. RENAL ADVERSE REACTIONS TO GADOLINIUM-BASED CONTRAST MEDIA 21 B.4. PATIENTS WITH DIABETES MELLITUS TAKING METFORMIN 22,B.2.2. Before the Examination 19 B.2.3. Time of examination 20 B.2.4. After the Examinat
V10EN-NUM-023,V10EN,5,4,21,,,A 18 B.2.1. Time of Referral 18 B.2.2. Before the Examination 19 B.2.3. Time of examination 20 B.2.4. After the Examination 20 B.2.5. Multiple myeloma patients 21 B.3. RENAL ADVERSE REACTIONS TO GADOLINIUM-BASED CONTRAST MEDIA 21 B.4. PATIENTS WITH DIABETES MELLITUS TAKING METFORMIN 22 B.4.1. Iodine-based contrast media,B.2.5. Multiple myeloma patients 21 B.3. RENAL ADVERSE REACTIONS TO GADOLINIUM-BASED CON
V10EN-NUM-024,V10EN,5,4,21,,,2.3. Time of examination 20 B.2.4. After the Examination 20 B.2.5. Multiple myeloma patients 21 B.3. RENAL ADVERSE REACTIONS TO GADOLINIUM-BASED CONTRAST MEDIA 21 B.4. PATIENTS WITH DIABETES MELLITUS TAKING METFORMIN 22 B.4.1. Iodine-based contrast media 22 B.4.2. Gadolinium-based contrast media 22 B.5. DIALYSIS AND CONT,B.2.5. Multiple myeloma patients 21 B.3. RENAL ADVERSE REACTIONS TO GADOLINIUM-BASED CON
V10EN-NUM-025,V10EN,5,4,22,,,20 B.2.5. Multiple myeloma patients 21 B.3. RENAL ADVERSE REACTIONS TO GADOLINIUM-BASED CONTRAST MEDIA 21 B.4. PATIENTS WITH DIABETES MELLITUS TAKING METFORMIN 22 B.4.1. Iodine-based contrast media 22 B.4.2. Gadolinium-based contrast media 22 B.5. DIALYSIS AND CONTRAST MEDIUM ADMINISTRATION 23 B.6. CAN IODINE- AND GADOLI,B.4. PATIENTS WITH DIABETES MELLITUS TAKING METFORMIN 22 B.4.1. Iodine-based contrast
V10EN-NUM-026,V10EN,5,4,22,,,B.3. RENAL ADVERSE REACTIONS TO GADOLINIUM-BASED CONTRAST MEDIA 21 B.4. PATIENTS WITH DIABETES MELLITUS TAKING METFORMIN 22 B.4.1. Iodine-based contrast media 22 B.4.2. Gadolinium-based contrast media 22 B.5. DIALYSIS AND CONTRAST MEDIUM ADMINISTRATION 23 B.6. CAN IODINE- AND GADOLINIUM-BASED CONTRAST AGENTS SAFELY BE G,B.4. PATIENTS WITH DIABETES MELLITUS TAKING METFORMIN 22 B.4.1. Iodine-based contrast
V10EN-NUM-027,V10EN,5,4,22,,,M-BASED CONTRAST MEDIA 21 B.4. PATIENTS WITH DIABETES MELLITUS TAKING METFORMIN 22 B.4.1. Iodine-based contrast media 22 B.4.2. Gadolinium-based contrast media 22 B.5. DIALYSIS AND CONTRAST MEDIUM ADMINISTRATION 23 B.6. CAN IODINE- AND GADOLINIUM-BASED CONTRAST AGENTS SAFELY BE GIVEN ON THE SAME DAY FOR ROUTINE EXAMINATI,B.4.2. Gadolinium-based contrast media 22 B.5. DIALYSIS AND CONTRAST MEDIUM ADMINISTRATI
V10EN-NUM-028,V10EN,5,4,23,,,S MELLITUS TAKING METFORMIN 22 B.4.1. Iodine-based contrast media 22 B.4.2. Gadolinium-based contrast media 22 B.5. DIALYSIS AND CONTRAST MEDIUM ADMINISTRATION 23 B.6. CAN IODINE- AND GADOLINIUM-BASED CONTRAST AGENTS SAFELY BE GIVEN ON THE SAME DAY FOR ROUTINE EXAMINATIONS? 24 B.7. HOW LONG SHOULD THERE BE BETWEEN TWO IO,B.4.2. Gadolinium-based contrast media 22 B.5. DIALYSIS AND CONTRAST MEDIUM ADMINISTRATI
V10EN-NUM-029,V10EN,6,5,26,,,C. MISCELLANEOUS 26 C.1. CONTRAST MEDIUM EXTRAVASATION 26 C.2. PULMONARY EFFECTS OF IODINE-BASED CONTRAST MEDIA 27 C.3. EFFECTS OF CONTRAST MEDIA ON BLOOD AND ENDOTHELIUM 27 C.3.1,C. MISCELLANEOUS 26 C.1. CONTRAST MEDIUM EXTRAVASATION 26 C.2. PULMONARY EFFECTS OF
V10EN-NUM-030,V10EN,6,5,27,,,C. MISCELLANEOUS 26 C.1. CONTRAST MEDIUM EXTRAVASATION 26 C.2. PULMONARY EFFECTS OF IODINE-BASED CONTRAST MEDIA 27 C.3. EFFECTS OF CONTRAST MEDIA ON BLOOD AND ENDOTHELIUM 27 C.3.1. Thrombosis 27 C.3.2. Sickle Cell Disease 28 C.4. CONTRAST AGENTS AND CATECHOLAMINE PRODUCING,C. MISCELLANEOUS 26 C.1. CONTRAST MEDIUM EXTRAVASATION 26 C.2. PULMONARY EFFECTS OF
V10EN-NUM-031,V10EN,6,5,27,,,T MEDIUM EXTRAVASATION 26 C.2. PULMONARY EFFECTS OF IODINE-BASED CONTRAST MEDIA 27 C.3. EFFECTS OF CONTRAST MEDIA ON BLOOD AND ENDOTHELIUM 27 C.3.1. Thrombosis 27 C.3.2. Sickle Cell Disease 28 C.4. CONTRAST AGENTS AND CATECHOLAMINE PRODUCING TUMORS (PHEOCHROMOCYTOMA AND PARAGANGLIOMA) 28 C.5. PREGNANCY AND LACTATION 29 C,C.3. EFFECTS OF CONTRAST MEDIA ON BLOOD AND ENDOTHELIUM 27 C.3.1. Thrombosis 27 C.3.2.
V10EN-NUM-032,V10EN,6,5,28,,,ENDOTHELIUM 27 C.3.1. Thrombosis 27 C.3.2. Sickle Cell Disease 28 C.4. CONTRAST AGENTS AND CATECHOLAMINE PRODUCING TUMORS (PHEOCHROMOCYTOMA AND PARAGANGLIOMA) 28 C.5. PREGNANCY AND LACTATION 29 C.6. INTERACTION WITH OTHER DRUGS AND CLINICAL TESTS 30 C.7. GADOLINIUM ISSUES 31 C.7.1. Gadolinium retention in the brain 31 C,C.4. CONTRAST AGENTS AND CATECHOLAMINE PRODUCING TUMORS (PHEOCHROMOCYTOMA AND PARAGANG
V10EN-NUM-033,V10EN,6,5,29,,,s 27 C.3.2. Sickle Cell Disease 28 C.4. CONTRAST AGENTS AND CATECHOLAMINE PRODUCING TUMORS (PHEOCHROMOCYTOMA AND PARAGANGLIOMA) 28 C.5. PREGNANCY AND LACTATION 29 C.6. INTERACTION WITH OTHER DRUGS AND CLINICAL TESTS 30 C.7. GADOLINIUM ISSUES 31 C.7.1. Gadolinium retention in the brain 31 C.7.2. Gadolinium retention in bo,C.5. PREGNANCY AND LACTATION 29 C.6. INTERACTION WITH OTHER DRUGS AND CLINICAL TESTS 3
V10EN-NUM-034,V10EN,6,5,31,,,") 28 C.5. PREGNANCY AND LACTATION 29 C.6. INTERACTION WITH OTHER DRUGS AND CLINICAL TESTS 30 C.7. GADOLINIUM ISSUES 31 C.7.1. Gadolinium retention in the brain 31 C.7.2. Gadolinium retention in bone, liver and skin 32 C.7.3. Gadolinium contamination of the environment 32 C.8. SAFETY OF ULTRASOUND CONTRAST AGENTS 33 C.9.",C.7. GADOLINIUM ISSUES 31 C.7.1. Gadolinium retention in the brain 31 C.7.2. Gadoliniu
V10EN-NUM-035,V10EN,6,5,32,,,"ITH OTHER DRUGS AND CLINICAL TESTS 30 C.7. GADOLINIUM ISSUES 31 C.7.1. Gadolinium retention in the brain 31 C.7.2. Gadolinium retention in bone, liver and skin 32 C.7.3. Gadolinium contamination of the environment 32 C.8. SAFETY OF ULTRASOUND CONTRAST AGENTS 33 C.9. SAFETY OF BARIUM CONTRAST MEDIA 34 C.10. PEDIATRIC USE",C.7. GADOLINIUM ISSUES 31 C.7.1. Gadolinium retention in the brain 31 C.7.2. Gadoliniu
V10EN-NUM-036,V10EN,6,5,32,,,"ISSUES 31 C.7.1. Gadolinium retention in the brain 31 C.7.2. Gadolinium retention in bone, liver and skin 32 C.7.3. Gadolinium contamination of the environment 32 C.8. SAFETY OF ULTRASOUND CONTRAST AGENTS 33 C.9. SAFETY OF BARIUM CONTRAST MEDIA 34 C.10. PEDIATRIC USE OF CONTRAST AGENTS 35 C.11. OFF-LABEL USE OF CONTRAST",C.7.3. Gadolinium contamination of the environment 32 C.8. SAFETY OF ULTRASOUND CONTRAST
V10EN-NUM-037,V10EN,6,5,33,,,"brain 31 C.7.2. Gadolinium retention in bone, liver and skin 32 C.7.3. Gadolinium contamination of the environment 32 C.8. SAFETY OF ULTRASOUND CONTRAST AGENTS 33 C.9. SAFETY OF BARIUM CONTRAST MEDIA 34 C.10. PEDIATRIC USE OF CONTRAST AGENTS 35 C.11. OFF-LABEL USE OF CONTRAST AGENTS 35 D. QUESTIONNAIRES/LETTERS 36 D.1. A",C.7.3. Gadolinium contamination of the environment 32 C.8. SAFETY OF ULTRASOUND CONTRAST
V10EN-NUM-038,V10EN,6,5,34,,,"bone, liver and skin 32 C.7.3. Gadolinium contamination of the environment 32 C.8. SAFETY OF ULTRASOUND CONTRAST AGENTS 33 C.9. SAFETY OF BARIUM CONTRAST MEDIA 34 C.10. PEDIATRIC USE OF CONTRAST AGENTS 35 C.11. OFF-LABEL USE OF CONTRAST AGENTS 35 D. QUESTIONNAIRES/LETTERS 36 D.1. AN EXAMPLE OF A SUITABLE LETTER FOR THE P",C.9. SAFETY OF BARIUM CONTRAST MEDIA 34 C.10. PEDIATRIC USE OF CONTRAST AGENTS 35 C.11
V10EN-NUM-039,V10EN,6,5,35,,,contamination of the environment 32 C.8. SAFETY OF ULTRASOUND CONTRAST AGENTS 33 C.9. SAFETY OF BARIUM CONTRAST MEDIA 34 C.10. PEDIATRIC USE OF CONTRAST AGENTS 35 C.11. OFF-LABEL USE OF CONTRAST AGENTS 35 D. QUESTIONNAIRES/LETTERS 36 D.1. AN EXAMPLE OF A SUITABLE LETTER FOR THE PATIENT TO TAKE TO THE ALLGERGY CONSULTATIO,C.9. SAFETY OF BARIUM CONTRAST MEDIA 34 C.10. PEDIATRIC USE OF CONTRAST AGENTS 35 C.11
V10EN-NUM-040,V10EN,6,5,35,,,AFETY OF ULTRASOUND CONTRAST AGENTS 33 C.9. SAFETY OF BARIUM CONTRAST MEDIA 34 C.10. PEDIATRIC USE OF CONTRAST AGENTS 35 C.11. OFF-LABEL USE OF CONTRAST AGENTS 35 D. QUESTIONNAIRES/LETTERS 36 D.1. AN EXAMPLE OF A SUITABLE LETTER FOR THE PATIENT TO TAKE TO THE ALLGERGY CONSULTATION 36 D.2. QUESTIONNAIRE FOR IODINE-BASED C,C.9. SAFETY OF BARIUM CONTRAST MEDIA 34 C.10. PEDIATRIC USE OF CONTRAST AGENTS 35 C.11
V10EN-NUM-041,V10EN,6,5,36,,,.11. OFF-LABEL USE OF CONTRAST AGENTS 35 D. QUESTIONNAIRES/LETTERS 36 D.1. AN EXAMPLE OF A SUITABLE LETTER FOR THE PATIENT TO TAKE TO THE ALLGERGY CONSULTATION 36 D.2. QUESTIONNAIRE FOR IODINE-BASED CONTRAST MEDIA ADMINISTRATION TO BE COMPLETED BY THE REFERRING CLINICIAN 38 D.3. QUESTIONNAIRE FOR GADOLINIUM-BASED CONTRAS,D. QUESTIONNAIRES/LETTERS 36 D.1. AN EXAMPLE OF A SUITABLE LETTER FOR THE PATIENT TO
V10EN-NUM-042,V10EN,6,5,39,,,TO BE COMPLETED BY THE REFERRING CLINICIAN 38 D.3. QUESTIONNAIRE FOR GADOLINIUM-BASED CONTRAST AGENT ADMINISTRATION TO BE COMPLETED BY THE REFERRING CLINICIAN 39 E. APPENDIX 40 Appendix 1. Publications from the ESUR Contrast Media Safety Committee 40 Appendix 2. Contrast Media Safety Committee - Spring 2018 43 Terminolo,D.3. QUESTIONNAIRE FOR GADOLINIUM-BASED CONTRAST AGENT ADMINISTRATION TO BE COMPLETED
V10EN-NUM-043,V10EN,6,5,40,,,D BY THE REFERRING CLINICIAN 38 D.3. QUESTIONNAIRE FOR GADOLINIUM-BASED CONTRAST AGENT ADMINISTRATION TO BE COMPLETED BY THE REFERRING CLINICIAN 39 E. APPENDIX 40 Appendix 1. Publications from the ESUR Contrast Media Safety Committee 40 Appendix 2. Contrast Media Safety Committee - Spring 2018 43 Terminology: Contrast ag,E. APPENDIX 40 Appendix 1. Publications from the ESUR Contrast Media Safety Committe
V10EN-NUM-044,V10EN,6,5,40,,,NTRAST AGENT ADMINISTRATION TO BE COMPLETED BY THE REFERRING CLINICIAN 39 E. APPENDIX 40 Appendix 1. Publications from the ESUR Contrast Media Safety Committee 40 Appendix 2. Contrast Media Safety Committee - Spring 2018 43 Terminology: Contrast agents and contrast media A contrast agent is a substance which alters the c,E. APPENDIX 40 Appendix 1. Publications from the ESUR Contrast Media Safety Committe
V10EN-NUM-045,V10EN,6,5,2018,,,RING CLINICIAN 39 E. APPENDIX 40 Appendix 1. Publications from the ESUR Contrast Media Safety Committee 40 Appendix 2. Contrast Media Safety Committee - Spring 2018 43 Terminology: Contrast agents and contrast media A contrast agent is a substance which alters the contrast in images produced by any method. It is a general,E. APPENDIX 40 Appendix 1. Publications from the ESUR Contrast Media Safety Committe
V10EN-NUM-046,V10EN,6,5,43,,,CLINICIAN 39 E. APPENDIX 40 Appendix 1. Publications from the ESUR Contrast Media Safety Committee 40 Appendix 2. Contrast Media Safety Committee - Spring 2018 43 Terminology: Contrast agents and contrast media A contrast agent is a substance which alters the contrast in images produced by any method. It is a general ter,E. APPENDIX 40 Appendix 1. Publications from the ESUR Contrast Media Safety Committe
V10EN-NUM-047,V10EN,7,6,1,hour,within,A. GENERAL ADVERSE REACTIONS A.1. ACUTE ADVERSE REACTIONS Definition: An adverse reaction which occurs within 1 hour of contrast agent injection. The same acute adverse reactions are seen after iodine- and gadolinium-based contrast agents and after ultrasound contrast agents.,A. GENERAL ADVERSE REACTIONS A.1. ACUTE ADVERSE REACTIONS Definition: An adverse rea
V10EN-NUM-048,V10EN,7,6,1,,,actions may or may not be true IgE mediated allergy. Hypersensitivity/ Grade Chemotoxic Allergy-like (Ring and Messmer classification Mild Mild urticaria Grade 1 Nausea/mild Mild itching Grade 1 vomiting Erythema Grade 1 Warmth/chills Anxiety Vasovagal reaction which resolves spontaneously Moderate Marked urticaria Grad,gadolinium-based contrast agents and after ultrasound contrast agents. The incidence is high
V10EN-NUM-049,V10EN,7,6,1,,,E mediated allergy. Hypersensitivity/ Grade Chemotoxic Allergy-like (Ring and Messmer classification Mild Mild urticaria Grade 1 Nausea/mild Mild itching Grade 1 vomiting Erythema Grade 1 Warmth/chills Anxiety Vasovagal reaction which resolves spontaneously Moderate Marked urticaria Grade 1 Vasovagal reaction Mild bronc,gadolinium-based contrast agents and after ultrasound contrast agents. The incidence is high
V10EN-NUM-050,V10EN,7,6,1,,,ensitivity/ Grade Chemotoxic Allergy-like (Ring and Messmer classification Mild Mild urticaria Grade 1 Nausea/mild Mild itching Grade 1 vomiting Erythema Grade 1 Warmth/chills Anxiety Vasovagal reaction which resolves spontaneously Moderate Marked urticaria Grade 1 Vasovagal reaction Mild bronchospasm Grade 2 Facial/lar,gadolinium-based contrast agents and after ultrasound contrast agents. The incidence is high
V10EN-NUM-051,V10EN,7,6,1,,,ausea/mild Mild itching Grade 1 vomiting Erythema Grade 1 Warmth/chills Anxiety Vasovagal reaction which resolves spontaneously Moderate Marked urticaria Grade 1 Vasovagal reaction Mild bronchospasm Grade 2 Facial/laryngeal edema Grade 2 Severe Hypotensive shock Grade 3 Arrythmia Respiratory arrest Grade 4 Convulsion Ca,gadolinium-based contrast agents and after ultrasound contrast agents. The incidence is high
V10EN-NUM-052,V10EN,7,6,2,,,hema Grade 1 Warmth/chills Anxiety Vasovagal reaction which resolves spontaneously Moderate Marked urticaria Grade 1 Vasovagal reaction Mild bronchospasm Grade 2 Facial/laryngeal edema Grade 2 Severe Hypotensive shock Grade 3 Arrythmia Respiratory arrest Grade 4 Convulsion Cardiac arrest Grade 4 Note: • Be aware that wh,gadolinium-based contrast agents and after ultrasound contrast agents. The incidence is high
V10EN-NUM-053,V10EN,7,6,2,,,ety Vasovagal reaction which resolves spontaneously Moderate Marked urticaria Grade 1 Vasovagal reaction Mild bronchospasm Grade 2 Facial/laryngeal edema Grade 2 Severe Hypotensive shock Grade 3 Arrythmia Respiratory arrest Grade 4 Convulsion Cardiac arrest Grade 4 Note: • Be aware that what at first appears to be a mil,gadolinium-based contrast agents and after ultrasound contrast agents. The incidence is high
V10EN-NUM-054,V10EN,7,6,3,,,lves spontaneously Moderate Marked urticaria Grade 1 Vasovagal reaction Mild bronchospasm Grade 2 Facial/laryngeal edema Grade 2 Severe Hypotensive shock Grade 3 Arrythmia Respiratory arrest Grade 4 Convulsion Cardiac arrest Grade 4 Note: • Be aware that what at first appears to be a mild reaction may develop into a mor,gadolinium-based contrast agents and after ultrasound contrast agents. The incidence is high
V10EN-NUM-055,V10EN,7,6,4,,,ticaria Grade 1 Vasovagal reaction Mild bronchospasm Grade 2 Facial/laryngeal edema Grade 2 Severe Hypotensive shock Grade 3 Arrythmia Respiratory arrest Grade 4 Convulsion Cardiac arrest Grade 4 Note: • Be aware that what at first appears to be a mild reaction may develop into a more serious reaction. • Not all symptom,gadolinium-based contrast agents and after ultrasound contrast agents. The incidence is high
V10EN-NUM-056,V10EN,7,6,4,,,Mild bronchospasm Grade 2 Facial/laryngeal edema Grade 2 Severe Hypotensive shock Grade 3 Arrythmia Respiratory arrest Grade 4 Convulsion Cardiac arrest Grade 4 Note: • Be aware that what at first appears to be a mild reaction may develop into a more serious reaction. • Not all symptoms experienced by patients in the h,gadolinium-based contrast agents and after ultrasound contrast agents. The incidence is high
V10EN-NUM-057,V10EN,7,6,6,,,"t agent administation (Lalli effect). • When a new contrast agent is first introduced to a department, adverse effects tend to be over-reported (Weber effect). 6 A. GENERAL ADVERSE REACTIONS",gadolinium-based contrast agents and after ultrasound contrast agents. The incidence is high
V10EN-NUM-058,V10EN,8,7,30,minutes,after,te reaction For all patients • Have the drugs and equipment for resuscitation readily available (see A.1.2.1.). • Keep the patient in a medical environment for 30 minutes after contrast agent injection. A. GENERAL ADVERSE REACTIONS 7,e. Risk factors for acute reactions Patient related Patients with a history of: • Pr
V10EN-NUM-059,V10EN,8,7,7,,,ation readily available (see A.1.2.1.). • Keep the patient in a medical environment for 30 minutes after contrast agent injection. A. GENERAL ADVERSE REACTIONS 7,A. GENERAL ADVERSE REACTIONS 7
V10EN-NUM-060,V10EN,9,8,"1:1,000",ratio,,"ts. A.1.2.1. Be prepared to treat acute adverse reactions First line emergency drugs and equipment which should be in the examination room: Oxygen Adrenaline 1:1,000 Antihistamine H1 - suitable for injection Atropine ß2-agonist metered dose inhaler I.V. fluids - normal saline or Ringer‘s solution Anti-convulsive drugs (diaz",A.1.2.1. Be prepared to treat acute adverse reactions First line emergency drugs and equip
V10EN-NUM-061,V10EN,9,8,30,minutes,after,"technique. • Equipment for collecting blood for tryptase and histamine measurement should be readily available. • Keep the patient in a medical environment for 30 minutes after contrast agent injection. A.1.2.2. Simple guidelines for first line treatment of acute reactions to all contrast agents When an acute reaction occurs, ch",A.1.2.1. Be prepared to treat acute adverse reactions First line emergency drugs and equip
V10EN-NUM-062,V10EN,10,9,6-10,l/min,,"on may occur. After administration of anithistamines, the patient may no longer be insured to drive a car or operate machinery. Bronchospasm 1. Oxygen by mask (6-10 l/min). 2. β-2-agonist metered dose inhaler (2-3 deep inhalations). 3. Adrenaline Normal blood pressure Intramuscular: 1:1,000, 0.1-0.3 ml (0.1-0.3 mg) [use smaller","d. Note: severe vomiting may occur during anaphylaxis. Urticaria Scattered, transien"
V10EN-NUM-063,V10EN,10,9,2-3,,,"es, the patient may no longer be insured to drive a car or operate machinery. Bronchospasm 1. Oxygen by mask (6-10 l/min). 2. β-2-agonist metered dose inhaler (2-3 deep inhalations). 3. Adrenaline Normal blood pressure Intramuscular: 1:1,000, 0.1-0.3 ml (0.1-0.3 mg) [use smaller dose in patients with coronary artery disea","d. Note: severe vomiting may occur during anaphylaxis. Urticaria Scattered, transien"
V10EN-NUM-064,V10EN,10,9,"1:1,000",ratio,,". Bronchospasm 1. Oxygen by mask (6-10 l/min). 2. β-2-agonist metered dose inhaler (2-3 deep inhalations). 3. Adrenaline Normal blood pressure Intramuscular: 1:1,000, 0.1-0.3 ml (0.1-0.3 mg) [use smaller dose in patients with coronary artery disease or elderly patients]. In pediatric patients: 50 % of adult dose to pediatri","d. Note: severe vomiting may occur during anaphylaxis. Urticaria Scattered, transien"
V10EN-NUM-065,V10EN,10,9,0.1-0.3,ml,,"hospasm 1. Oxygen by mask (6-10 l/min). 2. β-2-agonist metered dose inhaler (2-3 deep inhalations). 3. Adrenaline Normal blood pressure Intramuscular: 1:1,000, 0.1-0.3 ml (0.1-0.3 mg) [use smaller dose in patients with coronary artery disease or elderly patients]. In pediatric patients: 50 % of adult dose to pediatric patients b","d. Note: severe vomiting may occur during anaphylaxis. Urticaria Scattered, transien"
V10EN-NUM-066,V10EN,10,9,0.1-0.3,mg,,"xygen by mask (6-10 l/min). 2. β-2-agonist metered dose inhaler (2-3 deep inhalations). 3. Adrenaline Normal blood pressure Intramuscular: 1:1,000, 0.1-0.3 ml (0.1-0.3 mg) [use smaller dose in patients with coronary artery disease or elderly patients]. In pediatric patients: 50 % of adult dose to pediatric patients between 6 and","d. Note: severe vomiting may occur during anaphylaxis. Urticaria Scattered, transien"
V10EN-NUM-067,V10EN,10,9,50,%,,"ressure Intramuscular: 1:1,000, 0.1-0.3 ml (0.1-0.3 mg) [use smaller dose in patients with coronary artery disease or elderly patients]. In pediatric patients: 50 % of adult dose to pediatric patients between 6 and 12 years old and 25 % of adult dose to pediatric patients below 6 years old - repeat as needed. Decreased blo","d. Note: severe vomiting may occur during anaphylaxis. Urticaria Scattered, transien"
V10EN-NUM-068,V10EN,10,9,6,,,".3 mg) [use smaller dose in patients with coronary artery disease or elderly patients]. In pediatric patients: 50 % of adult dose to pediatric patients between 6 and 12 years old and 25 % of adult dose to pediatric patients below 6 years old - repeat as needed. Decreased blood pressure Intramuscular: 1:1,000, 0.5 ml (0.","d. Note: severe vomiting may occur during anaphylaxis. Urticaria Scattered, transien"
V10EN-NUM-069,V10EN,10,9,12,years,,"[use smaller dose in patients with coronary artery disease or elderly patients]. In pediatric patients: 50 % of adult dose to pediatric patients between 6 and 12 years old and 25 % of adult dose to pediatric patients below 6 years old - repeat as needed. Decreased blood pressure Intramuscular: 1:1,000, 0.5 ml (0.5 mg). In ped","d. Note: severe vomiting may occur during anaphylaxis. Urticaria Scattered, transien"
V10EN-NUM-070,V10EN,10,9,25,%,,"e in patients with coronary artery disease or elderly patients]. In pediatric patients: 50 % of adult dose to pediatric patients between 6 and 12 years old and 25 % of adult dose to pediatric patients below 6 years old - repeat as needed. Decreased blood pressure Intramuscular: 1:1,000, 0.5 ml (0.5 mg). In pediatric patien","d. Note: severe vomiting may occur during anaphylaxis. Urticaria Scattered, transien"
V10EN-NUM-071,V10EN,10,9,6,years,,"lderly patients]. In pediatric patients: 50 % of adult dose to pediatric patients between 6 and 12 years old and 25 % of adult dose to pediatric patients below 6 years old - repeat as needed. Decreased blood pressure Intramuscular: 1:1,000, 0.5 ml (0.5 mg). In pediatric patients: 6-12 years: 0.3 ml (0.3 mg) intramuscularly <","d. Note: severe vomiting may occur during anaphylaxis. Urticaria Scattered, transien"
V10EN-NUM-072,V10EN,10,9,"1:1,000",ratio,,"atients between 6 and 12 years old and 25 % of adult dose to pediatric patients below 6 years old - repeat as needed. Decreased blood pressure Intramuscular: 1:1,000, 0.5 ml (0.5 mg). In pediatric patients: 6-12 years: 0.3 ml (0.3 mg) intramuscularly < 6 years: 0.15 ml (0.15 mg) intramuscularly Laryngeal edema 1. Oxygen by","d. Decreased blood pressure Intramuscular: 1:1,000, 0.5 ml (0.5 mg). In pediatric pa"
V10EN-NUM-073,V10EN,10,9,0.5,ml,,"between 6 and 12 years old and 25 % of adult dose to pediatric patients below 6 years old - repeat as needed. Decreased blood pressure Intramuscular: 1:1,000, 0.5 ml (0.5 mg). In pediatric patients: 6-12 years: 0.3 ml (0.3 mg) intramuscularly < 6 years: 0.15 ml (0.15 mg) intramuscularly Laryngeal edema 1. Oxygen by mask (6-","d. Decreased blood pressure Intramuscular: 1:1,000, 0.5 ml (0.5 mg). In pediatric pa"
V10EN-NUM-074,V10EN,10,9,0.5,mg,,"6 and 12 years old and 25 % of adult dose to pediatric patients below 6 years old - repeat as needed. Decreased blood pressure Intramuscular: 1:1,000, 0.5 ml (0.5 mg). In pediatric patients: 6-12 years: 0.3 ml (0.3 mg) intramuscularly < 6 years: 0.15 ml (0.15 mg) intramuscularly Laryngeal edema 1. Oxygen by mask (6-10 l/min","d. Decreased blood pressure Intramuscular: 1:1,000, 0.5 ml (0.5 mg). In pediatric pa"
V10EN-NUM-075,V10EN,10,9,6-12,years,<,"adult dose to pediatric patients below 6 years old - repeat as needed. Decreased blood pressure Intramuscular: 1:1,000, 0.5 ml (0.5 mg). In pediatric patients: 6-12 years: 0.3 ml (0.3 mg) intramuscularly < 6 years: 0.15 ml (0.15 mg) intramuscularly Laryngeal edema 1. Oxygen by mask (6-10 l/min). 2. Intramuscular adrenaline (1:1,","d. Decreased blood pressure Intramuscular: 1:1,000, 0.5 ml (0.5 mg). In pediatric pa"
V10EN-NUM-076,V10EN,10,9,0.3,ml,<,"o pediatric patients below 6 years old - repeat as needed. Decreased blood pressure Intramuscular: 1:1,000, 0.5 ml (0.5 mg). In pediatric patients: 6-12 years: 0.3 ml (0.3 mg) intramuscularly < 6 years: 0.15 ml (0.15 mg) intramuscularly Laryngeal edema 1. Oxygen by mask (6-10 l/min). 2. Intramuscular adrenaline (1:1,000), 0.","d. Decreased blood pressure Intramuscular: 1:1,000, 0.5 ml (0.5 mg). In pediatric pa"
V10EN-NUM-077,V10EN,10,9,0.3,mg,<,"ric patients below 6 years old - repeat as needed. Decreased blood pressure Intramuscular: 1:1,000, 0.5 ml (0.5 mg). In pediatric patients: 6-12 years: 0.3 ml (0.3 mg) intramuscularly < 6 years: 0.15 ml (0.15 mg) intramuscularly Laryngeal edema 1. Oxygen by mask (6-10 l/min). 2. Intramuscular adrenaline (1:1,000), 0.5 ml (0.","d. Decreased blood pressure Intramuscular: 1:1,000, 0.5 ml (0.5 mg). In pediatric pa"
V10EN-NUM-078,V10EN,10,9,6,years,<,"old - repeat as needed. Decreased blood pressure Intramuscular: 1:1,000, 0.5 ml (0.5 mg). In pediatric patients: 6-12 years: 0.3 ml (0.3 mg) intramuscularly < 6 years: 0.15 ml (0.15 mg) intramuscularly Laryngeal edema 1. Oxygen by mask (6-10 l/min). 2. Intramuscular adrenaline (1:1,000), 0.5 ml (0.5 mg) for adults - repeat a","d. Decreased blood pressure Intramuscular: 1:1,000, 0.5 ml (0.5 mg). In pediatric pa"
V10EN-NUM-079,V10EN,10,9,0.15,ml,<,"peat as needed. Decreased blood pressure Intramuscular: 1:1,000, 0.5 ml (0.5 mg). In pediatric patients: 6-12 years: 0.3 ml (0.3 mg) intramuscularly < 6 years: 0.15 ml (0.15 mg) intramuscularly Laryngeal edema 1. Oxygen by mask (6-10 l/min). 2. Intramuscular adrenaline (1:1,000), 0.5 ml (0.5 mg) for adults - repeat as needed.","d. Decreased blood pressure Intramuscular: 1:1,000, 0.5 ml (0.5 mg). In pediatric pa"
V10EN-NUM-080,V10EN,10,9,0.15,mg,<,"eeded. Decreased blood pressure Intramuscular: 1:1,000, 0.5 ml (0.5 mg). In pediatric patients: 6-12 years: 0.3 ml (0.3 mg) intramuscularly < 6 years: 0.15 ml (0.15 mg) intramuscularly Laryngeal edema 1. Oxygen by mask (6-10 l/min). 2. Intramuscular adrenaline (1:1,000), 0.5 ml (0.5 mg) for adults - repeat as needed. In pedia","d. Decreased blood pressure Intramuscular: 1:1,000, 0.5 ml (0.5 mg). In pediatric pa"
V10EN-NUM-081,V10EN,10,9,6-10,l/min,,"ml (0.5 mg). In pediatric patients: 6-12 years: 0.3 ml (0.3 mg) intramuscularly < 6 years: 0.15 ml (0.15 mg) intramuscularly Laryngeal edema 1. Oxygen by mask (6-10 l/min). 2. Intramuscular adrenaline (1:1,000), 0.5 ml (0.5 mg) for adults - repeat as needed. In pediatric patients: 6-12 years: 0.3 ml (0.3 mg) intramuscularly < 6","d. Decreased blood pressure Intramuscular: 1:1,000, 0.5 ml (0.5 mg). In pediatric pa"
V10EN-NUM-082,V10EN,10,9,"1:1,000",ratio,,"rs: 0.3 ml (0.3 mg) intramuscularly < 6 years: 0.15 ml (0.15 mg) intramuscularly Laryngeal edema 1. Oxygen by mask (6-10 l/min). 2. Intramuscular adrenaline (1:1,000), 0.5 ml (0.5 mg) for adults - repeat as needed. In pediatric patients: 6-12 years: 0.3 ml (0.3 mg) intramuscularly < 6 years: 0.15 ml (0.15 mg) intramuscularl","d. Decreased blood pressure Intramuscular: 1:1,000, 0.5 ml (0.5 mg). In pediatric pa"
V10EN-NUM-083,V10EN,10,9,0.5,ml,,"ml (0.3 mg) intramuscularly < 6 years: 0.15 ml (0.15 mg) intramuscularly Laryngeal edema 1. Oxygen by mask (6-10 l/min). 2. Intramuscular adrenaline (1:1,000), 0.5 ml (0.5 mg) for adults - repeat as needed. In pediatric patients: 6-12 years: 0.3 ml (0.3 mg) intramuscularly < 6 years: 0.15 ml (0.15 mg) intramuscularly Hypoten","d. Decreased blood pressure Intramuscular: 1:1,000, 0.5 ml (0.5 mg). In pediatric pa"
V10EN-NUM-084,V10EN,10,9,0.5,mg,,"mg) intramuscularly < 6 years: 0.15 ml (0.15 mg) intramuscularly Laryngeal edema 1. Oxygen by mask (6-10 l/min). 2. Intramuscular adrenaline (1:1,000), 0.5 ml (0.5 mg) for adults - repeat as needed. In pediatric patients: 6-12 years: 0.3 ml (0.3 mg) intramuscularly < 6 years: 0.15 ml (0.15 mg) intramuscularly Hypotension Iso","d. Decreased blood pressure Intramuscular: 1:1,000, 0.5 ml (0.5 mg). In pediatric pa"
V10EN-NUM-085,V10EN,10,9,6-12,years,<,"ly Laryngeal edema 1. Oxygen by mask (6-10 l/min). 2. Intramuscular adrenaline (1:1,000), 0.5 ml (0.5 mg) for adults - repeat as needed. In pediatric patients: 6-12 years: 0.3 ml (0.3 mg) intramuscularly < 6 years: 0.15 ml (0.15 mg) intramuscularly Hypotension Isolated hypotension 1. Elevate patient’s legs. 2. Oxygen by mask (6-",d. In pediatric patients: 6-12 years: 0.3 ml (0.3 mg) intramuscularly < 6 years: 0.1
V10EN-NUM-086,V10EN,10,9,0.3,ml,<,"edema 1. Oxygen by mask (6-10 l/min). 2. Intramuscular adrenaline (1:1,000), 0.5 ml (0.5 mg) for adults - repeat as needed. In pediatric patients: 6-12 years: 0.3 ml (0.3 mg) intramuscularly < 6 years: 0.15 ml (0.15 mg) intramuscularly Hypotension Isolated hypotension 1. Elevate patient’s legs. 2. Oxygen by mask (6-10 l/min",d. In pediatric patients: 6-12 years: 0.3 ml (0.3 mg) intramuscularly < 6 years: 0.1
V10EN-NUM-087,V10EN,10,9,0.3,mg,<,". Oxygen by mask (6-10 l/min). 2. Intramuscular adrenaline (1:1,000), 0.5 ml (0.5 mg) for adults - repeat as needed. In pediatric patients: 6-12 years: 0.3 ml (0.3 mg) intramuscularly < 6 years: 0.15 ml (0.15 mg) intramuscularly Hypotension Isolated hypotension 1. Elevate patient’s legs. 2. Oxygen by mask (6-10 l/min). 3. In",d. In pediatric patients: 6-12 years: 0.3 ml (0.3 mg) intramuscularly < 6 years: 0.1
V10EN-NUM-088,V10EN,10,9,6,years,<,"in). 2. Intramuscular adrenaline (1:1,000), 0.5 ml (0.5 mg) for adults - repeat as needed. In pediatric patients: 6-12 years: 0.3 ml (0.3 mg) intramuscularly < 6 years: 0.15 ml (0.15 mg) intramuscularly Hypotension Isolated hypotension 1. Elevate patient’s legs. 2. Oxygen by mask (6-10 l/min). 3. Intravenous fluid: rapidly, n",d. In pediatric patients: 6-12 years: 0.3 ml (0.3 mg) intramuscularly < 6 years: 0.1
V10EN-NUM-089,V10EN,10,9,0.15,ml,<,"ntramuscular adrenaline (1:1,000), 0.5 ml (0.5 mg) for adults - repeat as needed. In pediatric patients: 6-12 years: 0.3 ml (0.3 mg) intramuscularly < 6 years: 0.15 ml (0.15 mg) intramuscularly Hypotension Isolated hypotension 1. Elevate patient’s legs. 2. Oxygen by mask (6-10 l/min). 3. Intravenous fluid: rapidly, normal sal",d. In pediatric patients: 6-12 years: 0.3 ml (0.3 mg) intramuscularly < 6 years: 0.1
V10EN-NUM-090,V10EN,10,9,0.15,mg,<,"lar adrenaline (1:1,000), 0.5 ml (0.5 mg) for adults - repeat as needed. In pediatric patients: 6-12 years: 0.3 ml (0.3 mg) intramuscularly < 6 years: 0.15 ml (0.15 mg) intramuscularly Hypotension Isolated hypotension 1. Elevate patient’s legs. 2. Oxygen by mask (6-10 l/min). 3. Intravenous fluid: rapidly, normal saline or Ri",d. In pediatric patients: 6-12 years: 0.3 ml (0.3 mg) intramuscularly < 6 years: 0.1
V10EN-NUM-091,V10EN,10,9,6-10,l/min,,"rs: 0.3 ml (0.3 mg) intramuscularly < 6 years: 0.15 ml (0.15 mg) intramuscularly Hypotension Isolated hypotension 1. Elevate patient’s legs. 2. Oxygen by mask (6-10 l/min). 3. Intravenous fluid: rapidly, normal saline or Ringer’s solution up to 2 litres. 4. If unresponsive: adrenaline: 1:1,000, 0.5 ml (0.5 mg) intramuscularly -",d. In pediatric patients: 6-12 years: 0.3 ml (0.3 mg) intramuscularly < 6 years: 0.1
V10EN-NUM-092,V10EN,10,9,2,litres,up to,"tension Isolated hypotension 1. Elevate patient’s legs. 2. Oxygen by mask (6-10 l/min). 3. Intravenous fluid: rapidly, normal saline or Ringer’s solution up to 2 litres. 4. If unresponsive: adrenaline: 1:1,000, 0.5 ml (0.5 mg) intramuscularly - repeat as needed. In pediatric patients: 6-12 years: 0.3 ml (0.3 mg) intramuscularl",d. In pediatric patients: 6-12 years: 0.3 ml (0.3 mg) intramuscularly < 6 years: 0.1
V10EN-NUM-093,V10EN,10,9,"1:1,000",ratio,,"ent’s legs. 2. Oxygen by mask (6-10 l/min). 3. Intravenous fluid: rapidly, normal saline or Ringer’s solution up to 2 litres. 4. If unresponsive: adrenaline: 1:1,000, 0.5 ml (0.5 mg) intramuscularly - repeat as needed. In pediatric patients: 6-12 years: 0.3 ml (0.3 mg) intramuscularly < 6 years: 0.15 ml (0.15 mg) intramuscu",d. In pediatric patients: 6-12 years: 0.3 ml (0.3 mg) intramuscularly < 6 years: 0.1
V10EN-NUM-094,V10EN,10,9,0.5,ml,,"egs. 2. Oxygen by mask (6-10 l/min). 3. Intravenous fluid: rapidly, normal saline or Ringer’s solution up to 2 litres. 4. If unresponsive: adrenaline: 1:1,000, 0.5 ml (0.5 mg) intramuscularly - repeat as needed. In pediatric patients: 6-12 years: 0.3 ml (0.3 mg) intramuscularly < 6 years: 0.15 ml (0.15 mg) intramuscularly A.",d. In pediatric patients: 6-12 years: 0.3 ml (0.3 mg) intramuscularly < 6 years: 0.1
V10EN-NUM-095,V10EN,10,9,0.5,mg,,"Oxygen by mask (6-10 l/min). 3. Intravenous fluid: rapidly, normal saline or Ringer’s solution up to 2 litres. 4. If unresponsive: adrenaline: 1:1,000, 0.5 ml (0.5 mg) intramuscularly - repeat as needed. In pediatric patients: 6-12 years: 0.3 ml (0.3 mg) intramuscularly < 6 years: 0.15 ml (0.15 mg) intramuscularly A. GENERAL",d. In pediatric patients: 6-12 years: 0.3 ml (0.3 mg) intramuscularly < 6 years: 0.1
V10EN-NUM-096,V10EN,10,9,6-12,years,<,"saline or Ringer’s solution up to 2 litres. 4. If unresponsive: adrenaline: 1:1,000, 0.5 ml (0.5 mg) intramuscularly - repeat as needed. In pediatric patients: 6-12 years: 0.3 ml (0.3 mg) intramuscularly < 6 years: 0.15 ml (0.15 mg) intramuscularly A. GENERAL ADVERSE REACTIONS 9",d. In pediatric patients: 6-12 years: 0.3 ml (0.3 mg) intramuscularly < 6 years: 0.1
V10EN-NUM-097,V10EN,10,9,0.3,ml,<,"nger’s solution up to 2 litres. 4. If unresponsive: adrenaline: 1:1,000, 0.5 ml (0.5 mg) intramuscularly - repeat as needed. In pediatric patients: 6-12 years: 0.3 ml (0.3 mg) intramuscularly < 6 years: 0.15 ml (0.15 mg) intramuscularly A. GENERAL ADVERSE REACTIONS 9",d. In pediatric patients: 6-12 years: 0.3 ml (0.3 mg) intramuscularly < 6 years: 0.1
V10EN-NUM-098,V10EN,10,9,0.3,mg,<,"olution up to 2 litres. 4. If unresponsive: adrenaline: 1:1,000, 0.5 ml (0.5 mg) intramuscularly - repeat as needed. In pediatric patients: 6-12 years: 0.3 ml (0.3 mg) intramuscularly < 6 years: 0.15 ml (0.15 mg) intramuscularly A. GENERAL ADVERSE REACTIONS 9",d. In pediatric patients: 6-12 years: 0.3 ml (0.3 mg) intramuscularly < 6 years: 0.1
V10EN-NUM-099,V10EN,10,9,6,years,<,"If unresponsive: adrenaline: 1:1,000, 0.5 ml (0.5 mg) intramuscularly - repeat as needed. In pediatric patients: 6-12 years: 0.3 ml (0.3 mg) intramuscularly < 6 years: 0.15 ml (0.15 mg) intramuscularly A. GENERAL ADVERSE REACTIONS 9",d. In pediatric patients: 6-12 years: 0.3 ml (0.3 mg) intramuscularly < 6 years: 0.1
V10EN-NUM-100,V10EN,10,9,0.15,ml,<,"ponsive: adrenaline: 1:1,000, 0.5 ml (0.5 mg) intramuscularly - repeat as needed. In pediatric patients: 6-12 years: 0.3 ml (0.3 mg) intramuscularly < 6 years: 0.15 ml (0.15 mg) intramuscularly A. GENERAL ADVERSE REACTIONS 9",d. In pediatric patients: 6-12 years: 0.3 ml (0.3 mg) intramuscularly < 6 years: 0.1
V10EN-NUM-101,V10EN,10,9,0.15,mg,<,"adrenaline: 1:1,000, 0.5 ml (0.5 mg) intramuscularly - repeat as needed. In pediatric patients: 6-12 years: 0.3 ml (0.3 mg) intramuscularly < 6 years: 0.15 ml (0.15 mg) intramuscularly A. GENERAL ADVERSE REACTIONS 9",d. In pediatric patients: 6-12 years: 0.3 ml (0.3 mg) intramuscularly < 6 years: 0.1
V10EN-NUM-102,V10EN,10,9,9,,,repeat as needed. In pediatric patients: 6-12 years: 0.3 ml (0.3 mg) intramuscularly < 6 years: 0.15 ml (0.15 mg) intramuscularly A. GENERAL ADVERSE REACTIONS 9,A. GENERAL ADVERSE REACTIONS 9
V10EN-NUM-103,V10EN,11,10,6-10,l/min,,"Vasovagal reaction (hypotension and bradycardia) 1. Elevate patient’s legs. 2. Oxygen by mask (6-10 l/min). 3. Atropine 0.6-1.0 mg intravenously - repeat if necessary after 3-5 min, to 3 mg total (0.04 mg/kg) in adults. In pediatric patients give 0.02 mg/kg intrave",
V10EN-NUM-104,V10EN,11,10,0.6-1.0,mg,,"Vasovagal reaction (hypotension and bradycardia) 1. Elevate patient’s legs. 2. Oxygen by mask (6-10 l/min). 3. Atropine 0.6-1.0 mg intravenously - repeat if necessary after 3-5 min, to 3 mg total (0.04 mg/kg) in adults. In pediatric patients give 0.02 mg/kg intravenously (max 0.6 mg per do",
V10EN-NUM-105,V10EN,11,10,3-5,min,after,"ction (hypotension and bradycardia) 1. Elevate patient’s legs. 2. Oxygen by mask (6-10 l/min). 3. Atropine 0.6-1.0 mg intravenously - repeat if necessary after 3-5 min, to 3 mg total (0.04 mg/kg) in adults. In pediatric patients give 0.02 mg/kg intravenously (max 0.6 mg per dose) - repeat if necessary to 2 mg total. 4. Intrav",
V10EN-NUM-106,V10EN,11,10,3,mg,after,"ension and bradycardia) 1. Elevate patient’s legs. 2. Oxygen by mask (6-10 l/min). 3. Atropine 0.6-1.0 mg intravenously - repeat if necessary after 3-5 min, to 3 mg total (0.04 mg/kg) in adults. In pediatric patients give 0.02 mg/kg intravenously (max 0.6 mg per dose) - repeat if necessary to 2 mg total. 4. Intravenous flu",
V10EN-NUM-107,V10EN,11,10,0.04,mg/kg,after,"radycardia) 1. Elevate patient’s legs. 2. Oxygen by mask (6-10 l/min). 3. Atropine 0.6-1.0 mg intravenously - repeat if necessary after 3-5 min, to 3 mg total (0.04 mg/kg) in adults. In pediatric patients give 0.02 mg/kg intravenously (max 0.6 mg per dose) - repeat if necessary to 2 mg total. 4. Intravenous fluids: rapidly, norm",
V10EN-NUM-108,V10EN,11,10,0.02,mg/kg,,"y mask (6-10 l/min). 3. Atropine 0.6-1.0 mg intravenously - repeat if necessary after 3-5 min, to 3 mg total (0.04 mg/kg) in adults. In pediatric patients give 0.02 mg/kg intravenously (max 0.6 mg per dose) - repeat if necessary to 2 mg total. 4. Intravenous fluids: rapidly, normal saline or Ringer’s solution, up to 2 litres. 5.",
V10EN-NUM-109,V10EN,11,10,0.6,mg,,"ne 0.6-1.0 mg intravenously - repeat if necessary after 3-5 min, to 3 mg total (0.04 mg/kg) in adults. In pediatric patients give 0.02 mg/kg intravenously (max 0.6 mg per dose) - repeat if necessary to 2 mg total. 4. Intravenous fluids: rapidly, normal saline or Ringer’s solution, up to 2 litres. 5. If the patient does not r",
V10EN-NUM-110,V10EN,11,10,2,mg,,"cessary after 3-5 min, to 3 mg total (0.04 mg/kg) in adults. In pediatric patients give 0.02 mg/kg intravenously (max 0.6 mg per dose) - repeat if necessary to 2 mg total. 4. Intravenous fluids: rapidly, normal saline or Ringer’s solution, up to 2 litres. 5. If the patient does not respond to these measures, treat as for a",
V10EN-NUM-111,V10EN,11,10,2,litres,up to,"e 0.02 mg/kg intravenously (max 0.6 mg per dose) - repeat if necessary to 2 mg total. 4. Intravenous fluids: rapidly, normal saline or Ringer’s solution, up to 2 litres. 5. If the patient does not respond to these measures, treat as for anaphylaxis. Generalized anaphylactoid reaction 1. Call for resuscitation team. 2. Suction",
V10EN-NUM-112,V10EN,11,10,6-10,l/min,,"s. Generalized anaphylactoid reaction 1. Call for resuscitation team. 2. Suction airway as needed. 3. Elevate patient’s legs if hypotensive. 4. Oxygen by mask (6-10 l/min). 5. Intramuscular adrenaline (1:1,000), 0.5 ml (0.5 mg) in adults - repeat as needed. In pediatric patients: 6-12 years: 0.3 ml (0.3 mg) intramuscularly < 6 y",
V10EN-NUM-113,V10EN,11,10,"1:1,000",ratio,,"l for resuscitation team. 2. Suction airway as needed. 3. Elevate patient’s legs if hypotensive. 4. Oxygen by mask (6-10 l/min). 5. Intramuscular adrenaline (1:1,000), 0.5 ml (0.5 mg) in adults - repeat as needed. In pediatric patients: 6-12 years: 0.3 ml (0.3 mg) intramuscularly < 6 years: 0.15 ml (0.15 mg) intramuscularly",
V10EN-NUM-114,V10EN,11,10,0.5,ml,,"suscitation team. 2. Suction airway as needed. 3. Elevate patient’s legs if hypotensive. 4. Oxygen by mask (6-10 l/min). 5. Intramuscular adrenaline (1:1,000), 0.5 ml (0.5 mg) in adults - repeat as needed. In pediatric patients: 6-12 years: 0.3 ml (0.3 mg) intramuscularly < 6 years: 0.15 ml (0.15 mg) intramuscularly 6. Intra",
V10EN-NUM-115,V10EN,11,10,0.5,mg,,"ion team. 2. Suction airway as needed. 3. Elevate patient’s legs if hypotensive. 4. Oxygen by mask (6-10 l/min). 5. Intramuscular adrenaline (1:1,000), 0.5 ml (0.5 mg) in adults - repeat as needed. In pediatric patients: 6-12 years: 0.3 ml (0.3 mg) intramuscularly < 6 years: 0.15 ml (0.15 mg) intramuscularly 6. Intravenous f",
V10EN-NUM-116,V10EN,11,10,6-12,years,<,"egs if hypotensive. 4. Oxygen by mask (6-10 l/min). 5. Intramuscular adrenaline (1:1,000), 0.5 ml (0.5 mg) in adults - repeat as needed. In pediatric patients: 6-12 years: 0.3 ml (0.3 mg) intramuscularly < 6 years: 0.15 ml (0.15 mg) intramuscularly 6. Intravenous fluids (e.g. normal saline, Ringer’s solution) up to 2 liltres. 7.",d. In pediatric patients: 6-12 years: 0.3 ml (0.3 mg) intramuscularly < 6 years: 0.1
V10EN-NUM-117,V10EN,11,10,0.3,ml,<,"ensive. 4. Oxygen by mask (6-10 l/min). 5. Intramuscular adrenaline (1:1,000), 0.5 ml (0.5 mg) in adults - repeat as needed. In pediatric patients: 6-12 years: 0.3 ml (0.3 mg) intramuscularly < 6 years: 0.15 ml (0.15 mg) intramuscularly 6. Intravenous fluids (e.g. normal saline, Ringer’s solution) up to 2 liltres. 7. H1-bloc",d. In pediatric patients: 6-12 years: 0.3 ml (0.3 mg) intramuscularly < 6 years: 0.1
V10EN-NUM-118,V10EN,11,10,0.3,mg,<,"4. Oxygen by mask (6-10 l/min). 5. Intramuscular adrenaline (1:1,000), 0.5 ml (0.5 mg) in adults - repeat as needed. In pediatric patients: 6-12 years: 0.3 ml (0.3 mg) intramuscularly < 6 years: 0.15 ml (0.15 mg) intramuscularly 6. Intravenous fluids (e.g. normal saline, Ringer’s solution) up to 2 liltres. 7. H1-blocker e.g.",d. In pediatric patients: 6-12 years: 0.3 ml (0.3 mg) intramuscularly < 6 years: 0.1
V10EN-NUM-119,V10EN,11,10,6,years,<,"min). 5. Intramuscular adrenaline (1:1,000), 0.5 ml (0.5 mg) in adults - repeat as needed. In pediatric patients: 6-12 years: 0.3 ml (0.3 mg) intramuscularly < 6 years: 0.15 ml (0.15 mg) intramuscularly 6. Intravenous fluids (e.g. normal saline, Ringer’s solution) up to 2 liltres. 7. H1-blocker e.g. diphenhydramine 25-50 mg i",d. In pediatric patients: 6-12 years: 0.3 ml (0.3 mg) intramuscularly < 6 years: 0.1
V10EN-NUM-120,V10EN,11,10,0.15,ml,<,"Intramuscular adrenaline (1:1,000), 0.5 ml (0.5 mg) in adults - repeat as needed. In pediatric patients: 6-12 years: 0.3 ml (0.3 mg) intramuscularly < 6 years: 0.15 ml (0.15 mg) intramuscularly 6. Intravenous fluids (e.g. normal saline, Ringer’s solution) up to 2 liltres. 7. H1-blocker e.g. diphenhydramine 25-50 mg intravenou",d. In pediatric patients: 6-12 years: 0.3 ml (0.3 mg) intramuscularly < 6 years: 0.1
V10EN-NUM-121,V10EN,11,10,0.15,mg,<,"ular adrenaline (1:1,000), 0.5 ml (0.5 mg) in adults - repeat as needed. In pediatric patients: 6-12 years: 0.3 ml (0.3 mg) intramuscularly < 6 years: 0.15 ml (0.15 mg) intramuscularly 6. Intravenous fluids (e.g. normal saline, Ringer’s solution) up to 2 liltres. 7. H1-blocker e.g. diphenhydramine 25-50 mg intravenous. A.1.2.",d. In pediatric patients: 6-12 years: 0.3 ml (0.3 mg) intramuscularly < 6 years: 0.1
V10EN-NUM-122,V10EN,11,10,2,,up to,"s: 6-12 years: 0.3 ml (0.3 mg) intramuscularly < 6 years: 0.15 ml (0.15 mg) intramuscularly 6. Intravenous fluids (e.g. normal saline, Ringer’s solution) up to 2 liltres. 7. H1-blocker e.g. diphenhydramine 25-50 mg intravenous. A.1.2.3. After a moderate or severe acute adverse reaction to a contrast agent Test for evide",d. In pediatric patients: 6-12 years: 0.3 ml (0.3 mg) intramuscularly < 6 years: 0.1
V10EN-NUM-123,V10EN,11,10,25-50,mg,After,"< 6 years: 0.15 ml (0.15 mg) intramuscularly 6. Intravenous fluids (e.g. normal saline, Ringer’s solution) up to 2 liltres. 7. H1-blocker e.g. diphenhydramine 25-50 mg intravenous. A.1.2.3. After a moderate or severe acute adverse reaction to a contrast agent Test for evidence of allergy • Take blood samples for estimation of",d. In pediatric patients: 6-12 years: 0.3 ml (0.3 mg) intramuscularly < 6 years: 0.1
V10EN-NUM-124,V10EN,11,10,1,,after,r a moderate or severe acute adverse reaction to a contrast agent Test for evidence of allergy • Take blood samples for estimation of histamine and tryptase at 1 and 2 hours after contrast agent administration and at 24 hours if the patient is still in the hospital. • 1 to 6 months after the reaction the patient should,A.1.2.3. After a moderate or severe acute adverse reaction to a contrast agent Test for ev
V10EN-NUM-125,V10EN,11,10,2,hours,after,derate or severe acute adverse reaction to a contrast agent Test for evidence of allergy • Take blood samples for estimation of histamine and tryptase at 1 and 2 hours after contrast agent administration and at 24 hours if the patient is still in the hospital. • 1 to 6 months after the reaction the patient should be referred,A.1.2.3. After a moderate or severe acute adverse reaction to a contrast agent Test for ev
V10EN-NUM-126,V10EN,11,10,24,hours,,st agent Test for evidence of allergy • Take blood samples for estimation of histamine and tryptase at 1 and 2 hours after contrast agent administration and at 24 hours if the patient is still in the hospital. • 1 to 6 months after the reaction the patient should be referred to a specialist in drug allergy to have skin testing,A.1.2.3. After a moderate or severe acute adverse reaction to a contrast agent Test for ev
V10EN-NUM-127,V10EN,11,10,1,,after,amples for estimation of histamine and tryptase at 1 and 2 hours after contrast agent administration and at 24 hours if the patient is still in the hospital. • 1 to 6 months after the reaction the patient should be referred to a specialist in drug allergy to have skin testing. Prick and intradermal tests should be used,A.1.2.3. After a moderate or severe acute adverse reaction to a contrast agent Test for ev
V10EN-NUM-128,V10EN,11,10,6,months,after,s for estimation of histamine and tryptase at 1 and 2 hours after contrast agent administration and at 24 hours if the patient is still in the hospital. • 1 to 6 months after the reaction the patient should be referred to a specialist in drug allergy to have skin testing. Prick and intradermal tests should be used to check for,A.1.2.3. After a moderate or severe acute adverse reaction to a contrast agent Test for ev
V10EN-NUM-129,V10EN,11,10,10,,,to other contrast agents. • An example of a suitable letter for the patient to take to the allergy consultation can be found in section D of these guidelines. 10 A. GENERAL ADVERSE REACTIONS,A.1.2.3. After a moderate or severe acute adverse reaction to a contrast agent Test for ev
V10EN-NUM-130,V10EN,12,11,12,month,,"national pharmacovigilance authority. A.1.2.4. Review of treatment protocols Radiologists and their staff should review treatment protocols regularly (e.g. at 12 monthly intervals), so that each can accomplish their role efficiently. Knowledge, training, and preparation are crucial for guaranteeing appropriate and effective t",A.1.2.4. Review of treatment protocols Radiologists and their staff should review treatmen
V10EN-NUM-131,V10EN,12,11,11,,,not recommended before administration of low- or iso-osmolar non-ionic iodine-based contrast media or of gadolinium-based agents. A. GENERAL ADVERSE REACTIONS 11,A. GENERAL ADVERSE REACTIONS 11
V10EN-NUM-132,V10EN,13,12,1,h,after,"A.2. LATE ADVERSE REACTIONS Definition A late adverse reaction to intravascular iodine- based contrast medium is defined as a reaction which occurs 1 h to 1 week after contrast medium injection. Reactions Skin reactions similar in type to other drug induced eruptions occur. Maculopapular rashes, erythema, swel",A.2. LATE ADVERSE REACTIONS Definition A late adverse reaction to intravascular iodine
V10EN-NUM-133,V10EN,13,12,1,week,after,"A.2. LATE ADVERSE REACTIONS Definition A late adverse reaction to intravascular iodine- based contrast medium is defined as a reaction which occurs 1 h to 1 week after contrast medium injection. Reactions Skin reactions similar in type to other drug induced eruptions occur. Maculopapular rashes, erythema, swelling and p",A.2. LATE ADVERSE REACTIONS Definition A late adverse reaction to intravascular iodine
V10EN-NUM-134,V10EN,13,12,2,,,"lowing contrast medium, but many are not related to the contrast medium. Risk factors for • Previous late contrast medium reaction skin reactions • Interleukin-2 treatment • Use of non-ionic dimers Management Symptomatic and similar to the management of other drug-induced skin reactions e.g. antihistamines, topical ster",A.2. LATE ADVERSE REACTIONS Definition A late adverse reaction to intravascular iodine
V10EN-NUM-135,V10EN,13,12,2,,,"ions e.g. antihistamines, topical steroids and emollients. Recommendations Patients who have had a previous contrast medium reaction, or who are on interleukin-2 treatment should be advised that a late skin reaction is possible and that they should contact a doctor if they have a problem. Patch and delayed reading intra",A.2. LATE ADVERSE REACTIONS Definition A late adverse reaction to intravascular iodine
V10EN-NUM-136,V10EN,13,12,12,,,te: Late skin reactions of the type which occur after iodine-based contrast media have not been described after gadolinium-based and ultrasound contrast media. 12 A. GENERAL ADVERSE REACTIONS,d. Note: Late skin reactions of the type which occur after iodine-based contrast med
V10EN-NUM-137,V10EN,14,13,1,week,more than,A.3. VERY LATE ADVERSE REACTIONS Definition: an adverse reaction which usually occurs more than 1 week after contrast agent injection. Type of reaction Iodine-based contrast media • Thyrotoxicosis Gadolinium-based contrast agents • Nephrogenic systemic fibrosis,A.3. VERY LATE ADVERSE REACTIONS Definition: an adverse reaction which usually occurs
V10EN-NUM-138,V10EN,14,13,13,,,ter iodine-based contrast medium injection. • Intravenous cholangiographic contrast media should not be given to patients at risk. A. GENERAL ADVERSE REACTIONS 13,A. GENERAL ADVERSE REACTIONS 13
V10EN-NUM-139,V10EN,15,14,2011,,,agnosis of nephrogenic systemic fibrosis (NSF) should only be made if the Yale NSF Registry clinical and histopathological criteria are met (J Am Acad Dermatol 2011; 65: 1095- 1106). The association between nephrogenic systemic fibrosis (NSF) and gadolinium-based contrast agents was recognized in 2006. Clinical features On,A.3.2. Very late adverse reactions to gadolinium-based contrast agents: nephrogenic syst
V10EN-NUM-140,V10EN,15,14,65,,,s of nephrogenic systemic fibrosis (NSF) should only be made if the Yale NSF Registry clinical and histopathological criteria are met (J Am Acad Dermatol 2011; 65: 1095- 1106). The association between nephrogenic systemic fibrosis (NSF) and gadolinium-based contrast agents was recognized in 2006. Clinical features Onset,A.3.2. Very late adverse reactions to gadolinium-based contrast agents: nephrogenic syst
V10EN-NUM-141,V10EN,15,14,2006,,,"t (J Am Acad Dermatol 2011; 65: 1095- 1106). The association between nephrogenic systemic fibrosis (NSF) and gadolinium-based contrast agents was recognized in 2006. Clinical features Onset can be from the day of exposure for up to 2-3 months. Rarely, it can occur years after exposure. Early changes are pain, pruritus, and",gadolinium-based contrast agents was recognized in 2006. Clinical features Onset can be from
V10EN-NUM-142,V10EN,15,14,2-3,months,up to,"hrogenic systemic fibrosis (NSF) and gadolinium-based contrast agents was recognized in 2006. Clinical features Onset can be from the day of exposure for up to 2-3 months. Rarely, it can occur years after exposure. Early changes are pain, pruritus, and swelling and erythema of the skin, which usually start in the legs. Later cha",gadolinium-based contrast agents was recognized in 2006. Clinical features Onset can be from
V10EN-NUM-143,V10EN,15,14,15,ml/min/1.73 m2,<,"s may also occur. There may be death if involvement of internal organs is severe. RISK FACTORS Patient related • Reduced renal function, particularly if eGFR < 15 ml/min/1.73 m2. • Patients on dialysis. Contrast agent • Gadodiamide was responsible for most related reported NSF cases. • NSF also occurred after gadopentetate dimeglumine","e. RISK FACTORS Patient related • Reduced renal function, particularly if eGFR < 15"
V10EN-NUM-144,V10EN,15,14,3-18,%,after,"dopentetate dimeglumine and gadoversetamide. • Risk increases with increasing contrast agent dose, but NSF may occur after a single dose. Estimated incidence • 3-18 % after gadodiamide. in patients with • 0.1-1 % after gadopentetate dimeglumine. severe renal failure 14 A. GENERAL ADVERSE REACTIONS",e. Estimated incidence • 3-18 % after gadodiamide. in patients with • 0.1-1 % after
V10EN-NUM-145,V10EN,15,14,0.1-1,%,after,"• Risk increases with increasing contrast agent dose, but NSF may occur after a single dose. Estimated incidence • 3-18 % after gadodiamide. in patients with • 0.1-1 % after gadopentetate dimeglumine. severe renal failure 14 A. GENERAL ADVERSE REACTIONS",e. Estimated incidence • 3-18 % after gadodiamide. in patients with • 0.1-1 % after
V10EN-NUM-146,V10EN,15,14,14,,,may occur after a single dose. Estimated incidence • 3-18 % after gadodiamide. in patients with • 0.1-1 % after gadopentetate dimeglumine. severe renal failure 14 A. GENERAL ADVERSE REACTIONS,e. severe renal failure 14 A. GENERAL ADVERSE REACTIONS
V10EN-NUM-147,V10EN,16,15,2-3,%,,"agents Gadobenate dimeglumine (Multihance®) Ligand: Ionic linear chelate (BOPTA) Special feature: It is a combined extracellular and liver specific agent with 2-3% albumin binding. In man ~4% is excreted via the liver. Gadoxetate disodium (Primovist®, Eovist®) Ligand: Ionic linear chelate (EOB-DTPA) Recommendations • EMA",GADOLINIUM-BASED CONTRAST AGENTS: Risk classification (based on laboratory data) and recomme
V10EN-NUM-148,V10EN,16,15,4,%,,"(Multihance®) Ligand: Ionic linear chelate (BOPTA) Special feature: It is a combined extracellular and liver specific agent with 2-3% albumin binding. In man ~4% is excreted via the liver. Gadoxetate disodium (Primovist®, Eovist®) Ligand: Ionic linear chelate (EOB-DTPA) Recommendations • EMA states that intermediate ris",GADOLINIUM-BASED CONTRAST AGENTS: Risk classification (based on laboratory data) and recomme
V10EN-NUM-149,V10EN,16,15,15,,,"ermediate risk agents (Multihance®, Primovist®) are approved for hepato-biliary imaging only. • CMSC supports this recommendation. A. GENERAL ADVERSE REACTIONS 15",A. GENERAL ADVERSE REACTIONS 15
V10EN-NUM-150,V10EN,17,16,30,ml,<,ate (DOTA) Gadoteridol (Prohance®) Ligand: Non-ionic cyclic chelate (HP-DO3A) Recommendations • These agents should be used with CAUTION in patients with GFR < 30 ml/min. There should be at least 7 days between two injections. • Pregnant women: these agents can be used to give essential diagnostic information. • Lactating w,
V10EN-NUM-151,V10EN,17,16,7,days,<,igand: Non-ionic cyclic chelate (HP-DO3A) Recommendations • These agents should be used with CAUTION in patients with GFR < 30 ml/min. There should be at least 7 days between two injections. • Pregnant women: these agents can be used to give essential diagnostic information. • Lactating women: discarding the breast milk in t,
V10EN-NUM-152,V10EN,17,16,24,hours,after,"tween two injections. • Pregnant women: these agents can be used to give essential diagnostic information. • Lactating women: discarding the breast milk in the 24 hours after contrast medium is not considered necessary, but the patient can discuss with the doctor whether she wishes to do this. • Laboratory testing of renal fun",
V10EN-NUM-153,V10EN,17,16,16,,,se the smallest amount of contrast medium necessary for a diagnostic result. Always record the name and dose of the contrast agent used in the patient records. 16 A. GENERAL ADVERSE REACTIONS,
V10EN-NUM-154,V10EN,18,17,0.3,mg,>,"E REACTIONS (POST-CONTRAST ACUTE KIDNEY INJURY, PC-AKI) Definitions: Post-contrast acute kidney injury (PC_AKI) is defined as an increase in serum creatinine > 0.3 mg/dl (or > 26.5 µmol/l), or > 1.5 times baseline, within 48-72 hours of intravascular administration of a contrast agent. Intra-arterial injection with first pas","B. RENAL ADVERSE REACTIONS (POST-CONTRAST ACUTE KIDNEY INJURY, PC-AKI) Definitions:"
V10EN-NUM-155,V10EN,18,17,26.5,µmol/l,>,"T-CONTRAST ACUTE KIDNEY INJURY, PC-AKI) Definitions: Post-contrast acute kidney injury (PC_AKI) is defined as an increase in serum creatinine > 0.3 mg/dl (or > 26.5 µmol/l), or > 1.5 times baseline, within 48-72 hours of intravascular administration of a contrast agent. Intra-arterial injection with first pass renal exposure indi","B. RENAL ADVERSE REACTIONS (POST-CONTRAST ACUTE KIDNEY INJURY, PC-AKI) Definitions:"
V10EN-NUM-156,V10EN,18,17,48-72,hours,>,"tions: Post-contrast acute kidney injury (PC_AKI) is defined as an increase in serum creatinine > 0.3 mg/dl (or > 26.5 µmol/l), or > 1.5 times baseline, within 48-72 hours of intravascular administration of a contrast agent. Intra-arterial injection with first pass renal exposure indicates that contrast agent reaches the renal ar","B. RENAL ADVERSE REACTIONS (POST-CONTRAST ACUTE KIDNEY INJURY, PC-AKI) Definitions:"
V10EN-NUM-157,V10EN,18,17,18,years,≥,"ion rate (eGFR), calculated from the serum creatinine, is the recommended method to estimate renal function before contrast agent administration. • In adults ≥ 18 years the CKD-EPI formula is recommended to calculate eGFR. eGFR (ml/min/1.73 m2) = Female sCr ≤ 62 µmol/l: 144 x (sCr / 62)-0.329 x 0.993Age Female sCr > 62 µmol/l:","B.1. MEASUREMENT OF RENAL FUNCTION • Estimated glomerular filtration rate (eGFR), calc"
V10EN-NUM-158,V10EN,18,17,62,µmol/l,≤,unction before contrast agent administration. • In adults ≥ 18 years the CKD-EPI formula is recommended to calculate eGFR. eGFR (ml/min/1.73 m2) = Female sCr ≤ 62 µmol/l: 144 x (sCr / 62)-0.329 x 0.993Age Female sCr > 62 µmol/l: 144 x (sCr / 62)-1.209 x 0.993Age Male sCr ≤80 µmol/l: 141 x (sCr / 80)-0.411 x 0.993Age Male sCr >,"B.1. MEASUREMENT OF RENAL FUNCTION • Estimated glomerular filtration rate (eGFR), calc"
V10EN-NUM-159,V10EN,18,17,144,,≤,ore contrast agent administration. • In adults ≥ 18 years the CKD-EPI formula is recommended to calculate eGFR. eGFR (ml/min/1.73 m2) = Female sCr ≤ 62 µmol/l: 144 x (sCr / 62)-0.329 x 0.993Age Female sCr > 62 µmol/l: 144 x (sCr / 62)-1.209 x 0.993Age Male sCr ≤80 µmol/l: 141 x (sCr / 80)-0.411 x 0.993Age Male sCr > 80 µm,"B.1. MEASUREMENT OF RENAL FUNCTION • Estimated glomerular filtration rate (eGFR), calc"
V10EN-NUM-160,V10EN,18,17,62,µmol/l,>,≥ 18 years the CKD-EPI formula is recommended to calculate eGFR. eGFR (ml/min/1.73 m2) = Female sCr ≤ 62 µmol/l: 144 x (sCr / 62)-0.329 x 0.993Age Female sCr > 62 µmol/l: 144 x (sCr / 62)-1.209 x 0.993Age Male sCr ≤80 µmol/l: 141 x (sCr / 80)-0.411 x 0.993Age Male sCr > 80 µmol/l: 141 x (sCr / 80)-1.209 x 0.993Age (sCr in µmol/,"B.1. MEASUREMENT OF RENAL FUNCTION • Estimated glomerular filtration rate (eGFR), calc"
V10EN-NUM-161,V10EN,18,17,144,,>,the CKD-EPI formula is recommended to calculate eGFR. eGFR (ml/min/1.73 m2) = Female sCr ≤ 62 µmol/l: 144 x (sCr / 62)-0.329 x 0.993Age Female sCr > 62 µmol/l: 144 x (sCr / 62)-1.209 x 0.993Age Male sCr ≤80 µmol/l: 141 x (sCr / 80)-0.411 x 0.993Age Male sCr > 80 µmol/l: 141 x (sCr / 80)-1.209 x 0.993Age (sCr in µmol/l; ag,"B.1. MEASUREMENT OF RENAL FUNCTION • Estimated glomerular filtration rate (eGFR), calc"
V10EN-NUM-162,V10EN,18,17,80,µmol/l,≤,ate eGFR. eGFR (ml/min/1.73 m2) = Female sCr ≤ 62 µmol/l: 144 x (sCr / 62)-0.329 x 0.993Age Female sCr > 62 µmol/l: 144 x (sCr / 62)-1.209 x 0.993Age Male sCr ≤80 µmol/l: 141 x (sCr / 80)-0.411 x 0.993Age Male sCr > 80 µmol/l: 141 x (sCr / 80)-1.209 x 0.993Age (sCr in µmol/l; age in years) All equations x 1.159 if African Ameri,"B.1. MEASUREMENT OF RENAL FUNCTION • Estimated glomerular filtration rate (eGFR), calc"
V10EN-NUM-163,V10EN,18,17,141,,≤,GFR (ml/min/1.73 m2) = Female sCr ≤ 62 µmol/l: 144 x (sCr / 62)-0.329 x 0.993Age Female sCr > 62 µmol/l: 144 x (sCr / 62)-1.209 x 0.993Age Male sCr ≤80 µmol/l: 141 x (sCr / 80)-0.411 x 0.993Age Male sCr > 80 µmol/l: 141 x (sCr / 80)-1.209 x 0.993Age (sCr in µmol/l; age in years) All equations x 1.159 if African American r,"B.1. MEASUREMENT OF RENAL FUNCTION • Estimated glomerular filtration rate (eGFR), calc"
V10EN-NUM-164,V10EN,18,17,80,µmol/l,>,": 144 x (sCr / 62)-0.329 x 0.993Age Female sCr > 62 µmol/l: 144 x (sCr / 62)-1.209 x 0.993Age Male sCr ≤80 µmol/l: 141 x (sCr / 80)-0.411 x 0.993Age Male sCr > 80 µmol/l: 141 x (sCr / 80)-1.209 x 0.993Age (sCr in µmol/l; age in years) All equations x 1.159 if African American race. • In children, the revised Schwartz formula is","B.1. MEASUREMENT OF RENAL FUNCTION • Estimated glomerular filtration rate (eGFR), calc"
V10EN-NUM-165,V10EN,18,17,141,,>,"r / 62)-0.329 x 0.993Age Female sCr > 62 µmol/l: 144 x (sCr / 62)-1.209 x 0.993Age Male sCr ≤80 µmol/l: 141 x (sCr / 80)-0.411 x 0.993Age Male sCr > 80 µmol/l: 141 x (sCr / 80)-1.209 x 0.993Age (sCr in µmol/l; age in years) All equations x 1.159 if African American race. • In children, the revised Schwartz formula is reco","B.1. MEASUREMENT OF RENAL FUNCTION • Estimated glomerular filtration rate (eGFR), calc"
V10EN-NUM-166,V10EN,18,17,17,,,"reatinine is an ideal indicator of renal function and may miss decreased renal function. B. RENAL ADVERSE REACTIONS (POST-CONTRAST ACUTE KIDNEY INJURY, PC-AKI) 17","B. RENAL ADVERSE REACTIONS (POST-CONTRAST ACUTE KIDNEY INJURY, PC-AKI) 17"
V10EN-NUM-167,V10EN,19,18,45,ml/min/1.73 m2,less than,B.2. RENAL ADVERSE REACTIONS TO IODINE-BASED CONTRAST MEDIA RISK FACTORS FOR PC-AKI Patient related eGFR less than 45 ml/min/1.73 m2 before intra- arterial contrast medium administration with first pass renal exposure or in ICU patients. eGFR less than 30 ml/min/1.73 m2 before intravenous co,B.2. RENAL ADVERSE REACTIONS TO IODINE-BASED CONTRAST MEDIA RISK FACTORS FOR PC-AKI Pa
V10EN-NUM-168,V10EN,19,18,30,ml/min/1.73 m2,less than,elated eGFR less than 45 ml/min/1.73 m2 before intra- arterial contrast medium administration with first pass renal exposure or in ICU patients. eGFR less than 30 ml/min/1.73 m2 before intravenous contrast medium or intra-arterial contrast medium administration with second pass renal exposure. Known or suspected acute renal failure. Pr,B.2. RENAL ADVERSE REACTIONS TO IODINE-BASED CONTRAST MEDIA RISK FACTORS FOR PC-AKI Pa
V10EN-NUM-169,V10EN,19,18,48-72,hours,within,rge doses of contrast medium given intra- arterially with first pass renal exposure. High-osmolality contrast media. Multiple contrast medium injections within 48-72 hours. B.2.1. Time of Referral ELECTIVE EXAMINATION MEASUREMENT OF RENAL FUNCTION • Measure eGFR before administering intravascular iodine-based contrast medium Eith,e. High-osmolality contrast media. Multiple contrast medium injections within 48-72
V10EN-NUM-170,V10EN,19,18,60,ml/min/1.73 m2,<,GFR before administering intravascular iodine-based contrast medium Either (a) In all patients or (b) In patients who have a history of - Renal disease (eGFR < 60 ml/min/1.73 m2) - Kidney surgery - Proteinuria - Hypertension - Hyperuricemia - Diabetes mellitus • Timing of eGFR measurement - Within 7 days before contrast medium administ,B.2.1. Time of Referral ELECTIVE EXAMINATION MEASUREMENT OF RENAL FUNCTION • Measure eGF
V10EN-NUM-171,V10EN,19,18,7,days,Within,"enal disease (eGFR < 60 ml/min/1.73 m2) - Kidney surgery - Proteinuria - Hypertension - Hyperuricemia - Diabetes mellitus • Timing of eGFR measurement - Within 7 days before contrast medium administration in patients with an acute disease, an acute deterioration of a chronic disease or who are hospital inpatients. - Within 3",B.2.1. Time of Referral ELECTIVE EXAMINATION MEASUREMENT OF RENAL FUNCTION • Measure eGF
V10EN-NUM-172,V10EN,19,18,3,months,Within,"s before contrast medium administration in patients with an acute disease, an acute deterioration of a chronic disease or who are hospital inpatients. - Within 3 months before contrast medium administration in all other patients. 18 B. RENAL ADVERSE REACTIONS (POST-CONTRAST ACUTE KIDNEY INJURY, PC-AKI)",B.2.1. Time of Referral ELECTIVE EXAMINATION MEASUREMENT OF RENAL FUNCTION • Measure eGF
V10EN-NUM-173,V10EN,19,18,18,,,"ase, an acute deterioration of a chronic disease or who are hospital inpatients. - Within 3 months before contrast medium administration in all other patients. 18 B. RENAL ADVERSE REACTIONS (POST-CONTRAST ACUTE KIDNEY INJURY, PC-AKI)",B.2.1. Time of Referral ELECTIVE EXAMINATION MEASUREMENT OF RENAL FUNCTION • Measure eGF
V10EN-NUM-174,V10EN,20,19,45,ml/min/1.73 m2,less than,"can be deferred until the result is available without harm to the patient. • If eGFR cannot be obtained, follow the protocols for patients with eGFR less than 45 ml/min/1.73 m2 for intra-arterial administration with first pass renal exposure and eGFR less than 30 ml/min/1.73 m2 for intravenous administration and intra-arterial adminis",
V10EN-NUM-175,V10EN,20,19,30,ml/min/1.73 m2,less than,"ed, follow the protocols for patients with eGFR less than 45 ml/min/1.73 m2 for intra-arterial administration with first pass renal exposure and eGFR less than 30 ml/min/1.73 m2 for intravenous administration and intra-arterial administration with second pass renal exposure as closely as clinical circumstances permit. B.2.2. Before the",
V10EN-NUM-176,V10EN,20,19,1.4,%,,st medium and intra- arterial contrast medium administration with second pass renal exposure hydrate the patient either (a) with intravenous sodium bicarbonate 1.4 % (or 154 mmol/l in dextrose 5 % water): 3 ml/kg/h for 1 hour before contrast medium or (b) with intravenous saline 0.9 % 1 ml/kg/hr for 3-4 hours before and 4-6,B.2.2. Before the Examination ELECTIVE EXAMINATION At-risk patients • Consider an altern
V10EN-NUM-177,V10EN,20,19,154,mmol/l,,and intra- arterial contrast medium administration with second pass renal exposure hydrate the patient either (a) with intravenous sodium bicarbonate 1.4 % (or 154 mmol/l in dextrose 5 % water): 3 ml/kg/h for 1 hour before contrast medium or (b) with intravenous saline 0.9 % 1 ml/kg/hr for 3-4 hours before and 4-6 hours after co,B.2.2. Before the Examination ELECTIVE EXAMINATION At-risk patients • Consider an altern
V10EN-NUM-178,V10EN,20,19,5,%,before,trast medium administration with second pass renal exposure hydrate the patient either (a) with intravenous sodium bicarbonate 1.4 % (or 154 mmol/l in dextrose 5 % water): 3 ml/kg/h for 1 hour before contrast medium or (b) with intravenous saline 0.9 % 1 ml/kg/hr for 3-4 hours before and 4-6 hours after contrast medium. •,B.2.2. Before the Examination ELECTIVE EXAMINATION At-risk patients • Consider an altern
V10EN-NUM-179,V10EN,20,19,3,ml/kg/h,before,administration with second pass renal exposure hydrate the patient either (a) with intravenous sodium bicarbonate 1.4 % (or 154 mmol/l in dextrose 5 % water): 3 ml/kg/h for 1 hour before contrast medium or (b) with intravenous saline 0.9 % 1 ml/kg/hr for 3-4 hours before and 4-6 hours after contrast medium. • For intra-arteria,B.2.2. Before the Examination ELECTIVE EXAMINATION At-risk patients • Consider an altern
V10EN-NUM-180,V10EN,20,19,1,hour,before,n with second pass renal exposure hydrate the patient either (a) with intravenous sodium bicarbonate 1.4 % (or 154 mmol/l in dextrose 5 % water): 3 ml/kg/h for 1 hour before contrast medium or (b) with intravenous saline 0.9 % 1 ml/kg/hr for 3-4 hours before and 4-6 hours after contrast medium. • For intra-arterial contrast,B.2.2. Before the Examination ELECTIVE EXAMINATION At-risk patients • Consider an altern
V10EN-NUM-181,V10EN,20,19,0.9,%,before,(a) with intravenous sodium bicarbonate 1.4 % (or 154 mmol/l in dextrose 5 % water): 3 ml/kg/h for 1 hour before contrast medium or (b) with intravenous saline 0.9 % 1 ml/kg/hr for 3-4 hours before and 4-6 hours after contrast medium. • For intra-arterial contrast medium administration with first pass renal exposure hydrate,B.2.2. Before the Examination ELECTIVE EXAMINATION At-risk patients • Consider an altern
V10EN-NUM-182,V10EN,20,19,1,ml/kg/hr,before,th intravenous sodium bicarbonate 1.4 % (or 154 mmol/l in dextrose 5 % water): 3 ml/kg/h for 1 hour before contrast medium or (b) with intravenous saline 0.9 % 1 ml/kg/hr for 3-4 hours before and 4-6 hours after contrast medium. • For intra-arterial contrast medium administration with first pass renal exposure hydrate the patien,B.2.2. Before the Examination ELECTIVE EXAMINATION At-risk patients • Consider an altern
V10EN-NUM-183,V10EN,20,19,3-4,hours,before,sodium bicarbonate 1.4 % (or 154 mmol/l in dextrose 5 % water): 3 ml/kg/h for 1 hour before contrast medium or (b) with intravenous saline 0.9 % 1 ml/kg/hr for 3-4 hours before and 4-6 hours after contrast medium. • For intra-arterial contrast medium administration with first pass renal exposure hydrate the patient either with,B.2.2. Before the Examination ELECTIVE EXAMINATION At-risk patients • Consider an altern
V10EN-NUM-184,V10EN,20,19,4-6,hours,before,4 % (or 154 mmol/l in dextrose 5 % water): 3 ml/kg/h for 1 hour before contrast medium or (b) with intravenous saline 0.9 % 1 ml/kg/hr for 3-4 hours before and 4-6 hours after contrast medium. • For intra-arterial contrast medium administration with first pass renal exposure hydrate the patient either with (a) intravenous sodiu,B.2.2. Before the Examination ELECTIVE EXAMINATION At-risk patients • Consider an altern
V10EN-NUM-185,V10EN,20,19,1.4,%,,t medium. • For intra-arterial contrast medium administration with first pass renal exposure hydrate the patient either with (a) intravenous sodium bicarbonate 1.4 % (or 154 mmol/l in dextrose 5 % water): 3 ml/ kg/h for 1 hour before followed by 1 ml/kg/ hr for 4-6 hours after contrast medium or (b) with intravenous saline,B.2.2. Before the Examination ELECTIVE EXAMINATION At-risk patients • Consider an altern
V10EN-NUM-186,V10EN,20,19,154,mmol/l,,• For intra-arterial contrast medium administration with first pass renal exposure hydrate the patient either with (a) intravenous sodium bicarbonate 1.4 % (or 154 mmol/l in dextrose 5 % water): 3 ml/ kg/h for 1 hour before followed by 1 ml/kg/ hr for 4-6 hours after contrast medium or (b) with intravenous saline 0.9 % for 3-4 h,B.2.2. Before the Examination ELECTIVE EXAMINATION At-risk patients • Consider an altern
V10EN-NUM-187,V10EN,20,19,5,%,before,ntrast medium administration with first pass renal exposure hydrate the patient either with (a) intravenous sodium bicarbonate 1.4 % (or 154 mmol/l in dextrose 5 % water): 3 ml/ kg/h for 1 hour before followed by 1 ml/kg/ hr for 4-6 hours after contrast medium or (b) with intravenous saline 0.9 % for 3-4 hours before and,B.2.2. Before the Examination ELECTIVE EXAMINATION At-risk patients • Consider an altern
V10EN-NUM-188,V10EN,20,19,3,ml,before,m administration with first pass renal exposure hydrate the patient either with (a) intravenous sodium bicarbonate 1.4 % (or 154 mmol/l in dextrose 5 % water): 3 ml/ kg/h for 1 hour before followed by 1 ml/kg/ hr for 4-6 hours after contrast medium or (b) with intravenous saline 0.9 % for 3-4 hours before and 4-6 hours aft,B.2.2. Before the Examination ELECTIVE EXAMINATION At-risk patients • Consider an altern
V10EN-NUM-189,V10EN,20,19,1,hour,before,n with first pass renal exposure hydrate the patient either with (a) intravenous sodium bicarbonate 1.4 % (or 154 mmol/l in dextrose 5 % water): 3 ml/ kg/h for 1 hour before followed by 1 ml/kg/ hr for 4-6 hours after contrast medium or (b) with intravenous saline 0.9 % for 3-4 hours before and 4-6 hours after contrast mediu,B.2.2. Before the Examination ELECTIVE EXAMINATION At-risk patients • Consider an altern
V10EN-NUM-190,V10EN,20,19,1,ml/kg,before,posure hydrate the patient either with (a) intravenous sodium bicarbonate 1.4 % (or 154 mmol/l in dextrose 5 % water): 3 ml/ kg/h for 1 hour before followed by 1 ml/kg/ hr for 4-6 hours after contrast medium or (b) with intravenous saline 0.9 % for 3-4 hours before and 4-6 hours after contrast medium. • The clinician responsi,B.2.2. Before the Examination ELECTIVE EXAMINATION At-risk patients • Consider an altern
V10EN-NUM-191,V10EN,20,19,4-6,hours,before,he patient either with (a) intravenous sodium bicarbonate 1.4 % (or 154 mmol/l in dextrose 5 % water): 3 ml/ kg/h for 1 hour before followed by 1 ml/kg/ hr for 4-6 hours after contrast medium or (b) with intravenous saline 0.9 % for 3-4 hours before and 4-6 hours after contrast medium. • The clinician responsible for patient ca,B.2.2. Before the Examination ELECTIVE EXAMINATION At-risk patients • Consider an altern
V10EN-NUM-192,V10EN,20,19,0.9,%,before,(or 154 mmol/l in dextrose 5 % water): 3 ml/ kg/h for 1 hour before followed by 1 ml/kg/ hr for 4-6 hours after contrast medium or (b) with intravenous saline 0.9 % for 3-4 hours before and 4-6 hours after contrast medium. • The clinician responsible for patient care should individualize preventive hydration in patients wi,B.2.2. Before the Examination ELECTIVE EXAMINATION At-risk patients • Consider an altern
V10EN-NUM-193,V10EN,20,19,3-4,hours,before,mol/l in dextrose 5 % water): 3 ml/ kg/h for 1 hour before followed by 1 ml/kg/ hr for 4-6 hours after contrast medium or (b) with intravenous saline 0.9 % for 3-4 hours before and 4-6 hours after contrast medium. • The clinician responsible for patient care should individualize preventive hydration in patients with severe cong,B.2.2. Before the Examination ELECTIVE EXAMINATION At-risk patients • Consider an altern
V10EN-NUM-194,V10EN,20,19,4-6,hours,before,water): 3 ml/ kg/h for 1 hour before followed by 1 ml/kg/ hr for 4-6 hours after contrast medium or (b) with intravenous saline 0.9 % for 3-4 hours before and 4-6 hours after contrast medium. • The clinician responsible for patient care should individualize preventive hydration in patients with severe congestive heart failure,B.2.2. Before the Examination ELECTIVE EXAMINATION At-risk patients • Consider an altern
V10EN-NUM-195,V10EN,20,19,3-4,,,ast medium. • The clinician responsible for patient care should individualize preventive hydration in patients with severe congestive heart failure (NYHA grade 3-4) or patients with end-stage renal failure (eGFR < 15 ml/min/1.73 m2). • Oral hydration is not recommended as the sole method of preventive hydration. B. RENAL,B.2.2. Before the Examination ELECTIVE EXAMINATION At-risk patients • Consider an altern
V10EN-NUM-196,V10EN,20,19,15,ml/min/1.73 m2,<,"re should individualize preventive hydration in patients with severe congestive heart failure (NYHA grade 3-4) or patients with end-stage renal failure (eGFR < 15 ml/min/1.73 m2). • Oral hydration is not recommended as the sole method of preventive hydration. B. RENAL ADVERSE REACTIONS (POST-CONTRAST ACUTE KIDNEY INJURY, PC-AKI) 19",B.2.2. Before the Examination ELECTIVE EXAMINATION At-risk patients • Consider an altern
V10EN-NUM-197,V10EN,20,19,19,,,".73 m2). • Oral hydration is not recommended as the sole method of preventive hydration. B. RENAL ADVERSE REACTIONS (POST-CONTRAST ACUTE KIDNEY INJURY, PC-AKI) 19","B. RENAL ADVERSE REACTIONS (POST-CONTRAST ACUTE KIDNEY INJURY, PC-AKI) 19"
V10EN-NUM-198,V10EN,21,20,350,,After,"ose (in gram l) / absolute eGFR (in ml/min) < 1.1 or the ratio CM volume (in ml) / eGFR (in ml/ min/1.73 m2) < 3.0, when using contrast medium concentration of 350 mgl/ml. B.2.4. After the Examination At-risk patients • Continue preventive hydration if appropriate (see protocols above). • Determine eGFR 48 hours after con",B.2.3. Time of examination All patients • Use low- or iso-osmolar contrast media. • Use
V10EN-NUM-199,V10EN,21,20,48,hours,after,"ncentration of 350 mgl/ml. B.2.4. After the Examination At-risk patients • Continue preventive hydration if appropriate (see protocols above). • Determine eGFR 48 hours after contrast medium administration. • If at 48 hours there is a diagnosis of PC-AKI, monitor the patient clinically for at least 30 days and determine eGFR a",B.2.4. After the Examination At-risk patients • Continue preventive hydration if appropr
V10EN-NUM-200,V10EN,21,20,48,hours,,"At-risk patients • Continue preventive hydration if appropriate (see protocols above). • Determine eGFR 48 hours after contrast medium administration. • If at 48 hours there is a diagnosis of PC-AKI, monitor the patient clinically for at least 30 days and determine eGFR at regular intervals. Note: No pharmacological prophylax",B.2.4. After the Examination At-risk patients • Continue preventive hydration if appropr
V10EN-NUM-201,V10EN,21,20,30,days,at least,"). • Determine eGFR 48 hours after contrast medium administration. • If at 48 hours there is a diagnosis of PC-AKI, monitor the patient clinically for at least 30 days and determine eGFR at regular intervals. Note: No pharmacological prophylaxis (with statins, renal vasodilators, receptor antagonists of endogenous vasoactive",B.2.4. After the Examination At-risk patients • Continue preventive hydration if appropr
V10EN-NUM-202,V10EN,21,20,20,,,"al vasodilators, receptor antagonists of endogenous vasoactive mediators or cytoprotective drugs) has been shown to offer consistent protection against PC-AKI. 20 B. RENAL ADVERSE REACTIONS (POST-CONTRAST ACUTE KIDNEY INJURY, PC-AKI)",B.2.4. After the Examination At-risk patients • Continue preventive hydration if appropr
V10EN-NUM-203,V10EN,22,21,60,ml/min/1.73 m2,<,ed for radiographic examinations. • Gadolinium-based contrast agents should not be used for radiographic examinations in patients with renal impairment (eGFR < 60 ml/min/1.73 m2). • Gadolinium-based contrast agents are more nephrotoxic than iodine-based contrast media in equivalent X-ray attenuating doses B. RENAL ADVERSE REACTIONS (PO,Gadolinium-based contrast agents should not be used for radiographic examinations in patient
V10EN-NUM-204,V10EN,22,21,21,,,"more nephrotoxic than iodine-based contrast media in equivalent X-ray attenuating doses B. RENAL ADVERSE REACTIONS (POST-CONTRAST ACUTE KIDNEY INJURY, PC-AKI) 21","B. RENAL ADVERSE REACTIONS (POST-CONTRAST ACUTE KIDNEY INJURY, PC-AKI) 21"
V10EN-NUM-205,V10EN,23,22,30,ml/min/1.73 m2,>,"B.4. PATIENTS WITH DIABETES MELLITUS TAKING METFORMIN B.4.1. Iodine-based contrast media 1. Patients with eGFR > 30 ml/min/1.73 m2 and no evidence of AKI, receiving either intravenous contrast medium or intra- arterial contrast medium with second pass renal exposure: continue taking metfor",B.4. PATIENTS WITH DIABETES MELLITUS TAKING METFORMIN B.4.1. Iodine-based contrast med
V10EN-NUM-206,V10EN,23,22,30,ml/min/1.73 m2,<,"intravenous contrast medium or intra- arterial contrast medium with second pass renal exposure: continue taking metformin normally. 2. Patients (a) with eGFR < 30 ml/min/1.73 m2 receiving intravenous contrast medium, or intra-arterial contrast medium with second pass renal exposure. (b) Receiving intra-arterial contrast medium with fir",B.4. PATIENTS WITH DIABETES MELLITUS TAKING METFORMIN B.4.1. Iodine-based contrast med
V10EN-NUM-207,V10EN,23,22,48,hours,within,terial contrast medium with first pass renal exposure. (c) With AKI: Stop taking metformin from the time of contrast medium administration. Measure eGFR within 48 hours and restart metformin if renal function has not changed significantly. B.4.2. Gadolinium-based contrast media No special precautions are necessary when diabeti,B.4. PATIENTS WITH DIABETES MELLITUS TAKING METFORMIN B.4.1. Iodine-based contrast med
V10EN-NUM-208,V10EN,23,22,22,,,"st media No special precautions are necessary when diabetic patients on metformin are given gadolinium-based contrast agents as the risk of PC-AKI is very low. 22 B. RENAL ADVERSE REACTIONS (POST-CONTRAST ACUTE KIDNEY INJURY, PC-AKI)",gadolinium-based contrast agents as the risk of PC-AKI is very low. 22 B. RENAL ADVERSE REAC
V10EN-NUM-209,V10EN,24,23,23,,,"ntrast agent The need for hemodialysis should be discussed with the referring physician. B. RENAL ADVERSE REACTIONS (POST-CONTRAST ACUTE KIDNEY INJURY, PC-AKI) 23","B. RENAL ADVERSE REACTIONS (POST-CONTRAST ACUTE KIDNEY INJURY, PC-AKI) 23"
V10EN-NUM-210,V10EN,25,24,30,ml/min/1.73 m2,>,on the same day. To reduce any potential for nephrotoxicity the following are recommended: 1. Patients with normal renal function or moderately reduced (GFR > 30 ml/min/1.73 m2). 75 % of both gadolinium- and iodine-based contrast agents are excreted by 4 hours after administration. There should be 4 hours between injections of iodine-,gadolinium-based contrast agents for enhanced CT and MR on the same day. To reduce any poten
V10EN-NUM-211,V10EN,25,24,75,%,>,reduce any potential for nephrotoxicity the following are recommended: 1. Patients with normal renal function or moderately reduced (GFR > 30 ml/min/1.73 m2). 75 % of both gadolinium- and iodine-based contrast agents are excreted by 4 hours after administration. There should be 4 hours between injections of iodine- and ga,gadolinium-based contrast agents for enhanced CT and MR on the same day. To reduce any poten
V10EN-NUM-212,V10EN,25,24,4,hours,after,Patients with normal renal function or moderately reduced (GFR > 30 ml/min/1.73 m2). 75 % of both gadolinium- and iodine-based contrast agents are excreted by 4 hours after administration. There should be 4 hours between injections of iodine- and gadolinium-based contrast agents. 2. Patients with severely reduced renal funct,gadolinium-based contrast agents for enhanced CT and MR on the same day. To reduce any poten
V10EN-NUM-213,V10EN,25,24,4,hours,after,tely reduced (GFR > 30 ml/min/1.73 m2). 75 % of both gadolinium- and iodine-based contrast agents are excreted by 4 hours after administration. There should be 4 hours between injections of iodine- and gadolinium-based contrast agents. 2. Patients with severely reduced renal function (GFR < 30 ml/min/1.73 m2 or on dialysis).,gadolinium-based contrast agents for enhanced CT and MR on the same day. To reduce any poten
V10EN-NUM-214,V10EN,25,24,30,ml/min/1.73 m2,<,nistration. There should be 4 hours between injections of iodine- and gadolinium-based contrast agents. 2. Patients with severely reduced renal function (GFR < 30 ml/min/1.73 m2 or on dialysis). There should be 7 days between injections of iodine- and gadolinium-based contrast agents. Note: Gadolinium-based contrast agents attenuate X-,gadolinium-based contrast agents. 2. Patients with severely reduced renal function (GFR < 30
V10EN-NUM-215,V10EN,25,24,7,days,,ons of iodine- and gadolinium-based contrast agents. 2. Patients with severely reduced renal function (GFR < 30 ml/min/1.73 m2 or on dialysis). There should be 7 days between injections of iodine- and gadolinium-based contrast agents. Note: Gadolinium-based contrast agents attenuate X-rays well and may be misinterpreted on C,gadolinium-based contrast agents. 2. Patients with severely reduced renal function (GFR < 30
V10EN-NUM-216,V10EN,25,24,24,,,"urinary tract. For abdominal examinations, enhanced CT should be done before enhanced MR. For chest and brain examinations, either CT or MR may be done first. 24 B. RENAL ADVERSE REACTIONS (POST-CONTRAST ACUTE KIDNEY INJURY, PC-AKI)",gadolinium-based contrast agents. Note: Gadolinium-based contrast agents attenuate X-rays we
V10EN-NUM-217,V10EN,26,25,30,ml/min/1.73 m2,>,OULD THERE BE BETWEEN TWO IODINE-BASED CONTRAST MEDIUM INJECTIONS FOR ROUTINE EXAMINATIONS? 1. Patients with normal or moderately reduced renal function (GFR > 30 ml/min/1.73 m2). 75 % of iodine-based contrast medium is excreted by 4 hours after administration. There should be 4 hours between injections of iodine-based contrast medium.,B.7. HOW LONG SHOULD THERE BE BETWEEN TWO IODINE-BASED CONTRAST MEDIUM INJECTIONS FOR
V10EN-NUM-218,V10EN,26,25,75,%,>,N TWO IODINE-BASED CONTRAST MEDIUM INJECTIONS FOR ROUTINE EXAMINATIONS? 1. Patients with normal or moderately reduced renal function (GFR > 30 ml/min/1.73 m2). 75 % of iodine-based contrast medium is excreted by 4 hours after administration. There should be 4 hours between injections of iodine-based contrast medium. 2. Pat,B.7. HOW LONG SHOULD THERE BE BETWEEN TWO IODINE-BASED CONTRAST MEDIUM INJECTIONS FOR
V10EN-NUM-219,V10EN,26,25,4,hours,after,UTINE EXAMINATIONS? 1. Patients with normal or moderately reduced renal function (GFR > 30 ml/min/1.73 m2). 75 % of iodine-based contrast medium is excreted by 4 hours after administration. There should be 4 hours between injections of iodine-based contrast medium. 2. Patients with severely reduced renal function (GFR < 30 ml,B.7. HOW LONG SHOULD THERE BE BETWEEN TWO IODINE-BASED CONTRAST MEDIUM INJECTIONS FOR
V10EN-NUM-220,V10EN,26,25,4,hours,after,moderately reduced renal function (GFR > 30 ml/min/1.73 m2). 75 % of iodine-based contrast medium is excreted by 4 hours after administration. There should be 4 hours between injections of iodine-based contrast medium. 2. Patients with severely reduced renal function (GFR < 30 ml/min/1.73 m2). There should be 48 hours betwee,B.7. HOW LONG SHOULD THERE BE BETWEEN TWO IODINE-BASED CONTRAST MEDIUM INJECTIONS FOR
V10EN-NUM-221,V10EN,26,25,30,ml/min/1.73 m2,<,hours after administration. There should be 4 hours between injections of iodine-based contrast medium. 2. Patients with severely reduced renal function (GFR < 30 ml/min/1.73 m2). There should be 48 hours between injections of iodine-based contrast medium. 3. Patients on dialysis. If there is remnant renal function there should be at l,B.7. HOW LONG SHOULD THERE BE BETWEEN TWO IODINE-BASED CONTRAST MEDIUM INJECTIONS FOR
V10EN-NUM-222,V10EN,26,25,48,hours,<,ould be 4 hours between injections of iodine-based contrast medium. 2. Patients with severely reduced renal function (GFR < 30 ml/min/1.73 m2). There should be 48 hours between injections of iodine-based contrast medium. 3. Patients on dialysis. If there is remnant renal function there should be at least 48 hours between injec,B.7. HOW LONG SHOULD THERE BE BETWEEN TWO IODINE-BASED CONTRAST MEDIUM INJECTIONS FOR
V10EN-NUM-223,V10EN,26,25,48,hours,at least,ere should be 48 hours between injections of iodine-based contrast medium. 3. Patients on dialysis. If there is remnant renal function there should be at least 48 hours between injections of iodine-based contrast medium. B.8. HOW LONG SHOULD THERE BE BETWEEN TWO GADOLINIUM-BASED CONTRAST AGENT INJECTIONS FOR ROUTINE EXAMINATIO,B.7. HOW LONG SHOULD THERE BE BETWEEN TWO IODINE-BASED CONTRAST MEDIUM INJECTIONS FOR
V10EN-NUM-224,V10EN,26,25,30,ml/min/1.73 m2,>,D THERE BE BETWEEN TWO GADOLINIUM-BASED CONTRAST AGENT INJECTIONS FOR ROUTINE EXAMINATIONS? 1. Patients with normal or moderately reduced renal function (GFR > 30 ml/min/1.73 m2). 75 % of extracellular gadolinium-based contrast agents are excreted by 4 hours after administration. There should be 4 hours between injections of gadolinium,B.8. HOW LONG SHOULD THERE BE BETWEEN TWO GADOLINIUM-BASED CONTRAST AGENT INJECTIONS F
V10EN-NUM-225,V10EN,26,25,75,%,>,WO GADOLINIUM-BASED CONTRAST AGENT INJECTIONS FOR ROUTINE EXAMINATIONS? 1. Patients with normal or moderately reduced renal function (GFR > 30 ml/min/1.73 m2). 75 % of extracellular gadolinium-based contrast agents are excreted by 4 hours after administration. There should be 4 hours between injections of gadolinium- based,B.8. HOW LONG SHOULD THERE BE BETWEEN TWO GADOLINIUM-BASED CONTRAST AGENT INJECTIONS F
V10EN-NUM-226,V10EN,26,25,4,hours,after,1. Patients with normal or moderately reduced renal function (GFR > 30 ml/min/1.73 m2). 75 % of extracellular gadolinium-based contrast agents are excreted by 4 hours after administration. There should be 4 hours between injections of gadolinium- based contrast agent. 2. Patients with severely reduced renal function (GFR < 3,gadolinium-based contrast agents are excreted by 4 hours after administration. There should
V10EN-NUM-227,V10EN,26,25,4,hours,after,renal function (GFR > 30 ml/min/1.73 m2). 75 % of extracellular gadolinium-based contrast agents are excreted by 4 hours after administration. There should be 4 hours between injections of gadolinium- based contrast agent. 2. Patients with severely reduced renal function (GFR < 30 ml/min/1.73 m2) or on dialysis. There should,gadolinium-based contrast agents are excreted by 4 hours after administration. There should
V10EN-NUM-228,V10EN,26,25,30,ml/min/1.73 m2,<,"s after administration. There should be 4 hours between injections of gadolinium- based contrast agent. 2. Patients with severely reduced renal function (GFR < 30 ml/min/1.73 m2) or on dialysis. There should be 7 days between injections of gadolinium- based contrast agent B. RENAL ADVERSE REACTIONS (POST-CONTRAST ACUTE KIDNEY INJURY, P",gadolinium-based contrast agents are excreted by 4 hours after administration. There should
V10EN-NUM-229,V10EN,26,25,7,days,,"ween injections of gadolinium- based contrast agent. 2. Patients with severely reduced renal function (GFR < 30 ml/min/1.73 m2) or on dialysis. There should be 7 days between injections of gadolinium- based contrast agent B. RENAL ADVERSE REACTIONS (POST-CONTRAST ACUTE KIDNEY INJURY, PC-AKI) 25",gadolinium-based contrast agents are excreted by 4 hours after administration. There should
V10EN-NUM-230,V10EN,26,25,25,,,"dialysis. There should be 7 days between injections of gadolinium- based contrast agent B. RENAL ADVERSE REACTIONS (POST-CONTRAST ACUTE KIDNEY INJURY, PC-AKI) 25","B. RENAL ADVERSE REACTIONS (POST-CONTRAST ACUTE KIDNEY INJURY, PC-AKI) 25"
V10EN-NUM-231,V10EN,28,27,27,,,cations. • Low- or iso-osmolar contrast media should be used for diagnostic and interventional angiographic procedures including phlebography. C. MISCELLANEOUS 27,C. MISCELLANEOUS 27
V10EN-NUM-232,V10EN,29,28,28,,,ervision of the referring physician is recommended. Type of contrast agent which should be used • Iodine-based: non-ionic agent. • Gadolinium-based: any agent. 28 C. MISCELLANEOUS,d. Type of contrast agent which should be used • Iodine-based: non-ionic agent. • Ga
V10EN-NUM-233,V10EN,30,29,29,,,er with renal reactions (B.2.). No gadolinium-based impairment additional precautions contrast agents. are necessary for the fetus or neonate. C. MISCELLANEOUS 29,e. C. MISCELLANEOUS 29
V10EN-NUM-234,V10EN,31,30,2,,,Aminoglycosides Non steroid anti- inflammatory drugs ß-blocker ß-blockers may impair the management of bronchospasm and the response to adrenaline. Interleukin-2 Refer to late adverse reactions section (A.2.). Non-emergency biochemical assays Recommendation • Preferably collect urine and blood before administration of a,e. Interleukin-2 Refer to late adverse reactions section (A.2.). Non-emergency bioch
V10EN-NUM-235,V10EN,31,30,4,hours,after,"Recommendation • Preferably collect urine and blood before administration of a contrast agent. • In patients with normal renal function, blood can be collected 4 hours after contrast agent administration if necessary. • In patients with reduced renal function (eGFR < 45 ml/min/1.73 m2), blood collection should be delayed for",e. Interleukin-2 Refer to late adverse reactions section (A.2.). Non-emergency bioch
V10EN-NUM-236,V10EN,31,30,45,ml/min/1.73 m2,<,"with normal renal function, blood can be collected 4 hours after contrast agent administration if necessary. • In patients with reduced renal function (eGFR < 45 ml/min/1.73 m2), blood collection should be delayed for as long as possible after contrast agent administration. • Urine collection should not be done within 24 hours of admi",e. Interleukin-2 Refer to late adverse reactions section (A.2.). Non-emergency bioch
V10EN-NUM-237,V10EN,31,30,24,hours,within,"5 ml/min/1.73 m2), blood collection should be delayed for as long as possible after contrast agent administration. • Urine collection should not be done within 24 hours of administration of a contrast agent. • The effects of the contrast agents on the analyses may differ dependent on which analytic method is used. Isotope stud",e. Interleukin-2 Refer to late adverse reactions section (A.2.). Non-emergency bioch
V10EN-NUM-238,V10EN,31,30,2,months,at least,"Isotope studies and/or treatment Thyroid Patients undergoing therapy with radioactive iodine should not have received iodine-based contrast medium for at least 2 months before treatment. Isotope imaging of the thyroid should be avoided for 2 months after iodine-based contrast medium injection. Bone, red blood Avoid iodine-base",d. Isotope studies and/or treatment Thyroid Patients undergoing therapy with radioac
V10EN-NUM-239,V10EN,31,30,2,months,after,"ctive iodine should not have received iodine-based contrast medium for at least 2 months before treatment. Isotope imaging of the thyroid should be avoided for 2 months after iodine-based contrast medium injection. Bone, red blood Avoid iodine-based contrast medium injection for cell labelling at least 24 hours before the isot",d. Isotope studies and/or treatment Thyroid Patients undergoing therapy with radioac
V10EN-NUM-240,V10EN,31,30,24,hours,at least,"be avoided for 2 months after iodine-based contrast medium injection. Bone, red blood Avoid iodine-based contrast medium injection for cell labelling at least 24 hours before the isotope study. 30 C. MISCELLANEOUS",d. Isotope studies and/or treatment Thyroid Patients undergoing therapy with radioac
V10EN-NUM-241,V10EN,31,30,30,,before,"ne-based contrast medium injection. Bone, red blood Avoid iodine-based contrast medium injection for cell labelling at least 24 hours before the isotope study. 30 C. MISCELLANEOUS",d. Isotope studies and/or treatment Thyroid Patients undergoing therapy with radioac
V10EN-NUM-242,V10EN,32,31,2014,,,"the deep brain nuclei on unenhanced T1-weighed MR-images. • The association between these appearances and gadolinium- based contrast agents was first noted in 2014. C.7.1.2. Characteristics • The signal intensity changes are not specific and may occur after manganese, iron, calcium etc. • MR is less sensitive for detectin",C.7. GADOLINIUM ISSUES C.7.1. Gadolinium retention in the brain C.7.1.1. Detection • S
V10EN-NUM-243,V10EN,32,31,31,,after,"tive dose of the gadolinium- based agent, the more widespread are the areas of increased signal intensity. • Only occurs after multiple doses. C. MISCELLANEOUS 31",C. MISCELLANEOUS 31
V10EN-NUM-244,V10EN,34,33,24,hours,before,"agent related events in critically ill patients and patients with acute coronary disease is limited. Contraindication • Avoid ultrasound contrast agents in the 24 hours before extracorporeal shock wave treatment. Type and severity of • The majority of reactions are minor (e.g. reactions headache, nausea, sensation of heat, alt",d. Contraindication • Avoid ultrasound contrast agents in the 24 hours before extrac
V10EN-NUM-245,V10EN,36,35,35,,,"risks and benefits of off-label contrast agent use, and must obtain the patient’s informed consent to off-label contrast agent administration. C. MISCELLANEOUS 35",C. MISCELLANEOUS 35
V10EN-NUM-246,V10EN,37,36,36,,,"ministration (e.g. IV, IA, intra-articular, oral, local......): Time between the injection and the start of the clinical symptoms: Type of symptoms (describe): 36 D. Questionnaires/letters",D. QUESTIONNAIRES/LETTERS D.1. AN EXAMPLE OF A SUITABLE LETTER FOR THE PATIENT TO TA
V10EN-NUM-247,V10EN,38,37,1,,,Grade of the reaction according to the Ring and Messmer classification: Grade 1 Grade 2 Grade 3 Grade 4 Grade Dermal Abdominal Respiratory Cardiovascular 1 Pruritus Flushing Urticaria Angioedema 2 Pruritus Nausea Rhinorrhea Tachycardia Flu,
V10EN-NUM-248,V10EN,38,37,2,,,Grade of the reaction according to the Ring and Messmer classification: Grade 1 Grade 2 Grade 3 Grade 4 Grade Dermal Abdominal Respiratory Cardiovascular 1 Pruritus Flushing Urticaria Angioedema 2 Pruritus Nausea Rhinorrhea Tachycardia Flushing Cr,
V10EN-NUM-249,V10EN,38,37,3,,,Grade of the reaction according to the Ring and Messmer classification: Grade 1 Grade 2 Grade 3 Grade 4 Grade Dermal Abdominal Respiratory Cardiovascular 1 Pruritus Flushing Urticaria Angioedema 2 Pruritus Nausea Rhinorrhea Tachycardia Flushing Cramping H,
V10EN-NUM-250,V10EN,38,37,4,,,Grade of the reaction according to the Ring and Messmer classification: Grade 1 Grade 2 Grade 3 Grade 4 Grade Dermal Abdominal Respiratory Cardiovascular 1 Pruritus Flushing Urticaria Angioedema 2 Pruritus Nausea Rhinorrhea Tachycardia Flushing Cramping Hoarsenes,
V10EN-NUM-251,V10EN,38,37,2,,,the Ring and Messmer classification: Grade 1 Grade 2 Grade 3 Grade 4 Grade Dermal Abdominal Respiratory Cardiovascular 1 Pruritus Flushing Urticaria Angioedema 2 Pruritus Nausea Rhinorrhea Tachycardia Flushing Cramping Hoarseness (> 20 bpm) Urticaria Dyspnea Blood pressure Angioedema change (> 20 mm Hg systolic) Arrhyth,
V10EN-NUM-252,V10EN,38,37,2,HRS,,"se specify) Outcome (e.g. follow up, ICU, return home ......): • Histamine and/or Tryptase blood tests: Blood test performed at the time of the reaction YES/NO 2 HRS LATER YES/NO Results: Histamine: Tryptase: PREVIOUS HISTORY OF CONTRAST AGENT REACTION • Yes/No • If yes, please specify type of contrast agent and symptoms Th",
V10EN-NUM-253,V10EN,38,37,37,,,"k for cross-reactivity so that a safer contrast agent can be recommended for future injections. Your sincerely, Dr (Name and details) D. Questionnaires/letters 37",D. Questionnaires/letters 37
V10EN-NUM-254,V10EN,39,38,2,,,................ • Date .............................................. 13. Is the patient currently taking any of the following drugs • Metformin • Interleukin 2 • NSAIDs • Aminoglycosides • ß-blockers Completed by _______________________ Date _____________________ 38 D. Questionnaires/letters,D.2. QUESTIONNAIRE FOR IODINE-BASED CONTRAST MEDIA ADMINISTRATION TO BE COMPLETED BY T
V10EN-NUM-255,V10EN,39,38,38,,,any of the following drugs • Metformin • Interleukin 2 • NSAIDs • Aminoglycosides • ß-blockers Completed by _______________________ Date _____________________ 38 D. Questionnaires/letters,D.2. QUESTIONNAIRE FOR IODINE-BASED CONTRAST MEDIA ADMINISTRATION TO BE COMPLETED BY T
V10EN-NUM-256,V10EN,40,39,30,ml/min/1.73m2,<,to a gadolinium-based contrast medium 2. History of atopy requiring treatment 3. History of unstable asthma 4. Has the patient end-stage renal failure (eGFR < 30 ml/min/1.73m2) or is the patient on dialysis 5. Has the patient reduced renal function* (eGFR between 30 and 60 ml/min/1.73 m2) * Only if high-risk agents are used Completed,D.3. QUESTIONNAIRE FOR GADOLINIUM-BASED CONTRAST AGENT ADMINISTRATION TO BE COMPLETED
V10EN-NUM-257,V10EN,40,39,30,,,hma 4. Has the patient end-stage renal failure (eGFR < 30 ml/min/1.73m2) or is the patient on dialysis 5. Has the patient reduced renal function* (eGFR between 30 and 60 ml/min/1.73 m2) * Only if high-risk agents are used Completed by _______________________ Date _____________________ D. Questionnaires/letters 39,D.3. QUESTIONNAIRE FOR GADOLINIUM-BASED CONTRAST AGENT ADMINISTRATION TO BE COMPLETED
V10EN-NUM-258,V10EN,40,39,60,ml/min/1.73 m2,,Has the patient end-stage renal failure (eGFR < 30 ml/min/1.73m2) or is the patient on dialysis 5. Has the patient reduced renal function* (eGFR between 30 and 60 ml/min/1.73 m2) * Only if high-risk agents are used Completed by _______________________ Date _____________________ D. Questionnaires/letters 39,D.3. QUESTIONNAIRE FOR GADOLINIUM-BASED CONTRAST AGENT ADMINISTRATION TO BE COMPLETED
V10EN-NUM-259,V10EN,40,39,39,,,between 30 and 60 ml/min/1.73 m2) * Only if high-risk agents are used Completed by _______________________ Date _____________________ D. Questionnaires/letters 39,D. Questionnaires/letters 39
V10EN-NUM-260,V10EN,44,43,2018,,,Appendix 2. Contrast Media Safety Committee - Spring 2018 Henrik S. Thomsen (DK) Chairman Fulvio Stacul (IT) Secretary Marie-France Bellin (FR) Michele Bertolotto (IT) Georg Bongartz (CH) Torkel Brismar (SE) Olivier C,
V10DE-NUM-001,V10DE,3,,1994,,Nach,"UR) freut sich, die Version Terminologie: Kontrastmittel und Röntgenkontrastmittel 10.0 der Kontrastmittel-Leitlinie vorstellen zu können. Nach der Erstausgabe 1994 erfolgte im Durchschnitt alle 2-3 Jahre Abschnitt A: Allgemeine unerwünschte Wirkungen eine Aktualisierung. Im Verlauf der Jahre wurden mehr als Enthält folgen",Terminologie: Kontrastmittel und Röntgenkontrastmittel 10.0 der Kontrast
V10DE-NUM-002,V10DE,3,,2-3,,,logie: Kontrastmittel und Röntgenkontrastmittel 10.0 der Kontrastmittel-Leitlinie vorstellen zu können. Nach der Erstausgabe 1994 erfolgte im Durchschnitt alle 2-3 Jahre Abschnitt A: Allgemeine unerwünschte Wirkungen eine Aktualisierung. Im Verlauf der Jahre wurden mehr als Enthält folgende Themen: 200.000 Exemplare der L,Terminologie: Kontrastmittel und Röntgenkontrastmittel 10.0 der Kontrast
V10DE-NUM-003,V10DE,7,12;13,1,,,motoxisch Von Patientenseite In der Anamnese aufgetretene: Reaktion Hypersensitivität Klassifikation) • Moderate oder schwere akute Mild Leichte Urtikaria Grad 1 Übelkeit/geringes unerwünschte Wirkungen (siehe Leichter Juckreiz Grad 1 Erbrechen Einteilung oben) auf iod- oder Erythem Grad 1 Wärme-/Kältegefühl gadoliniumh,A.1.1. Akute unerwünschte Wirkungen iod- und Akute unerwünschte Wirkungen sind entweder
V10DE-NUM-004,V10DE,7,12;13,1,,,sensitivität Klassifikation) • Moderate oder schwere akute Mild Leichte Urtikaria Grad 1 Übelkeit/geringes unerwünschte Wirkungen (siehe Leichter Juckreiz Grad 1 Erbrechen Einteilung oben) auf iod- oder Erythem Grad 1 Wärme-/Kältegefühl gadoliniumhaltige Kontrastmittel. Angstgefühl • Behandlungsbedürftiges Asthma. Selbs,A.1.1. Akute unerwünschte Wirkungen iod- und Akute unerwünschte Wirkungen sind entweder
V10DE-NUM-005,V10DE,7,12;13,1,,,te Mild Leichte Urtikaria Grad 1 Übelkeit/geringes unerwünschte Wirkungen (siehe Leichter Juckreiz Grad 1 Erbrechen Einteilung oben) auf iod- oder Erythem Grad 1 Wärme-/Kältegefühl gadoliniumhaltige Kontrastmittel. Angstgefühl • Behandlungsbedürftiges Asthma. Selbstlimitierende • Behandlungsbedürftige Allergien. vasovag,A.1.1. Akute unerwünschte Wirkungen iod- und Akute unerwünschte Wirkungen sind entweder
V10DE-NUM-006,V10DE,7,12;13,1,,,tmittel. Angstgefühl • Behandlungsbedürftiges Asthma. Selbstlimitierende • Behandlungsbedürftige Allergien. vasovagale Reaktion Moderat Deutlich sichtbare Grad 1 Vasovagale Urtikaria Reaktion Leichter Grad 2 Bronchospasmus Gesichts-/ Grad 2 Larynxödem Schwer Hypotensiver Grad 3 Arrhythmien Schock Zerebraler Atemstillsta,a. Selbstlimitierende • Behandlungsbedürftige Allergien. vasovagale Reaktion Moderat
V10DE-NUM-007,V10DE,7,12;13,2,,,Asthma. Selbstlimitierende • Behandlungsbedürftige Allergien. vasovagale Reaktion Moderat Deutlich sichtbare Grad 1 Vasovagale Urtikaria Reaktion Leichter Grad 2 Bronchospasmus Gesichts-/ Grad 2 Larynxödem Schwer Hypotensiver Grad 3 Arrhythmien Schock Zerebraler Atemstillstand Grad 4 Krampfanfall Herzstillstand Grad 4 1,a. Selbstlimitierende • Behandlungsbedürftige Allergien. vasovagale Reaktion Moderat
V10DE-NUM-008,V10DE,7,12;13,2,,,ndlungsbedürftige Allergien. vasovagale Reaktion Moderat Deutlich sichtbare Grad 1 Vasovagale Urtikaria Reaktion Leichter Grad 2 Bronchospasmus Gesichts-/ Grad 2 Larynxödem Schwer Hypotensiver Grad 3 Arrhythmien Schock Zerebraler Atemstillstand Grad 4 Krampfanfall Herzstillstand Grad 4 12 ﻿Allgemeine unerwünschte Wirkun,a. Selbstlimitierende • Behandlungsbedürftige Allergien. vasovagale Reaktion Moderat
V10DE-NUM-009,V10DE,7,12;13,3,,,e Reaktion Moderat Deutlich sichtbare Grad 1 Vasovagale Urtikaria Reaktion Leichter Grad 2 Bronchospasmus Gesichts-/ Grad 2 Larynxödem Schwer Hypotensiver Grad 3 Arrhythmien Schock Zerebraler Atemstillstand Grad 4 Krampfanfall Herzstillstand Grad 4 12 ﻿Allgemeine unerwünschte Wirkungen ﻿Allgemeine unerwünschte Wirkungen,a. Selbstlimitierende • Behandlungsbedürftige Allergien. vasovagale Reaktion Moderat
V10DE-NUM-010,V10DE,7,12;13,4,,,ale Urtikaria Reaktion Leichter Grad 2 Bronchospasmus Gesichts-/ Grad 2 Larynxödem Schwer Hypotensiver Grad 3 Arrhythmien Schock Zerebraler Atemstillstand Grad 4 Krampfanfall Herzstillstand Grad 4 12 ﻿Allgemeine unerwünschte Wirkungen ﻿Allgemeine unerwünschte Wirkungen 13,a. Selbstlimitierende • Behandlungsbedürftige Allergien. vasovagale Reaktion Moderat
V10DE-NUM-011,V10DE,7,12;13,4,,,d 2 Bronchospasmus Gesichts-/ Grad 2 Larynxödem Schwer Hypotensiver Grad 3 Arrhythmien Schock Zerebraler Atemstillstand Grad 4 Krampfanfall Herzstillstand Grad 4 12 ﻿Allgemeine unerwünschte Wirkungen ﻿Allgemeine unerwünschte Wirkungen 13,a. Selbstlimitierende • Behandlungsbedürftige Allergien. vasovagale Reaktion Moderat
V10DE-NUM-012,V10DE,7,12;13,12,,,2 Bronchospasmus Gesichts-/ Grad 2 Larynxödem Schwer Hypotensiver Grad 3 Arrhythmien Schock Zerebraler Atemstillstand Grad 4 Krampfanfall Herzstillstand Grad 4 12 ﻿Allgemeine unerwünschte Wirkungen ﻿Allgemeine unerwünschte Wirkungen 13,a. Selbstlimitierende • Behandlungsbedürftige Allergien. vasovagale Reaktion Moderat
V10DE-NUM-013,V10DE,7,12;13,13,,,Arrhythmien Schock Zerebraler Atemstillstand Grad 4 Krampfanfall Herzstillstand Grad 4 12 ﻿Allgemeine unerwünschte Wirkungen ﻿Allgemeine unerwünschte Wirkungen 13,a. Selbstlimitierende • Behandlungsbedürftige Allergien. vasovagale Reaktion Moderat
V10DE-NUM-014,V10DE,8,14;15,1,,,"srisiko hängt nicht von der Osmolalität des Kontrastmittels ab: Die verwendeten Dosierungen sind so Sauerstoff niedrig, dass die osmolare Ladung sehr Adrenalin 1:1.000 gering ist. H1-Antihistaminikum zur Injektion • Es gibt keine unterschiedliche Inzidenz Atropin akuter unerwünschter Wirkungen in ß2-Agonist Dosier-Inhal",A.1.2.1. Seien Sie bei jedem Patienten auf eine akute akuter unerwünschter Wirkungen in
V10DE-NUM-015,V10DE,8,14;15,30,min,nach,"Prämedikation ist nicht nötig, da Histamin griffbereit halten. die klinische Evidenz für die Wirksamkeit • Patienten sollten nach einer Kontrastmittelgabe für 30 min einer Prämedikation limitiert ist. medizinisch qualifiziert überwacht werden. So lässt sich das Risiko akuter unerwünschter Wirkungen iod- und gadoliniumhaltig",d. • Die Telefonnummern des krankenhauseigenen Reanimationsteams • Einsatz eines and
V10DE-NUM-016,V10DE,8,14;15,30,Minute,nach,"rwünschter Wirkungen für alle Kontrastmittel • Überwachung des Patienten in der Tritt eine akute unerwünschte Wirkung auf, sollte nach folgenden Radiologie für 30 Minuten nach Zeichen geschaut werden: Kontrastmittelgabe. 14 ﻿Allgemeine unerwünschte Wirkungen ﻿Allgemeine unerwünschte Wirkungen 15",A.1.2.2. Einfache Leitlinien für die Ersttherapie akuter Geräten für den Notfall (siehe A.
V10DE-NUM-017,V10DE,8,14;15,14,,,"s Patienten in der Tritt eine akute unerwünschte Wirkung auf, sollte nach folgenden Radiologie für 30 Minuten nach Zeichen geschaut werden: Kontrastmittelgabe. 14 ﻿Allgemeine unerwünschte Wirkungen ﻿Allgemeine unerwünschte Wirkungen 15",e. 14 ﻿Allgemeine unerwünschte Wirkungen ﻿Allgemeine unerwünschte Wirkungen 15
V10DE-NUM-018,V10DE,8,14;15,15,,,folgenden Radiologie für 30 Minuten nach Zeichen geschaut werden: Kontrastmittelgabe. 14 ﻿Allgemeine unerwünschte Wirkungen ﻿Allgemeine unerwünschte Wirkungen 15,e. 14 ﻿Allgemeine unerwünschte Wirkungen ﻿Allgemeine unerwünschte Wirkungen 15
V10DE-NUM-019,V10DE,9,16;17,6-10,l/min,,"• Hauterythem, Urtikaria (Patienten zur Inspektion des gesamten Larynxödem Köpers ausziehen). 1. Sauerstoffmaske (6-10 l/min). • Übelkeit, Erbrechen. 2. Adrenalin (1:1.000) intramuskulär: Erwachsene 0,5 ml (0,5 mg). Bei Bedarf wiederholen. • Blutdruckabfall, Pulsunregelmäßigkeiten.",
V10DE-NUM-020,V10DE,9,16;17,"0,5",ml,,"Inspektion des gesamten Larynxödem Köpers ausziehen). 1. Sauerstoffmaske (6-10 l/min). • Übelkeit, Erbrechen. 2. Adrenalin (1:1.000) intramuskulär: Erwachsene 0,5 ml (0,5 mg). Bei Bedarf wiederholen. • Blutdruckabfall, Pulsunregelmäßigkeiten. Pädiatrische Patienten: 6-12 Jahre: 0,3 ml (0,3 mg) intramuskulär. • Atemnot, Bron",
V10DE-NUM-021,V10DE,9,16;17,"0,5",mg,,"on des gesamten Larynxödem Köpers ausziehen). 1. Sauerstoffmaske (6-10 l/min). • Übelkeit, Erbrechen. 2. Adrenalin (1:1.000) intramuskulär: Erwachsene 0,5 ml (0,5 mg). Bei Bedarf wiederholen. • Blutdruckabfall, Pulsunregelmäßigkeiten. Pädiatrische Patienten: 6-12 Jahre: 0,3 ml (0,3 mg) intramuskulär. • Atemnot, Bronchospasm",
V10DE-NUM-022,V10DE,9,16;17,6-12,,,". 2. Adrenalin (1:1.000) intramuskulär: Erwachsene 0,5 ml (0,5 mg). Bei Bedarf wiederholen. • Blutdruckabfall, Pulsunregelmäßigkeiten. Pädiatrische Patienten: 6-12 Jahre: 0,3 ml (0,3 mg) intramuskulär. • Atemnot, Bronchospasmus (zur Verifizierung der Diagnose ist eine < 6 Jahre: 0,15 ml (0,15 mg) intramuskulär. Auskultati",
V10DE-NUM-023,V10DE,9,16;17,"0,3",ml,,"lin (1:1.000) intramuskulär: Erwachsene 0,5 ml (0,5 mg). Bei Bedarf wiederholen. • Blutdruckabfall, Pulsunregelmäßigkeiten. Pädiatrische Patienten: 6-12 Jahre: 0,3 ml (0,3 mg) intramuskulär. • Atemnot, Bronchospasmus (zur Verifizierung der Diagnose ist eine < 6 Jahre: 0,15 ml (0,15 mg) intramuskulär. Auskultation unerlässlic",
V10DE-NUM-024,V10DE,9,16;17,"0,3",mg,,".000) intramuskulär: Erwachsene 0,5 ml (0,5 mg). Bei Bedarf wiederholen. • Blutdruckabfall, Pulsunregelmäßigkeiten. Pädiatrische Patienten: 6-12 Jahre: 0,3 ml (0,3 mg) intramuskulär. • Atemnot, Bronchospasmus (zur Verifizierung der Diagnose ist eine < 6 Jahre: 0,15 ml (0,15 mg) intramuskulär. Auskultation unerlässlich). Hypo",
V10DE-NUM-025,V10DE,9,16;17,6,,<,"Pulsunregelmäßigkeiten. Pädiatrische Patienten: 6-12 Jahre: 0,3 ml (0,3 mg) intramuskulär. • Atemnot, Bronchospasmus (zur Verifizierung der Diagnose ist eine < 6 Jahre: 0,15 ml (0,15 mg) intramuskulär. Auskultation unerlässlich). Hypotonie Alleinige Hypotonie Übelkeit/Erbrechen 1. Beine des Patienten hochlagern. Vorüber",
V10DE-NUM-026,V10DE,9,16;17,"0,15",ml,<,"elmäßigkeiten. Pädiatrische Patienten: 6-12 Jahre: 0,3 ml (0,3 mg) intramuskulär. • Atemnot, Bronchospasmus (zur Verifizierung der Diagnose ist eine < 6 Jahre: 0,15 ml (0,15 mg) intramuskulär. Auskultation unerlässlich). Hypotonie Alleinige Hypotonie Übelkeit/Erbrechen 1. Beine des Patienten hochlagern. Vorübergehend: Unterst",
V10DE-NUM-027,V10DE,9,16;17,"0,15",mg,<,"iten. Pädiatrische Patienten: 6-12 Jahre: 0,3 ml (0,3 mg) intramuskulär. • Atemnot, Bronchospasmus (zur Verifizierung der Diagnose ist eine < 6 Jahre: 0,15 ml (0,15 mg) intramuskulär. Auskultation unerlässlich). Hypotonie Alleinige Hypotonie Übelkeit/Erbrechen 1. Beine des Patienten hochlagern. Vorübergehend: Unterstützende M",
V10DE-NUM-028,V10DE,9,16;17,6-10,l/min,,"unerlässlich). Hypotonie Alleinige Hypotonie Übelkeit/Erbrechen 1. Beine des Patienten hochlagern. Vorübergehend: Unterstützende Maßnahmen 2. Sauerstoffmaske (6-10 l/min). Heftig, anhaltend: Geeignete Antiemetika erwägen 3. Infusion von Flüssigkeit: Zügig Kochsalz- oder Ringerlösung, bis zu 2 Litern. Merke: Bei Anaphylaxie kann",
V10DE-NUM-029,V10DE,9,16;17,2,Liter,bis zu,"nahmen 2. Sauerstoffmaske (6-10 l/min). Heftig, anhaltend: Geeignete Antiemetika erwägen 3. Infusion von Flüssigkeit: Zügig Kochsalz- oder Ringerlösung, bis zu 2 Litern. Merke: Bei Anaphylaxie kann heftiges Erbrechen auftreten. 4. Bei Nichtansprechen: Adrenalin 1:1.000, 0,5 ml (0,5 mg) intramuskulär. Bei Bedarf wiederholen. U",
V10DE-NUM-030,V10DE,9,16;17,1,,,"on Flüssigkeit: Zügig Kochsalz- oder Ringerlösung, bis zu 2 Litern. Merke: Bei Anaphylaxie kann heftiges Erbrechen auftreten. 4. Bei Nichtansprechen: Adrenalin 1:1.000, 0,5 ml (0,5 mg) intramuskulär. Bei Bedarf wiederholen. Urtikaria Pädiatrische Patienten: 6-12 Jahre: 0,3 ml (0,3 mg) intramuskulär. Vereinzelt, vorüberg",
V10DE-NUM-031,V10DE,9,16;17,"0,5",ml,,"gkeit: Zügig Kochsalz- oder Ringerlösung, bis zu 2 Litern. Merke: Bei Anaphylaxie kann heftiges Erbrechen auftreten. 4. Bei Nichtansprechen: Adrenalin 1:1.000, 0,5 ml (0,5 mg) intramuskulär. Bei Bedarf wiederholen. Urtikaria Pädiatrische Patienten: 6-12 Jahre: 0,3 ml (0,3 mg) intramuskulär. Vereinzelt, vorübergehend: Unterst",
V10DE-NUM-032,V10DE,9,16;17,"0,5",mg,,"ügig Kochsalz- oder Ringerlösung, bis zu 2 Litern. Merke: Bei Anaphylaxie kann heftiges Erbrechen auftreten. 4. Bei Nichtansprechen: Adrenalin 1:1.000, 0,5 ml (0,5 mg) intramuskulär. Bei Bedarf wiederholen. Urtikaria Pädiatrische Patienten: 6-12 Jahre: 0,3 ml (0,3 mg) intramuskulär. Vereinzelt, vorübergehend: Unterstützende",
V10DE-NUM-033,V10DE,9,16;17,6-12,,,"ftiges Erbrechen auftreten. 4. Bei Nichtansprechen: Adrenalin 1:1.000, 0,5 ml (0,5 mg) intramuskulär. Bei Bedarf wiederholen. Urtikaria Pädiatrische Patienten: 6-12 Jahre: 0,3 ml (0,3 mg) intramuskulär. Vereinzelt, vorübergehend: Unterstützende Maßnahmen einschließlich < 6 Jahre: 0,15 ml (0,15 mg) intramuskulär. Überwachun",
V10DE-NUM-034,V10DE,9,16;17,"0,3",ml,vor,"chen auftreten. 4. Bei Nichtansprechen: Adrenalin 1:1.000, 0,5 ml (0,5 mg) intramuskulär. Bei Bedarf wiederholen. Urtikaria Pädiatrische Patienten: 6-12 Jahre: 0,3 ml (0,3 mg) intramuskulär. Vereinzelt, vorübergehend: Unterstützende Maßnahmen einschließlich < 6 Jahre: 0,15 ml (0,15 mg) intramuskulär. Überwachung Vereinzelt,",
V10DE-NUM-035,V10DE,9,16;17,"0,3",mg,vor,"treten. 4. Bei Nichtansprechen: Adrenalin 1:1.000, 0,5 ml (0,5 mg) intramuskulär. Bei Bedarf wiederholen. Urtikaria Pädiatrische Patienten: 6-12 Jahre: 0,3 ml (0,3 mg) intramuskulär. Vereinzelt, vorübergehend: Unterstützende Maßnahmen einschließlich < 6 Jahre: 0,15 ml (0,15 mg) intramuskulär. Überwachung Vereinzelt, anhalten",
V10DE-NUM-036,V10DE,9,16;17,6,,<,"wiederholen. Urtikaria Pädiatrische Patienten: 6-12 Jahre: 0,3 ml (0,3 mg) intramuskulär. Vereinzelt, vorübergehend: Unterstützende Maßnahmen einschließlich < 6 Jahre: 0,15 ml (0,15 mg) intramuskulär. Überwachung Vereinzelt, anhaltend oder generalisiert oder Angioödem: Vasovagale Reaktion (Hypotonie und Bradykardie) Ad",
V10DE-NUM-037,V10DE,9,16;17,"0,15",ml,<,"len. Urtikaria Pädiatrische Patienten: 6-12 Jahre: 0,3 ml (0,3 mg) intramuskulär. Vereinzelt, vorübergehend: Unterstützende Maßnahmen einschließlich < 6 Jahre: 0,15 ml (0,15 mg) intramuskulär. Überwachung Vereinzelt, anhaltend oder generalisiert oder Angioödem: Vasovagale Reaktion (Hypotonie und Bradykardie) Adäquate intramus",
V10DE-NUM-038,V10DE,9,16;17,"0,15",mg,<,"karia Pädiatrische Patienten: 6-12 Jahre: 0,3 ml (0,3 mg) intramuskulär. Vereinzelt, vorübergehend: Unterstützende Maßnahmen einschließlich < 6 Jahre: 0,15 ml (0,15 mg) intramuskulär. Überwachung Vereinzelt, anhaltend oder generalisiert oder Angioödem: Vasovagale Reaktion (Hypotonie und Bradykardie) Adäquate intramuskuläre od",
V10DE-NUM-039,V10DE,9,16;17,6-10,l/min,Nach,"uskuläre oder intravenöse Gabe eines H1- 1. Beine des Patienten hochlagern. Antihistaminkum erwägen. Benommenheit und/oder Hypotonie können 2. Sauerstoffmaske (6-10 l/min). auftreten. Nach Antihistaminikagabe sollte das Führen von Fahrzeugen 3. Atropin 0,6-1,0 mg intravenös, bei Bedarf nach 3-5 Minuten sowie das Bedienen von Mas",
V10DE-NUM-040,V10DE,9,16;17,"0,6-1,0",mg,nach,"rwägen. Benommenheit und/oder Hypotonie können 2. Sauerstoffmaske (6-10 l/min). auftreten. Nach Antihistaminikagabe sollte das Führen von Fahrzeugen 3. Atropin 0,6-1,0 mg intravenös, bei Bedarf nach 3-5 Minuten sowie das Bedienen von Maschinen aus versicherungsrechtlichen wiederholen, maximale Gesamtdosis 3 mg (0,04 mg/kg) bei G",
V10DE-NUM-041,V10DE,9,16;17,3-5,Minute,nach,"können 2. Sauerstoffmaske (6-10 l/min). auftreten. Nach Antihistaminikagabe sollte das Führen von Fahrzeugen 3. Atropin 0,6-1,0 mg intravenös, bei Bedarf nach 3-5 Minuten sowie das Bedienen von Maschinen aus versicherungsrechtlichen wiederholen, maximale Gesamtdosis 3 mg (0,04 mg/kg) bei Gründen vermieden werden. Erwachsenen. B",
V10DE-NUM-042,V10DE,9,16;17,3,mg,,"n 3. Atropin 0,6-1,0 mg intravenös, bei Bedarf nach 3-5 Minuten sowie das Bedienen von Maschinen aus versicherungsrechtlichen wiederholen, maximale Gesamtdosis 3 mg (0,04 mg/kg) bei Gründen vermieden werden. Erwachsenen. Bei pädiatrischen Patienten 0,02 mg/kg intravenös (max. 0,6 mg pro Injektion), bei Bedarf wiederholen b",
V10DE-NUM-043,V10DE,9,16;17,"0,04",mg/kg,,"tropin 0,6-1,0 mg intravenös, bei Bedarf nach 3-5 Minuten sowie das Bedienen von Maschinen aus versicherungsrechtlichen wiederholen, maximale Gesamtdosis 3 mg (0,04 mg/kg) bei Gründen vermieden werden. Erwachsenen. Bei pädiatrischen Patienten 0,02 mg/kg intravenös (max. 0,6 mg pro Injektion), bei Bedarf wiederholen bis maximal 2",
V10DE-NUM-044,V10DE,9,16;17,"0,02",mg/kg,,"schinen aus versicherungsrechtlichen wiederholen, maximale Gesamtdosis 3 mg (0,04 mg/kg) bei Gründen vermieden werden. Erwachsenen. Bei pädiatrischen Patienten 0,02 mg/kg intravenös (max. 0,6 mg pro Injektion), bei Bedarf wiederholen bis maximal 2 mg Gesamtdosis. Bronchospasmus 4. Infusion von Flüssigkeit: Zügig Infusion von Koc",
V10DE-NUM-045,V10DE,9,16;17,"0,6",mg,,"htlichen wiederholen, maximale Gesamtdosis 3 mg (0,04 mg/kg) bei Gründen vermieden werden. Erwachsenen. Bei pädiatrischen Patienten 0,02 mg/kg intravenös (max. 0,6 mg pro Injektion), bei Bedarf wiederholen bis maximal 2 mg Gesamtdosis. Bronchospasmus 4. Infusion von Flüssigkeit: Zügig Infusion von Kochsalz- oder 1. Sauerstof",
V10DE-NUM-046,V10DE,9,16;17,2,mg,,"g) bei Gründen vermieden werden. Erwachsenen. Bei pädiatrischen Patienten 0,02 mg/kg intravenös (max. 0,6 mg pro Injektion), bei Bedarf wiederholen bis maximal 2 mg Gesamtdosis. Bronchospasmus 4. Infusion von Flüssigkeit: Zügig Infusion von Kochsalz- oder 1. Sauerstoffmaske (6-10 l/min). Ringerlösung, bis zu 2 Litern. 2. ß",
V10DE-NUM-047,V10DE,9,16;17,6-10,l/min,bis zu,"ektion), bei Bedarf wiederholen bis maximal 2 mg Gesamtdosis. Bronchospasmus 4. Infusion von Flüssigkeit: Zügig Infusion von Kochsalz- oder 1. Sauerstoffmaske (6-10 l/min). Ringerlösung, bis zu 2 Litern. 2. ß2-Agonist Dosier-Inhalator (2-3 tiefe Inhalationen). 5. Falls der Patient nicht auf diese Behandlung ansprechen sollte, si",
V10DE-NUM-048,V10DE,9,16;17,2,Liter,bis zu,"s maximal 2 mg Gesamtdosis. Bronchospasmus 4. Infusion von Flüssigkeit: Zügig Infusion von Kochsalz- oder 1. Sauerstoffmaske (6-10 l/min). Ringerlösung, bis zu 2 Litern. 2. ß2-Agonist Dosier-Inhalator (2-3 tiefe Inhalationen). 5. Falls der Patient nicht auf diese Behandlung ansprechen sollte, sind 3. Adrenalin (1:1.000): Maßn",
V10DE-NUM-049,V10DE,9,16;17,2-3,,,"4. Infusion von Flüssigkeit: Zügig Infusion von Kochsalz- oder 1. Sauerstoffmaske (6-10 l/min). Ringerlösung, bis zu 2 Litern. 2. ß2-Agonist Dosier-Inhalator (2-3 tiefe Inhalationen). 5. Falls der Patient nicht auf diese Behandlung ansprechen sollte, sind 3. Adrenalin (1:1.000): Maßnahmen wie bei einer Anaphylaxie zu erg",
V10DE-NUM-050,V10DE,9,16;17,1,,,"bis zu 2 Litern. 2. ß2-Agonist Dosier-Inhalator (2-3 tiefe Inhalationen). 5. Falls der Patient nicht auf diese Behandlung ansprechen sollte, sind 3. Adrenalin (1:1.000): Maßnahmen wie bei einer Anaphylaxie zu ergreifen. Bei normalem Blutdruck: Generalisierte anaphylaktoide Reaktion Intramuskulär: 1:1.000, 0,1-0,3 ml (0,",
V10DE-NUM-051,V10DE,9,16;17,"0,1-0,3",ml,,". Adrenalin (1:1.000): Maßnahmen wie bei einer Anaphylaxie zu ergreifen. Bei normalem Blutdruck: Generalisierte anaphylaktoide Reaktion Intramuskulär: 1:1.000, 0,1-0,3 ml (0,1-0,3 mg) [bei KHK und älteren 1. Reanimationsteam verständigen. Patienten eine geringere Dosis wählen]. 2. Falls erforderlich Atemwege absaugen. Bei pädiat",
V10DE-NUM-052,V10DE,9,16;17,"0,1-0,3",mg,,"(1:1.000): Maßnahmen wie bei einer Anaphylaxie zu ergreifen. Bei normalem Blutdruck: Generalisierte anaphylaktoide Reaktion Intramuskulär: 1:1.000, 0,1-0,3 ml (0,1-0,3 mg) [bei KHK und älteren 1. Reanimationsteam verständigen. Patienten eine geringere Dosis wählen]. 2. Falls erforderlich Atemwege absaugen. Bei pädiatrischen Pati",
V10DE-NUM-053,V10DE,9,16;17,6-12,,,lteren 1. Reanimationsteam verständigen. Patienten eine geringere Dosis wählen]. 2. Falls erforderlich Atemwege absaugen. Bei pädiatrischen Patienten: zwischen 6-12 Jahren 50% der Dosis eines 3. Bei Hypotonie Beine des Patienten hochlagern. Erwachsenen und bei pädiatrischen Patienten unter 6 Jahren 25% der 4. Sauerstoffmas,
V10DE-NUM-054,V10DE,9,16;17,50,%,,animationsteam verständigen. Patienten eine geringere Dosis wählen]. 2. Falls erforderlich Atemwege absaugen. Bei pädiatrischen Patienten: zwischen 6-12 Jahren 50% der Dosis eines 3. Bei Hypotonie Beine des Patienten hochlagern. Erwachsenen und bei pädiatrischen Patienten unter 6 Jahren 25% der 4. Sauerstoffmaske (6-10 l/,
V10DE-NUM-055,V10DE,9,16;17,6,,unter,"trischen Patienten: zwischen 6-12 Jahren 50% der Dosis eines 3. Bei Hypotonie Beine des Patienten hochlagern. Erwachsenen und bei pädiatrischen Patienten unter 6 Jahren 25% der 4. Sauerstoffmaske (6-10 l/min). Dosis eines Erwachsenen. Bei Bedarf wiederholen. 5. Adrenalin1:1000, 0,5ml (0,5mg) intramuskulär bei Erwachsene",
V10DE-NUM-056,V10DE,9,16;17,25,%,unter,"Patienten: zwischen 6-12 Jahren 50% der Dosis eines 3. Bei Hypotonie Beine des Patienten hochlagern. Erwachsenen und bei pädiatrischen Patienten unter 6 Jahren 25% der 4. Sauerstoffmaske (6-10 l/min). Dosis eines Erwachsenen. Bei Bedarf wiederholen. 5. Adrenalin1:1000, 0,5ml (0,5mg) intramuskulär bei Erwachsenen. Bei nied",
V10DE-NUM-057,V10DE,9,16;17,6-10,l/min,,"ren 50% der Dosis eines 3. Bei Hypotonie Beine des Patienten hochlagern. Erwachsenen und bei pädiatrischen Patienten unter 6 Jahren 25% der 4. Sauerstoffmaske (6-10 l/min). Dosis eines Erwachsenen. Bei Bedarf wiederholen. 5. Adrenalin1:1000, 0,5ml (0,5mg) intramuskulär bei Erwachsenen. Bei niedrigem Blutdruck: Bei Bedarf wiederh",
V10DE-NUM-058,V10DE,9,16;17,"1:1,000",ratio,,"achsenen und bei pädiatrischen Patienten unter 6 Jahren 25% der 4. Sauerstoffmaske (6-10 l/min). Dosis eines Erwachsenen. Bei Bedarf wiederholen. 5. Adrenalin1:1000, 0,5ml (0,5mg) intramuskulär bei Erwachsenen. Bei niedrigem Blutdruck: Bei Bedarf wiederholen. intramuskulär: 1:1.000, 0,5 ml (0,5 mg). Pädiatrische Patienten:",
V10DE-NUM-059,V10DE,9,16;17,"0,5",ml,,"en und bei pädiatrischen Patienten unter 6 Jahren 25% der 4. Sauerstoffmaske (6-10 l/min). Dosis eines Erwachsenen. Bei Bedarf wiederholen. 5. Adrenalin1:1000, 0,5ml (0,5mg) intramuskulär bei Erwachsenen. Bei niedrigem Blutdruck: Bei Bedarf wiederholen. intramuskulär: 1:1.000, 0,5 ml (0,5 mg). Pädiatrische Patienten: 6-12 J",
V10DE-NUM-060,V10DE,9,16;17,"0,5",mg,,"bei pädiatrischen Patienten unter 6 Jahren 25% der 4. Sauerstoffmaske (6-10 l/min). Dosis eines Erwachsenen. Bei Bedarf wiederholen. 5. Adrenalin1:1000, 0,5ml (0,5mg) intramuskulär bei Erwachsenen. Bei niedrigem Blutdruck: Bei Bedarf wiederholen. intramuskulär: 1:1.000, 0,5 ml (0,5 mg). Pädiatrische Patienten: 6-12 Jahre: 0",
V10DE-NUM-061,V10DE,9,16;17,1,,,"senen. Bei Bedarf wiederholen. 5. Adrenalin1:1000, 0,5ml (0,5mg) intramuskulär bei Erwachsenen. Bei niedrigem Blutdruck: Bei Bedarf wiederholen. intramuskulär: 1:1.000, 0,5 ml (0,5 mg). Pädiatrische Patienten: 6-12 Jahre: 0,3 ml (0,3 mg) intramuskulär. Pädiatrische Patienten: 6-12 Jahre: 0,3 ml (0,3 mg) intramuskulär. <",
V10DE-NUM-062,V10DE,9,16;17,"0,5",ml,,"i Bedarf wiederholen. 5. Adrenalin1:1000, 0,5ml (0,5mg) intramuskulär bei Erwachsenen. Bei niedrigem Blutdruck: Bei Bedarf wiederholen. intramuskulär: 1:1.000, 0,5 ml (0,5 mg). Pädiatrische Patienten: 6-12 Jahre: 0,3 ml (0,3 mg) intramuskulär. Pädiatrische Patienten: 6-12 Jahre: 0,3 ml (0,3 mg) intramuskulär. < 6 Jahre: 0,15",
V10DE-NUM-063,V10DE,9,16;17,"0,5",mg,,"wiederholen. 5. Adrenalin1:1000, 0,5ml (0,5mg) intramuskulär bei Erwachsenen. Bei niedrigem Blutdruck: Bei Bedarf wiederholen. intramuskulär: 1:1.000, 0,5 ml (0,5 mg). Pädiatrische Patienten: 6-12 Jahre: 0,3 ml (0,3 mg) intramuskulär. Pädiatrische Patienten: 6-12 Jahre: 0,3 ml (0,3 mg) intramuskulär. < 6 Jahre: 0,15 ml (0,1",
V10DE-NUM-064,V10DE,9,16;17,6-12,,,"0,5ml (0,5mg) intramuskulär bei Erwachsenen. Bei niedrigem Blutdruck: Bei Bedarf wiederholen. intramuskulär: 1:1.000, 0,5 ml (0,5 mg). Pädiatrische Patienten: 6-12 Jahre: 0,3 ml (0,3 mg) intramuskulär. Pädiatrische Patienten: 6-12 Jahre: 0,3 ml (0,3 mg) intramuskulär. < 6 Jahre: 0,15 ml (0,15 mg) intramuskulär. < 6 Jahre:",
V10DE-NUM-065,V10DE,9,16;17,"0,3",ml,,"g) intramuskulär bei Erwachsenen. Bei niedrigem Blutdruck: Bei Bedarf wiederholen. intramuskulär: 1:1.000, 0,5 ml (0,5 mg). Pädiatrische Patienten: 6-12 Jahre: 0,3 ml (0,3 mg) intramuskulär. Pädiatrische Patienten: 6-12 Jahre: 0,3 ml (0,3 mg) intramuskulär. < 6 Jahre: 0,15 ml (0,15 mg) intramuskulär. < 6 Jahre: 0,15 ml (0,15",
V10DE-NUM-066,V10DE,9,16;17,"0,3",mg,,"muskulär bei Erwachsenen. Bei niedrigem Blutdruck: Bei Bedarf wiederholen. intramuskulär: 1:1.000, 0,5 ml (0,5 mg). Pädiatrische Patienten: 6-12 Jahre: 0,3 ml (0,3 mg) intramuskulär. Pädiatrische Patienten: 6-12 Jahre: 0,3 ml (0,3 mg) intramuskulär. < 6 Jahre: 0,15 ml (0,15 mg) intramuskulär. < 6 Jahre: 0,15 ml (0,15 mg) int",
V10DE-NUM-067,V10DE,9,16;17,6-12,,<,"ck: Bei Bedarf wiederholen. intramuskulär: 1:1.000, 0,5 ml (0,5 mg). Pädiatrische Patienten: 6-12 Jahre: 0,3 ml (0,3 mg) intramuskulär. Pädiatrische Patienten: 6-12 Jahre: 0,3 ml (0,3 mg) intramuskulär. < 6 Jahre: 0,15 ml (0,15 mg) intramuskulär. < 6 Jahre: 0,15 ml (0,15 mg) intramuskulär. 6. Infusion von Flüssigkeit (z.B.",
V10DE-NUM-068,V10DE,9,16;17,"0,3",ml,<,"rf wiederholen. intramuskulär: 1:1.000, 0,5 ml (0,5 mg). Pädiatrische Patienten: 6-12 Jahre: 0,3 ml (0,3 mg) intramuskulär. Pädiatrische Patienten: 6-12 Jahre: 0,3 ml (0,3 mg) intramuskulär. < 6 Jahre: 0,15 ml (0,15 mg) intramuskulär. < 6 Jahre: 0,15 ml (0,15 mg) intramuskulär. 6. Infusion von Flüssigkeit (z.B. Kochsalz- ode",
V10DE-NUM-069,V10DE,9,16;17,"0,3",mg,<,"rholen. intramuskulär: 1:1.000, 0,5 ml (0,5 mg). Pädiatrische Patienten: 6-12 Jahre: 0,3 ml (0,3 mg) intramuskulär. Pädiatrische Patienten: 6-12 Jahre: 0,3 ml (0,3 mg) intramuskulär. < 6 Jahre: 0,15 ml (0,15 mg) intramuskulär. < 6 Jahre: 0,15 ml (0,15 mg) intramuskulär. 6. Infusion von Flüssigkeit (z.B. Kochsalz- oder Ringer",
V10DE-NUM-070,V10DE,9,16;17,"0,15",ml,<,"5 ml (0,5 mg). Pädiatrische Patienten: 6-12 Jahre: 0,3 ml (0,3 mg) intramuskulär. Pädiatrische Patienten: 6-12 Jahre: 0,3 ml (0,3 mg) intramuskulär. < 6 Jahre: 0,15 ml (0,15 mg) intramuskulär. < 6 Jahre: 0,15 ml (0,15 mg) intramuskulär. 6. Infusion von Flüssigkeit (z.B. Kochsalz- oder Ringerlösung), bis zu 2 Litern. 16 ﻿Allge",
V10DE-NUM-071,V10DE,9,16;17,"0,15",mg,<,"mg). Pädiatrische Patienten: 6-12 Jahre: 0,3 ml (0,3 mg) intramuskulär. Pädiatrische Patienten: 6-12 Jahre: 0,3 ml (0,3 mg) intramuskulär. < 6 Jahre: 0,15 ml (0,15 mg) intramuskulär. < 6 Jahre: 0,15 ml (0,15 mg) intramuskulär. 6. Infusion von Flüssigkeit (z.B. Kochsalz- oder Ringerlösung), bis zu 2 Litern. 16 ﻿Allgemeine une",
V10DE-NUM-072,V10DE,9,16;17,"0,15",ml,<,"Jahre: 0,3 ml (0,3 mg) intramuskulär. Pädiatrische Patienten: 6-12 Jahre: 0,3 ml (0,3 mg) intramuskulär. < 6 Jahre: 0,15 ml (0,15 mg) intramuskulär. < 6 Jahre: 0,15 ml (0,15 mg) intramuskulär. 6. Infusion von Flüssigkeit (z.B. Kochsalz- oder Ringerlösung), bis zu 2 Litern. 16 ﻿Allgemeine unerwünschte Wirkungen ﻿Allgemeine une",
V10DE-NUM-073,V10DE,9,16;17,"0,15",mg,<,"3 ml (0,3 mg) intramuskulär. Pädiatrische Patienten: 6-12 Jahre: 0,3 ml (0,3 mg) intramuskulär. < 6 Jahre: 0,15 ml (0,15 mg) intramuskulär. < 6 Jahre: 0,15 ml (0,15 mg) intramuskulär. 6. Infusion von Flüssigkeit (z.B. Kochsalz- oder Ringerlösung), bis zu 2 Litern. 16 ﻿Allgemeine unerwünschte Wirkungen ﻿Allgemeine unerwünschte",
V10DE-NUM-074,V10DE,9,16;17,2,Liter,bis zu,"< 6 Jahre: 0,15 ml (0,15 mg) intramuskulär. < 6 Jahre: 0,15 ml (0,15 mg) intramuskulär. 6. Infusion von Flüssigkeit (z.B. Kochsalz- oder Ringerlösung), bis zu 2 Litern. 16 ﻿Allgemeine unerwünschte Wirkungen ﻿Allgemeine unerwünschte Wirkungen 17","B. Kochsalz- oder Ringerlösung), bis zu 2 Litern. 16 ﻿Allgemeine unerwünschte Wirkun"
V10DE-NUM-075,V10DE,9,16;17,16,,bis zu,": 0,15 ml (0,15 mg) intramuskulär. < 6 Jahre: 0,15 ml (0,15 mg) intramuskulär. 6. Infusion von Flüssigkeit (z.B. Kochsalz- oder Ringerlösung), bis zu 2 Litern. 16 ﻿Allgemeine unerwünschte Wirkungen ﻿Allgemeine unerwünschte Wirkungen 17","B. Kochsalz- oder Ringerlösung), bis zu 2 Litern. 16 ﻿Allgemeine unerwünschte Wirkun"
V10DE-NUM-076,V10DE,10,18;19,25-50,mg,,"7. H1-Blocker, z.B. Diphenhydramin 25-50 mg intravenös. • Gilt gegenwärtig als Best Practice. A.1.2.3. Nach einer moderaten oder schweren akuten unerwünschten Reaktion auf ein Kontrastmittel A.1.4. Extra",B. Diphenhydramin 25-50 mg intravenös. • Gilt gegenwärtig als Best Practice. A.1.2.3
V10DE-NUM-077,V10DE,10,18;19,1,,Vor,"gietest durchführen Besteht die Gefahr von Eindringen in den Blutkreislauf durch Absorption oder eine Gefäßschädigung, gelten die gleichen Vorsichtsmaßnahmen • 1 und 2 Stunden nach Kontrastmittelgabe sollte eine Blutentnahme wie bei intravaskulärer Gabe. zur Bestimmung von Histamin und Tryptase erfolgen, und falls sich",A.1.4. Extravaskuläre Verabreichung von iodhaltigen Röntgenkontrastmitteln Allergietest
V10DE-NUM-078,V10DE,10,18;19,2,,Vor,"t durchführen Besteht die Gefahr von Eindringen in den Blutkreislauf durch Absorption oder eine Gefäßschädigung, gelten die gleichen Vorsichtsmaßnahmen • 1 und 2 Stunden nach Kontrastmittelgabe sollte eine Blutentnahme wie bei intravaskulärer Gabe. zur Bestimmung von Histamin und Tryptase erfolgen, und falls sich der Pa",A.1.4. Extravaskuläre Verabreichung von iodhaltigen Röntgenkontrastmitteln Allergietest
V10DE-NUM-079,V10DE,10,18;19,24,,nach,"Blutentnahme wie bei intravaskulärer Gabe. zur Bestimmung von Histamin und Tryptase erfolgen, und falls sich der Patient noch im Krankenhaus aufhält auch nach 24 Stunden. • Innerhalb von 6 Monaten nach der Reaktion Überweisung an einen A.1.5. Verabreichung von iodhaltigen Spezialisten für Allergologie zur Durchführung e","e. zur Bestimmung von Histamin und Tryptase erfolgen, und falls sich der Patient noc"
V10DE-NUM-080,V10DE,10,18;19,6,,nach,"askulärer Gabe. zur Bestimmung von Histamin und Tryptase erfolgen, und falls sich der Patient noch im Krankenhaus aufhält auch nach 24 Stunden. • Innerhalb von 6 Monaten nach der Reaktion Überweisung an einen A.1.5. Verabreichung von iodhaltigen Spezialisten für Allergologie zur Durchführung eines Hauttestes. Röntgenkon","e. zur Bestimmung von Histamin und Tryptase erfolgen, und falls sich der Patient noc"
V10DE-NUM-081,V10DE,12,22;23,2011,,,"brose (NSF) sollte nur gestellt werden, wenn die klinischen und histopathologischen Kriterien des Yale Reaktionstyp NSF Registers zutreffen (J Am Acad Dermatol 2011; 65:1095-1106). Ein Iodhaltige Röntgenkontrastmittel Thyreotoxikose. möglicher Zusammenhang zwischen einer Nephrogenen Systemischen Gadoliniumhaltige Kontrastm",A.3. Sehr späte unerwünschte Wirkungen A.3.2. Sehr späte unerwünschte Wirkungen auf ga
V10DE-NUM-082,V10DE,12,22;23,65,,,"(NSF) sollte nur gestellt werden, wenn die klinischen und histopathologischen Kriterien des Yale Reaktionstyp NSF Registers zutreffen (J Am Acad Dermatol 2011; 65:1095-1106). Ein Iodhaltige Röntgenkontrastmittel Thyreotoxikose. möglicher Zusammenhang zwischen einer Nephrogenen Systemischen Gadoliniumhaltige Kontrastmitte",A.3. Sehr späte unerwünschte Wirkungen A.3.2. Sehr späte unerwünschte Wirkungen auf ga
V10DE-NUM-083,V10DE,12,22;23,2006,,,"einer Nephrogenen Systemischen Gadoliniumhaltige Kontrastmittel Nephrogene Systemische Fibrose. Fibrose und gadoliniumhaltigen Kontrastmitteln wurde erstmalig 2006 diskutiert. Diagnose Die Diagnose Nephrogene Systemische Fibrose (NSF) sollte nur gestellt A.3.1. Sehr späte unerwünschte Wirkungen auf iodhaltige werden, wenn",e. Fibrose und gadoliniumhaltigen Kontrastmitteln wurde erstmalig 2006 diskutiert. D
V10DE-NUM-084,V10DE,12,22;23,2011,,,ontrastmittel: Thyreotoxikose histopathologischen Kriterien des Yale NSF Registers zutreffen (J Am Acad Risikopatienten • Unbehandelter Morbus Basedow Dermatol 2011; 65:1095-1106). Ein (Graves-Krankheit). möglicher Zusammenhang zwischen einer • Struma multinodosa und Nephrogenen Systemischen Fibrose und Schilddrüsenautonom,"A.3.1. Sehr späte unerwünschte Wirkungen auf iodhaltige werden, wenn die klinischen und"
V10DE-NUM-085,V10DE,12,22;23,65,,,"tmittel: Thyreotoxikose histopathologischen Kriterien des Yale NSF Registers zutreffen (J Am Acad Risikopatienten • Unbehandelter Morbus Basedow Dermatol 2011; 65:1095-1106). Ein (Graves-Krankheit). möglicher Zusammenhang zwischen einer • Struma multinodosa und Nephrogenen Systemischen Fibrose und Schilddrüsenautonomie,","A.3.1. Sehr späte unerwünschte Wirkungen auf iodhaltige werden, wenn die klinischen und"
V10DE-NUM-086,V10DE,12,22;23,2006,,,"a und Nephrogenen Systemischen Fibrose und Schilddrüsenautonomie, besonders bei gadoliniumhaltigen Kontrastmitteln wurde Älteren und/oder in Iodmangelgebieten. 2006 hergestellt. Keine Risikopatienten Normale Schilddrüsenfunktion. Klinisches Beginn: Vom Tag der Kontrastmittelgabe bis Empfehlungen • Keine Anwendung iodhaltig","A.3.1. Sehr späte unerwünschte Wirkungen auf iodhaltige werden, wenn die klinischen und"
V10DE-NUM-087,V10DE,12,22;23,2-3,,nach,"Risikopatienten Normale Schilddrüsenfunktion. Klinisches Beginn: Vom Tag der Kontrastmittelgabe bis Empfehlungen • Keine Anwendung iodhaltiger Erscheinungsbild 2-3 Monate danach. Manchmal auch erst Röntgenkontrastmittel bei Jahre nach der Exposition. manifester Hyperthyreose Erste Symptome: Schmerzen, Juckreiz, • Bei Pati","A.3.1. Sehr späte unerwünschte Wirkungen auf iodhaltige werden, wenn die klinischen und"
V10DE-NUM-088,V10DE,12,22;23,15,ml,<,"kontrastmittel sollten bei Risikofaktoren Risikopatienten nicht verabreicht werden. Von Patientenseite • Eingeschränkte Nierenfunktion, insbesondere bei eGFR < 15 ml min/1,73 m2). • Dialysepatienten. 22 ﻿Allgemeine unerwünschte Wirkungen ﻿Allgemeine unerwünschte Wirkungen 23","B. • Risikopatienten sollten nach Muskulatur, Zwerchfell, Herz, Leber, Lungen, Röntg"
V10DE-NUM-089,V10DE,12,22;23,73,,<,"el sollten bei Risikofaktoren Risikopatienten nicht verabreicht werden. Von Patientenseite • Eingeschränkte Nierenfunktion, insbesondere bei eGFR < 15 ml min/1,73 m2). • Dialysepatienten. 22 ﻿Allgemeine unerwünschte Wirkungen ﻿Allgemeine unerwünschte Wirkungen 23","B. • Risikopatienten sollten nach Muskulatur, Zwerchfell, Herz, Leber, Lungen, Röntg"
V10DE-NUM-090,V10DE,12,22;23,22,,,"n Risikopatienten nicht verabreicht werden. Von Patientenseite • Eingeschränkte Nierenfunktion, insbesondere bei eGFR < 15 ml min/1,73 m2). • Dialysepatienten. 22 ﻿Allgemeine unerwünschte Wirkungen ﻿Allgemeine unerwünschte Wirkungen 23","B. • Risikopatienten sollten nach Muskulatur, Zwerchfell, Herz, Leber, Lungen, Röntg"
V10DE-NUM-091,V10DE,12,22;23,23,,,"ränkte Nierenfunktion, insbesondere bei eGFR < 15 ml min/1,73 m2). • Dialysepatienten. 22 ﻿Allgemeine unerwünschte Wirkungen ﻿Allgemeine unerwünschte Wirkungen 23","B. • Risikopatienten sollten nach Muskulatur, Zwerchfell, Herz, Leber, Lungen, Röntg"
V10DE-NUM-092,V10DE,13,24;25,3-18,%,nach,"onisches lineares Chelat (EOB- eine NFS bereits nach einmaliger Gabe DTPA) auftreten. Empfehlungen • Die EMA gibt an, dass Kontrastmittel Geschätzte Inzidenz • 3-18 % nach Gabe von Gadodiamid. mit mittlerem Risiko (Multihance®, von Patienten • 0,1-1 % nach Gabe von Gadopentetat- Primovist®) lediglich für hepatobiliäre mit sc",
V10DE-NUM-093,V10DE,13,24;25,"0,1-1",%,nach,". Empfehlungen • Die EMA gibt an, dass Kontrastmittel Geschätzte Inzidenz • 3-18 % nach Gabe von Gadodiamid. mit mittlerem Risiko (Multihance®, von Patienten • 0,1-1 % nach Gabe von Gadopentetat- Primovist®) lediglich für hepatobiliäre mit schwerem Dimeglumin. Untersuchungen zugelassen sind. Nierenversagen • Die CMSC unterstü","d. mit mittlerem Risiko (Multihance®, von Patienten • 0,1-1 % nach Gabe von Gadopent"
V10DE-NUM-094,V10DE,13,24;25,30,"ml/min/1,73m²",<,"ubstanzen sollten mit VORSICHT Empfehlungen • Die European Medicines Agency (EMA) eingesetzt werden bei Patienten mit hat den Gebrauch aller intravenösen GFR < 30 ml/min/1,73m². Es sollten Kontrastmittel mit hohem Risiko mindestens sieben Tage zwischen zwei unterbunden (Omniscan™, Magnevist®) Injektionen liegen. und der Zulassungsinha",d. Nierenversagen • Die CMSC unterstützt diese Empfehlung. Gadoliniumhaltige Kontras
V10DE-NUM-095,V10DE,13,24;25,24,,nach,"en. Informationen eingesetzt werden. • Die EMA gibt an, dass Magnevist® für • Stillende Frauen: Die Milch aus Arthrographien eingesetzt werden kann. den ersten 24 Stunden nach • Das CMSC unterstützt diese Kontrastmittelgabe muss nicht Empfehlung. zwangsläufig verworfen werden, aber die Patientin kann mit dem Arzt besprec",d. Nierenversagen • Die CMSC unterstützt diese Empfehlung. Gadoliniumhaltige Kontras
V10DE-NUM-096,V10DE,13,24;25,24,,,"orfen werden, aber die Patientin kann mit dem Arzt besprechen, ob sie dies wünscht. • Die Bestimmung der Nierenfunktion (eGFR) ist nicht zwingend erforderlich. 24 ﻿Allgemeine unerwünschte Wirkungen ﻿Allgemeine unerwünschte Wirkungen 25",d. Nierenversagen • Die CMSC unterstützt diese Empfehlung. Gadoliniumhaltige Kontras
V10DE-NUM-097,V10DE,13,24;25,25,,,s wünscht. • Die Bestimmung der Nierenfunktion (eGFR) ist nicht zwingend erforderlich. 24 ﻿Allgemeine unerwünschte Wirkungen ﻿Allgemeine unerwünschte Wirkungen 25,d. Nierenversagen • Die CMSC unterstützt diese Empfehlung. Gadoliniumhaltige Kontras
V10DE-NUM-098,V10DE,14,26;27,48-72,,innerhalb,"n einer Kontrastmittel-assoziierten akuten Nierenschädigung (PC-AKI) • Immer Name und Dosierung des spricht man, wenn das Serum-Kreatinin (SKrea) innerhalb von 48-72 verwendeten Kontrastmittels in der Stunden nach intravaskulärer Kontrastmittelgabe um ≥ 0,3 mg/dl (oder Patientenakte vermerken. ≥ 26,5 μmol/l) oder um ≥ 1,5-f",B. Renale unerwünschte Wirkungen Patienten medizinisch notwendige MRT- Untersuchung
V10DE-NUM-099,V10DE,14,26;27,"0,3",mg,≥,"g des spricht man, wenn das Serum-Kreatinin (SKrea) innerhalb von 48-72 verwendeten Kontrastmittels in der Stunden nach intravaskulärer Kontrastmittelgabe um ≥ 0,3 mg/dl (oder Patientenakte vermerken. ≥ 26,5 μmol/l) oder um ≥ 1,5-fache des Referenzwertes ansteigt. Bei intraarterieller Injektion mit renalem first-pass Effekt",B. Renale unerwünschte Wirkungen Patienten medizinisch notwendige MRT- Untersuchung
V10DE-NUM-100,V10DE,14,26;27,"26,5",μmol/l,≥,"(SKrea) innerhalb von 48-72 verwendeten Kontrastmittels in der Stunden nach intravaskulärer Kontrastmittelgabe um ≥ 0,3 mg/dl (oder Patientenakte vermerken. ≥ 26,5 μmol/l) oder um ≥ 1,5-fache des Referenzwertes ansteigt. Bei intraarterieller Injektion mit renalem first-pass Effekt erreicht das Kontrastmittel die Nierenarterien i",B. Renale unerwünschte Wirkungen Patienten medizinisch notwendige MRT- Untersuchung
V10DE-NUM-101,V10DE,14,26;27,"1,5",,≥,"48-72 verwendeten Kontrastmittels in der Stunden nach intravaskulärer Kontrastmittelgabe um ≥ 0,3 mg/dl (oder Patientenakte vermerken. ≥ 26,5 μmol/l) oder um ≥ 1,5-fache des Referenzwertes ansteigt. Bei intraarterieller Injektion mit renalem first-pass Effekt erreicht das Kontrastmittel die Nierenarterien in unverdünnter",B. Renale unerwünschte Wirkungen Patienten medizinisch notwendige MRT- Untersuchung
V10DE-NUM-102,V10DE,14,26;27,18,,≥,"rrechneten Glomerulären Filtrationsrate (eGFR) ist die empfohlene Methode zur Einschätzung der Nierenfunktion vor einer Kontrastmittelgabe. • Bei Erwachsenen ≥ 18 Jahre wird die Verwendung der CKD-EPI Formel empfohlen eGFR (ml/min/1,73 m2) = Frauen SKrea ≤ 62 µmol/l: 144 x (sCr / 62)-0,329 x 0,993Alter Frauen SKrea > 62",e. • Bei Erwachsenen ≥ 18 Jahre wird die Verwendung der CKD-EPI Formel empfohlen eGF
V10DE-NUM-103,V10DE,14,26;27,73,,≤,"zur Einschätzung der Nierenfunktion vor einer Kontrastmittelgabe. • Bei Erwachsenen ≥ 18 Jahre wird die Verwendung der CKD-EPI Formel empfohlen eGFR (ml/min/1,73 m2) = Frauen SKrea ≤ 62 µmol/l: 144 x (sCr / 62)-0,329 x 0,993Alter Frauen SKrea > 62 µmol/l: 144 x (sCr / 62)-1,209 x 0, 993Alter Männer SKrea ≤ 80 µmol/l: 14",e. • Bei Erwachsenen ≥ 18 Jahre wird die Verwendung der CKD-EPI Formel empfohlen eGF
V10DE-NUM-104,V10DE,14,26;27,62,µmol/l,≤,"erenfunktion vor einer Kontrastmittelgabe. • Bei Erwachsenen ≥ 18 Jahre wird die Verwendung der CKD-EPI Formel empfohlen eGFR (ml/min/1,73 m2) = Frauen SKrea ≤ 62 µmol/l: 144 x (sCr / 62)-0,329 x 0,993Alter Frauen SKrea > 62 µmol/l: 144 x (sCr / 62)-1,209 x 0, 993Alter Männer SKrea ≤ 80 µmol/l: 141 x (sCr / 80)-0,411 x 0, 993Al",e. • Bei Erwachsenen ≥ 18 Jahre wird die Verwendung der CKD-EPI Formel empfohlen eGF
V10DE-NUM-105,V10DE,14,26;27,144,,≤,"n vor einer Kontrastmittelgabe. • Bei Erwachsenen ≥ 18 Jahre wird die Verwendung der CKD-EPI Formel empfohlen eGFR (ml/min/1,73 m2) = Frauen SKrea ≤ 62 µmol/l: 144 x (sCr / 62)-0,329 x 0,993Alter Frauen SKrea > 62 µmol/l: 144 x (sCr / 62)-1,209 x 0, 993Alter Männer SKrea ≤ 80 µmol/l: 141 x (sCr / 80)-0,411 x 0, 993Alter M",e. • Bei Erwachsenen ≥ 18 Jahre wird die Verwendung der CKD-EPI Formel empfohlen eGF
V10DE-NUM-106,V10DE,14,26;27,"0,329",,≤,"astmittelgabe. • Bei Erwachsenen ≥ 18 Jahre wird die Verwendung der CKD-EPI Formel empfohlen eGFR (ml/min/1,73 m2) = Frauen SKrea ≤ 62 µmol/l: 144 x (sCr / 62)-0,329 x 0,993Alter Frauen SKrea > 62 µmol/l: 144 x (sCr / 62)-1,209 x 0, 993Alter Männer SKrea ≤ 80 µmol/l: 141 x (sCr / 80)-0,411 x 0, 993Alter Männer SKrea > 80 µm",e. • Bei Erwachsenen ≥ 18 Jahre wird die Verwendung der CKD-EPI Formel empfohlen eGF
V10DE-NUM-107,V10DE,14,26;27,"0,993",,≤,"lgabe. • Bei Erwachsenen ≥ 18 Jahre wird die Verwendung der CKD-EPI Formel empfohlen eGFR (ml/min/1,73 m2) = Frauen SKrea ≤ 62 µmol/l: 144 x (sCr / 62)-0,329 x 0,993Alter Frauen SKrea > 62 µmol/l: 144 x (sCr / 62)-1,209 x 0, 993Alter Männer SKrea ≤ 80 µmol/l: 141 x (sCr / 80)-0,411 x 0, 993Alter Männer SKrea > 80 µmol/l: 14",e. • Bei Erwachsenen ≥ 18 Jahre wird die Verwendung der CKD-EPI Formel empfohlen eGF
V10DE-NUM-108,V10DE,14,26;27,62,µmol/l,>,"18 Jahre wird die Verwendung der CKD-EPI Formel empfohlen eGFR (ml/min/1,73 m2) = Frauen SKrea ≤ 62 µmol/l: 144 x (sCr / 62)-0,329 x 0,993Alter Frauen SKrea > 62 µmol/l: 144 x (sCr / 62)-1,209 x 0, 993Alter Männer SKrea ≤ 80 µmol/l: 141 x (sCr / 80)-0,411 x 0, 993Alter Männer SKrea > 80 µmol/l: 141 x (sCr / 80)-1,209 x 0, 993A",e. • Bei Erwachsenen ≥ 18 Jahre wird die Verwendung der CKD-EPI Formel empfohlen eGF
V10DE-NUM-109,V10DE,14,26;27,144,,>,"ird die Verwendung der CKD-EPI Formel empfohlen eGFR (ml/min/1,73 m2) = Frauen SKrea ≤ 62 µmol/l: 144 x (sCr / 62)-0,329 x 0,993Alter Frauen SKrea > 62 µmol/l: 144 x (sCr / 62)-1,209 x 0, 993Alter Männer SKrea ≤ 80 µmol/l: 141 x (sCr / 80)-0,411 x 0, 993Alter Männer SKrea > 80 µmol/l: 141 x (sCr / 80)-1,209 x 0, 993Alter",e. • Bei Erwachsenen ≥ 18 Jahre wird die Verwendung der CKD-EPI Formel empfohlen eGF
V10DE-NUM-110,V10DE,14,26;27,"1,209",,>,"g der CKD-EPI Formel empfohlen eGFR (ml/min/1,73 m2) = Frauen SKrea ≤ 62 µmol/l: 144 x (sCr / 62)-0,329 x 0,993Alter Frauen SKrea > 62 µmol/l: 144 x (sCr / 62)-1,209 x 0, 993Alter Männer SKrea ≤ 80 µmol/l: 141 x (sCr / 80)-0,411 x 0, 993Alter Männer SKrea > 80 µmol/l: 141 x (sCr / 80)-1,209 x 0, 993Alter (SKrea in µmol/l; A",e. • Bei Erwachsenen ≥ 18 Jahre wird die Verwendung der CKD-EPI Formel empfohlen eGF
V10DE-NUM-111,V10DE,14,26;27,993,,≤,"PI Formel empfohlen eGFR (ml/min/1,73 m2) = Frauen SKrea ≤ 62 µmol/l: 144 x (sCr / 62)-0,329 x 0,993Alter Frauen SKrea > 62 µmol/l: 144 x (sCr / 62)-1,209 x 0, 993Alter Männer SKrea ≤ 80 µmol/l: 141 x (sCr / 80)-0,411 x 0, 993Alter Männer SKrea > 80 µmol/l: 141 x (sCr / 80)-1,209 x 0, 993Alter (SKrea in µmol/l; Alter in J",e. • Bei Erwachsenen ≥ 18 Jahre wird die Verwendung der CKD-EPI Formel empfohlen eGF
V10DE-NUM-112,V10DE,14,26;27,80,µmol/l,≤,"(ml/min/1,73 m2) = Frauen SKrea ≤ 62 µmol/l: 144 x (sCr / 62)-0,329 x 0,993Alter Frauen SKrea > 62 µmol/l: 144 x (sCr / 62)-1,209 x 0, 993Alter Männer SKrea ≤ 80 µmol/l: 141 x (sCr / 80)-0,411 x 0, 993Alter Männer SKrea > 80 µmol/l: 141 x (sCr / 80)-1,209 x 0, 993Alter (SKrea in µmol/l; Alter in Jahren) Alle Formeln x 1,159 be",e. • Bei Erwachsenen ≥ 18 Jahre wird die Verwendung der CKD-EPI Formel empfohlen eGF
V10DE-NUM-113,V10DE,14,26;27,141,,≤,"73 m2) = Frauen SKrea ≤ 62 µmol/l: 144 x (sCr / 62)-0,329 x 0,993Alter Frauen SKrea > 62 µmol/l: 144 x (sCr / 62)-1,209 x 0, 993Alter Männer SKrea ≤ 80 µmol/l: 141 x (sCr / 80)-0,411 x 0, 993Alter Männer SKrea > 80 µmol/l: 141 x (sCr / 80)-1,209 x 0, 993Alter (SKrea in µmol/l; Alter in Jahren) Alle Formeln x 1,159 bei afr",e. • Bei Erwachsenen ≥ 18 Jahre wird die Verwendung der CKD-EPI Formel empfohlen eGF
V10DE-NUM-114,V10DE,14,26;27,"0,411",,≤,"Krea ≤ 62 µmol/l: 144 x (sCr / 62)-0,329 x 0,993Alter Frauen SKrea > 62 µmol/l: 144 x (sCr / 62)-1,209 x 0, 993Alter Männer SKrea ≤ 80 µmol/l: 141 x (sCr / 80)-0,411 x 0, 993Alter Männer SKrea > 80 µmol/l: 141 x (sCr / 80)-1,209 x 0, 993Alter (SKrea in µmol/l; Alter in Jahren) Alle Formeln x 1,159 bei afro-amerikanischer Ab",e. • Bei Erwachsenen ≥ 18 Jahre wird die Verwendung der CKD-EPI Formel empfohlen eGF
V10DE-NUM-115,V10DE,14,26;27,993,,>,"mol/l: 144 x (sCr / 62)-0,329 x 0,993Alter Frauen SKrea > 62 µmol/l: 144 x (sCr / 62)-1,209 x 0, 993Alter Männer SKrea ≤ 80 µmol/l: 141 x (sCr / 80)-0,411 x 0, 993Alter Männer SKrea > 80 µmol/l: 141 x (sCr / 80)-1,209 x 0, 993Alter (SKrea in µmol/l; Alter in Jahren) Alle Formeln x 1,159 bei afro-amerikanischer Abstammung.",e. • Bei Erwachsenen ≥ 18 Jahre wird die Verwendung der CKD-EPI Formel empfohlen eGF
V10DE-NUM-116,V10DE,14,26;27,80,µmol/l,>,"0,329 x 0,993Alter Frauen SKrea > 62 µmol/l: 144 x (sCr / 62)-1,209 x 0, 993Alter Männer SKrea ≤ 80 µmol/l: 141 x (sCr / 80)-0,411 x 0, 993Alter Männer SKrea > 80 µmol/l: 141 x (sCr / 80)-1,209 x 0, 993Alter (SKrea in µmol/l; Alter in Jahren) Alle Formeln x 1,159 bei afro-amerikanischer Abstammung. • Bei Kindern empfiehlt sich",e. • Bei Erwachsenen ≥ 18 Jahre wird die Verwendung der CKD-EPI Formel empfohlen eGF
V10DE-NUM-117,V10DE,14,26;27,141,,>,"93Alter Frauen SKrea > 62 µmol/l: 144 x (sCr / 62)-1,209 x 0, 993Alter Männer SKrea ≤ 80 µmol/l: 141 x (sCr / 80)-0,411 x 0, 993Alter Männer SKrea > 80 µmol/l: 141 x (sCr / 80)-1,209 x 0, 993Alter (SKrea in µmol/l; Alter in Jahren) Alle Formeln x 1,159 bei afro-amerikanischer Abstammung. • Bei Kindern empfiehlt sich zur B",e. • Bei Erwachsenen ≥ 18 Jahre wird die Verwendung der CKD-EPI Formel empfohlen eGF
V10DE-NUM-118,V10DE,14,26;27,"1,209",,>,"rea > 62 µmol/l: 144 x (sCr / 62)-1,209 x 0, 993Alter Männer SKrea ≤ 80 µmol/l: 141 x (sCr / 80)-0,411 x 0, 993Alter Männer SKrea > 80 µmol/l: 141 x (sCr / 80)-1,209 x 0, 993Alter (SKrea in µmol/l; Alter in Jahren) Alle Formeln x 1,159 bei afro-amerikanischer Abstammung. • Bei Kindern empfiehlt sich zur Berechnung der eGFR",e. • Bei Erwachsenen ≥ 18 Jahre wird die Verwendung der CKD-EPI Formel empfohlen eGF
V10DE-NUM-119,V10DE,14,26;27,993,,,"ol/l: 144 x (sCr / 62)-1,209 x 0, 993Alter Männer SKrea ≤ 80 µmol/l: 141 x (sCr / 80)-0,411 x 0, 993Alter Männer SKrea > 80 µmol/l: 141 x (sCr / 80)-1,209 x 0, 993Alter (SKrea in µmol/l; Alter in Jahren) Alle Formeln x 1,159 bei afro-amerikanischer Abstammung. • Bei Kindern empfiehlt sich zur Berechnung der eGFR die übera",e. • Bei Erwachsenen ≥ 18 Jahre wird die Verwendung der CKD-EPI Formel empfohlen eGF
V10DE-NUM-120,V10DE,14,26;27,"1,159",,,"0 µmol/l: 141 x (sCr / 80)-0,411 x 0, 993Alter Männer SKrea > 80 µmol/l: 141 x (sCr / 80)-1,209 x 0, 993Alter (SKrea in µmol/l; Alter in Jahren) Alle Formeln x 1,159 bei afro-amerikanischer Abstammung. • Bei Kindern empfiehlt sich zur Berechnung der eGFR die überarbeitete Schwartz Formel eGFR (ml/min/1,73 m2) = 36,5 × Körpe",e. • Bei Erwachsenen ≥ 18 Jahre wird die Verwendung der CKD-EPI Formel empfohlen eGF
V10DE-NUM-121,V10DE,14,26;27,73,,,"Alle Formeln x 1,159 bei afro-amerikanischer Abstammung. • Bei Kindern empfiehlt sich zur Berechnung der eGFR die überarbeitete Schwartz Formel eGFR (ml/min/1,73 m2) = 36,5 × Körpergröße / SKrea (SKrea in µmol/l; Körpergröße in cm) Merke: Weder Serum- noch Plasma-Kreatinin ist ein verlässlicher Indikator für die Nierenf",e. • Bei Erwachsenen ≥ 18 Jahre wird die Verwendung der CKD-EPI Formel empfohlen eGF
V10DE-NUM-122,V10DE,14,26;27,"36,5",,,"meln x 1,159 bei afro-amerikanischer Abstammung. • Bei Kindern empfiehlt sich zur Berechnung der eGFR die überarbeitete Schwartz Formel eGFR (ml/min/1,73 m2) = 36,5 × Körpergröße / SKrea (SKrea in µmol/l; Körpergröße in cm) Merke: Weder Serum- noch Plasma-Kreatinin ist ein verlässlicher Indikator für die Nierenfunktion, ei",e. • Bei Erwachsenen ≥ 18 Jahre wird die Verwendung der CKD-EPI Formel empfohlen eGF
V10DE-NUM-123,V10DE,15,28;29,45,"ml/min/1,73 m2",unter,"hte Wirkungen iodhaltiger B.2.1. Untersuchungsbedingungen Röntgenkontrastmittel Elektive Untersuchung Risikofaktoren für PC-AKI Von Patientenseite • eGFR unter 45 ml/min/1,73 m2 Messung der Nierenfunktion vor intraarterieller Röntgenkontrast- • Messung der eGFR vor intravaskulärer Gabe iodhaltiger mittelgabe mit renalem first-pass Effe",B.2. Renale unerwünschte Wirkungen iodhaltiger B.2.1. Untersuchungsbedingungen Röntgen
V10DE-NUM-124,V10DE,15,28;29,30,"ml/min/1,73 m2",unter,"eGFR vor intravaskulärer Gabe iodhaltiger mittelgabe mit renalem first-pass Effekt Röntgenkontrastmittel oder bei Patienten einer Intensivstation. • eGFR unter 30 ml/min/1,73 m2 Entweder vor Gabe eines intravenösen oder (a) bei allen Patienten intraarteriellen Röntgenkontrastmittels mit renalem second-pass Effekt. oder • Bekanntes oder",B.2. Renale unerwünschte Wirkungen iodhaltiger B.2.1. Untersuchungsbedingungen Röntgen
V10DE-NUM-125,V10DE,15,28;29,60,"ml/min/1,73 m2",<,"trastmittels mit renalem second-pass Effekt. oder • Bekanntes oder vermutetes akutes (b) bei Patienten mit bekannter Nierenversagen. - Nierenerkrankung (eGFR < 60 ml/min/1,73 m2) Untersuchungsbedingt • Intraarterielle Röntgenkontrastmittelgabe - Nierenoperation mit renalem first-pass Effekt. - Proteinurie - Hypertonie • Große Mengen ei",B.2. Renale unerwünschte Wirkungen iodhaltiger B.2.1. Untersuchungsbedingungen Röntgen
V10DE-NUM-126,V10DE,15,28;29,7,,Innerhalb,"t-pass - Diabetes mellitus Effekt. • Hoch-osmolare Röntgenkontrastmittel. • Zeitpunkt der eGFR Bestimmung • Mehrfache Röntgenkontrastmittelgabe - Innerhalb von 7 Tagen vor Röntgenkontrastmittelgabe innerhalb von 48-72 Stunden. bei Patienten mit akuten Erkrankungen, einer akuten Verschlechterungen einer chronischen Erkra",B.2. Renale unerwünschte Wirkungen iodhaltiger B.2.1. Untersuchungsbedingungen Röntgen
V10DE-NUM-127,V10DE,15,28;29,48-72,,innerhalb,"öntgenkontrastmittel. • Zeitpunkt der eGFR Bestimmung • Mehrfache Röntgenkontrastmittelgabe - Innerhalb von 7 Tagen vor Röntgenkontrastmittelgabe innerhalb von 48-72 Stunden. bei Patienten mit akuten Erkrankungen, einer akuten Verschlechterungen einer chronischen Erkrankungen oder hospitalisierten Patienten. - Innerhalb von",B.2. Renale unerwünschte Wirkungen iodhaltiger B.2.1. Untersuchungsbedingungen Röntgen
V10DE-NUM-128,V10DE,15,28;29,3,,Innerhalb,"Stunden. bei Patienten mit akuten Erkrankungen, einer akuten Verschlechterungen einer chronischen Erkrankungen oder hospitalisierten Patienten. - Innerhalb von 3 Monaten vor Kontrastmittelgabe bei allen anderen Patienten. Notfall-Untersuchung Soweit möglich Risiko-Patienten (siehe oben) identifizieren: • eGFR bestimmen,",B.2. Renale unerwünschte Wirkungen iodhaltiger B.2.1. Untersuchungsbedingungen Röntgen
V10DE-NUM-129,V10DE,15,28;29,45,"ml/min/1,73 m²",unter,"erden, sollte man sich bei intraarterieller Gabe mit renaler Exposition im first pass so weit wie möglich nach dem Protokoll für Patienten mit einer eGFR unter 45 ml/min/1,73 m² richten. • Für die intravenöse Gabe oder die intraarterielle Gabe mit renaler Exposition im second pass sollte man sich so weit wie möglich nach dem Protokoll",B.2. Renale unerwünschte Wirkungen iodhaltiger B.2.1. Untersuchungsbedingungen Röntgen
V10DE-NUM-130,V10DE,15,28;29,30,"ml/min/1,73 m²",unter,"e oder die intraarterielle Gabe mit renaler Exposition im second pass sollte man sich so weit wie möglich nach dem Protokoll für Patienten mit einer eGFR unter 30 ml/min/1,73 m² richten. Beides gilt in Abhängigkeit von der klinischen Fragestellung. 28 ﻿Renale unerwünschte Wirkungen (Kontrastmittel-assoziierte akute Nierenschädigung, PC",B.2. Renale unerwünschte Wirkungen iodhaltiger B.2.1. Untersuchungsbedingungen Röntgen
V10DE-NUM-131,V10DE,15,28;29,28,,,"weit wie möglich nach dem Protokoll für Patienten mit einer eGFR unter 30 ml/min/1,73 m² richten. Beides gilt in Abhängigkeit von der klinischen Fragestellung. 28 ﻿Renale unerwünschte Wirkungen (Kontrastmittel-assoziierte akute Nierenschädigung, PC-AKI) ﻿Renale unerwünschte Wirkungen (Kontrastmittel-assoziierte akute Nie",B.2. Renale unerwünschte Wirkungen iodhaltiger B.2.1. Untersuchungsbedingungen Röntgen
V10DE-NUM-132,V10DE,16,30;31,"1,4",%,,"osmolares renalem second-pass Effekt sollte der Röntgenkontrastmittel einsetzen. Patient entweder (a) mit intravenöser • Die niedrigste Kontrastmitteldosierung 1,4%iger Natriumbikarbonatlösung wählen, die für ein diagnostisches (alternativ 154 mmol/l in 5%iger Ergebnis ausreicht. Dextroselösung): 3 ml/kg/h über 1 Stunde •",B.2.3. Zum Zeitpunkt der Untersuchung • Bei intravenöser und intraarterieller Röntgenkon
V10DE-NUM-133,V10DE,16,30;31,154,mmol/l,,"Patient entweder (a) mit intravenöser • Die niedrigste Kontrastmitteldosierung 1,4%iger Natriumbikarbonatlösung wählen, die für ein diagnostisches (alternativ 154 mmol/l in 5%iger Ergebnis ausreicht. Dextroselösung): 3 ml/kg/h über 1 Stunde • Bei intraarterieller Röntgenkontrastmittel- vor Röntgenkontrastmittelgabe oder (b) app",B.2.3. Zum Zeitpunkt der Untersuchung • Bei intravenöser und intraarterieller Röntgenkon
V10DE-NUM-134,V10DE,16,30;31,5,%,,"der (a) mit intravenöser • Die niedrigste Kontrastmitteldosierung 1,4%iger Natriumbikarbonatlösung wählen, die für ein diagnostisches (alternativ 154 mmol/l in 5%iger Ergebnis ausreicht. Dextroselösung): 3 ml/kg/h über 1 Stunde • Bei intraarterieller Röntgenkontrastmittel- vor Röntgenkontrastmittelgabe oder (b) applikati",B.2.3. Zum Zeitpunkt der Untersuchung • Bei intravenöser und intraarterieller Röntgenkon
V10DE-NUM-135,V10DE,16,30;31,3,ml/kg/h,über,"ntrastmitteldosierung 1,4%iger Natriumbikarbonatlösung wählen, die für ein diagnostisches (alternativ 154 mmol/l in 5%iger Ergebnis ausreicht. Dextroselösung): 3 ml/kg/h über 1 Stunde • Bei intraarterieller Röntgenkontrastmittel- vor Röntgenkontrastmittelgabe oder (b) applikation mit renalem first-pass mit intravenöser 0,9%iger",B.2.3. Zum Zeitpunkt der Untersuchung • Bei intravenöser und intraarterieller Röntgenkon
V10DE-NUM-136,V10DE,16,30;31,1,,über,"ierung 1,4%iger Natriumbikarbonatlösung wählen, die für ein diagnostisches (alternativ 154 mmol/l in 5%iger Ergebnis ausreicht. Dextroselösung): 3 ml/kg/h über 1 Stunde • Bei intraarterieller Röntgenkontrastmittel- vor Röntgenkontrastmittelgabe oder (b) applikation mit renalem first-pass mit intravenöser 0,9%iger Kochsa",B.2.3. Zum Zeitpunkt der Untersuchung • Bei intravenöser und intraarterieller Röntgenkon
V10DE-NUM-137,V10DE,16,30;31,"0,9",%,,"ml/kg/h über 1 Stunde • Bei intraarterieller Röntgenkontrastmittel- vor Röntgenkontrastmittelgabe oder (b) applikation mit renalem first-pass mit intravenöser 0,9%iger Kochsalzlösung Effekt sollte entweder das Verhältnis 1ml/kg/h über 3-4 Stunden vor und 4-6 Röntgenkontrastmitteldosierung (in Stunden nach der Untersuchung",B.2.3. Zum Zeitpunkt der Untersuchung • Bei intravenöser und intraarterieller Röntgenkon
V10DE-NUM-138,V10DE,16,30;31,1,ml/kg/h,über,"ittel- vor Röntgenkontrastmittelgabe oder (b) applikation mit renalem first-pass mit intravenöser 0,9%iger Kochsalzlösung Effekt sollte entweder das Verhältnis 1ml/kg/h über 3-4 Stunden vor und 4-6 Röntgenkontrastmitteldosierung (in Stunden nach der Untersuchung hydriert Gramm Iod) / absolute eGFR (in ml/ werden. min/1,73m²) <",B.2.3. Zum Zeitpunkt der Untersuchung • Bei intravenöser und intraarterieller Röntgenkon
V10DE-NUM-139,V10DE,16,30;31,3-4,,über,"tgenkontrastmittelgabe oder (b) applikation mit renalem first-pass mit intravenöser 0,9%iger Kochsalzlösung Effekt sollte entweder das Verhältnis 1ml/kg/h über 3-4 Stunden vor und 4-6 Röntgenkontrastmitteldosierung (in Stunden nach der Untersuchung hydriert Gramm Iod) / absolute eGFR (in ml/ werden. min/1,73m²) < 1.1 oder",B.2.3. Zum Zeitpunkt der Untersuchung • Bei intravenöser und intraarterieller Röntgenkon
V10DE-NUM-140,V10DE,16,30;31,4-6,,über,"be oder (b) applikation mit renalem first-pass mit intravenöser 0,9%iger Kochsalzlösung Effekt sollte entweder das Verhältnis 1ml/kg/h über 3-4 Stunden vor und 4-6 Röntgenkontrastmitteldosierung (in Stunden nach der Untersuchung hydriert Gramm Iod) / absolute eGFR (in ml/ werden. min/1,73m²) < 1.1 oder das Verhältnis • Be",B.2.3. Zum Zeitpunkt der Untersuchung • Bei intravenöser und intraarterieller Röntgenkon
V10DE-NUM-141,V10DE,16,30;31,73,,<,"ml/kg/h über 3-4 Stunden vor und 4-6 Röntgenkontrastmitteldosierung (in Stunden nach der Untersuchung hydriert Gramm Iod) / absolute eGFR (in ml/ werden. min/1,73m²) < 1.1 oder das Verhältnis • Bei intraarterieller Röntgenkontrastmittel- Röntgenkontrastmittelvolumen applikation mit renalem first-pass (in ml) / eGFR (in m",B.2.3. Zum Zeitpunkt der Untersuchung • Bei intravenöser und intraarterieller Röntgenkon
V10DE-NUM-142,V10DE,16,30;31,73,,<,"erieller Röntgenkontrastmittel- Röntgenkontrastmittelvolumen applikation mit renalem first-pass (in ml) / eGFR (in ml/ Effekt sollte der Patient entweder min/1,73m2) < 3.0 sein, falls eine (a) mit intravenöser 1,4%iger Röntgenkontrastmittelkonzentration von Natriumbikarbonatlösung (alternativ 154 350 mg/ml verwendet wird",B.2.3. Zum Zeitpunkt der Untersuchung • Bei intravenöser und intraarterieller Röntgenkon
V10DE-NUM-143,V10DE,16,30;31,"1,4",%,,"telvolumen applikation mit renalem first-pass (in ml) / eGFR (in ml/ Effekt sollte der Patient entweder min/1,73m2) < 3.0 sein, falls eine (a) mit intravenöser 1,4%iger Röntgenkontrastmittelkonzentration von Natriumbikarbonatlösung (alternativ 154 350 mg/ml verwendet wird. mmol/l in in 5%iger Dextroselösung): 3 ml/kg/h übe",B.2.3. Zum Zeitpunkt der Untersuchung • Bei intravenöser und intraarterieller Röntgenkon
V10DE-NUM-144,V10DE,16,30;31,154,,,"er Patient entweder min/1,73m2) < 3.0 sein, falls eine (a) mit intravenöser 1,4%iger Röntgenkontrastmittelkonzentration von Natriumbikarbonatlösung (alternativ 154 350 mg/ml verwendet wird. mmol/l in in 5%iger Dextroselösung): 3 ml/kg/h über 1 Stunde vor gefolgt von 1 ml/kg/h über 4-6 Stunden nach Kontrastmittelgabe oder",B.2.3. Zum Zeitpunkt der Untersuchung • Bei intravenöser und intraarterieller Röntgenkon
V10DE-NUM-145,V10DE,16,30;31,350,mg/ml,,"atient entweder min/1,73m2) < 3.0 sein, falls eine (a) mit intravenöser 1,4%iger Röntgenkontrastmittelkonzentration von Natriumbikarbonatlösung (alternativ 154 350 mg/ml verwendet wird. mmol/l in in 5%iger Dextroselösung): 3 ml/kg/h über 1 Stunde vor gefolgt von 1 ml/kg/h über 4-6 Stunden nach Kontrastmittelgabe oder (b) mit B.",B.2.3. Zum Zeitpunkt der Untersuchung • Bei intravenöser und intraarterieller Röntgenkon
V10DE-NUM-146,V10DE,16,30;31,5,%,über,"falls eine (a) mit intravenöser 1,4%iger Röntgenkontrastmittelkonzentration von Natriumbikarbonatlösung (alternativ 154 350 mg/ml verwendet wird. mmol/l in in 5%iger Dextroselösung): 3 ml/kg/h über 1 Stunde vor gefolgt von 1 ml/kg/h über 4-6 Stunden nach Kontrastmittelgabe oder (b) mit B.2.4. Nach der Untersuchung intra",d. mmol/l in in 5%iger Dextroselösung): 3 ml/kg/h über 1 Stunde vor gefolgt von 1 ml
V10DE-NUM-147,V10DE,16,30;31,3,ml/kg/h,über,"avenöser 1,4%iger Röntgenkontrastmittelkonzentration von Natriumbikarbonatlösung (alternativ 154 350 mg/ml verwendet wird. mmol/l in in 5%iger Dextroselösung): 3 ml/kg/h über 1 Stunde vor gefolgt von 1 ml/kg/h über 4-6 Stunden nach Kontrastmittelgabe oder (b) mit B.2.4. Nach der Untersuchung intravenöser 0,9%iger Kochsalzlösung",d. mmol/l in in 5%iger Dextroselösung): 3 ml/kg/h über 1 Stunde vor gefolgt von 1 ml
V10DE-NUM-148,V10DE,16,30;31,1,,über,"er Röntgenkontrastmittelkonzentration von Natriumbikarbonatlösung (alternativ 154 350 mg/ml verwendet wird. mmol/l in in 5%iger Dextroselösung): 3 ml/kg/h über 1 Stunde vor gefolgt von 1 ml/kg/h über 4-6 Stunden nach Kontrastmittelgabe oder (b) mit B.2.4. Nach der Untersuchung intravenöser 0,9%iger Kochsalzlösung 1 ml/k",d. mmol/l in in 5%iger Dextroselösung): 3 ml/kg/h über 1 Stunde vor gefolgt von 1 ml
V10DE-NUM-149,V10DE,16,30;31,1,ml/kg/h,über,"onzentration von Natriumbikarbonatlösung (alternativ 154 350 mg/ml verwendet wird. mmol/l in in 5%iger Dextroselösung): 3 ml/kg/h über 1 Stunde vor gefolgt von 1 ml/kg/h über 4-6 Stunden nach Kontrastmittelgabe oder (b) mit B.2.4. Nach der Untersuchung intravenöser 0,9%iger Kochsalzlösung 1 ml/kg/h über 3-4 Stunden vor und 4-6",d. mmol/l in in 5%iger Dextroselösung): 3 ml/kg/h über 1 Stunde vor gefolgt von 1 ml
V10DE-NUM-150,V10DE,16,30;31,4-6,,vor,"n Natriumbikarbonatlösung (alternativ 154 350 mg/ml verwendet wird. mmol/l in in 5%iger Dextroselösung): 3 ml/kg/h über 1 Stunde vor gefolgt von 1 ml/kg/h über 4-6 Stunden nach Kontrastmittelgabe oder (b) mit B.2.4. Nach der Untersuchung intravenöser 0,9%iger Kochsalzlösung 1 ml/kg/h über 3-4 Stunden vor und 4-6 Risiko-Pa",d. mmol/l in in 5%iger Dextroselösung): 3 ml/kg/h über 1 Stunde vor gefolgt von 1 ml
V10DE-NUM-151,V10DE,16,30;31,"0,9",%,Nach,"troselösung): 3 ml/kg/h über 1 Stunde vor gefolgt von 1 ml/kg/h über 4-6 Stunden nach Kontrastmittelgabe oder (b) mit B.2.4. Nach der Untersuchung intravenöser 0,9%iger Kochsalzlösung 1 ml/kg/h über 3-4 Stunden vor und 4-6 Risiko-Patienten • Ggf. Fortführen der präventiven Stunden nach der Untersuchung hydriert Hydrierung","B.2.4. Nach der Untersuchung intravenöser 0,9%iger Kochsalzlösung 1 ml/kg/h über 3-4 Stu"
V10DE-NUM-152,V10DE,16,30;31,1,ml/kg/h,über,"über 1 Stunde vor gefolgt von 1 ml/kg/h über 4-6 Stunden nach Kontrastmittelgabe oder (b) mit B.2.4. Nach der Untersuchung intravenöser 0,9%iger Kochsalzlösung 1 ml/kg/h über 3-4 Stunden vor und 4-6 Risiko-Patienten • Ggf. Fortführen der präventiven Stunden nach der Untersuchung hydriert Hydrierung (siehe Protokolle). werden. •","B.2.4. Nach der Untersuchung intravenöser 0,9%iger Kochsalzlösung 1 ml/kg/h über 3-4 Stu"
V10DE-NUM-153,V10DE,16,30;31,3-4,,über,"or gefolgt von 1 ml/kg/h über 4-6 Stunden nach Kontrastmittelgabe oder (b) mit B.2.4. Nach der Untersuchung intravenöser 0,9%iger Kochsalzlösung 1 ml/kg/h über 3-4 Stunden vor und 4-6 Risiko-Patienten • Ggf. Fortführen der präventiven Stunden nach der Untersuchung hydriert Hydrierung (siehe Protokolle). werden. • eGFR 48","B.2.4. Nach der Untersuchung intravenöser 0,9%iger Kochsalzlösung 1 ml/kg/h über 3-4 Stu"
V10DE-NUM-154,V10DE,16,30;31,4-6,,über,"kg/h über 4-6 Stunden nach Kontrastmittelgabe oder (b) mit B.2.4. Nach der Untersuchung intravenöser 0,9%iger Kochsalzlösung 1 ml/kg/h über 3-4 Stunden vor und 4-6 Risiko-Patienten • Ggf. Fortführen der präventiven Stunden nach der Untersuchung hydriert Hydrierung (siehe Protokolle). werden. • eGFR 48 Stunden nach Röntgen","B.2.4. Nach der Untersuchung intravenöser 0,9%iger Kochsalzlösung 1 ml/kg/h über 3-4 Stu"
V10DE-NUM-155,V10DE,16,30;31,48,,nach,3-4 Stunden vor und 4-6 Risiko-Patienten • Ggf. Fortführen der präventiven Stunden nach der Untersuchung hydriert Hydrierung (siehe Protokolle). werden. • eGFR 48 Stunden nach Röntgenkontrast- • Der behandelnde Arzt sollte die präventive mittelgabe bestimmen. Volumenexpansion bei Patienten mit • Falls nach 48 Stunden die,"B.2.4. Nach der Untersuchung intravenöser 0,9%iger Kochsalzlösung 1 ml/kg/h über 3-4 Stu"
V10DE-NUM-156,V10DE,16,30;31,48,,nach,"den. • eGFR 48 Stunden nach Röntgenkontrast- • Der behandelnde Arzt sollte die präventive mittelgabe bestimmen. Volumenexpansion bei Patienten mit • Falls nach 48 Stunden die Diagnose schwerer kongestiver Herzinsuffizienz einer PC-AKI gestellt wird, sollte der (NYHA Stadium 3-4) oder bei Patienten mit Patient für mindest","B.2.4. Nach der Untersuchung intravenöser 0,9%iger Kochsalzlösung 1 ml/kg/h über 3-4 Stu"
V10DE-NUM-157,V10DE,16,30;31,3-4,,,"umenexpansion bei Patienten mit • Falls nach 48 Stunden die Diagnose schwerer kongestiver Herzinsuffizienz einer PC-AKI gestellt wird, sollte der (NYHA Stadium 3-4) oder bei Patienten mit Patient für mindestens 30 Tage klinisch terminaler Niereninsuffizienz (eGFR < 15 überwacht und die eGFR in regelmäßigen ml/min/1,73 m²)","B.2.4. Nach der Untersuchung intravenöser 0,9%iger Kochsalzlösung 1 ml/kg/h über 3-4 Stu"
V10DE-NUM-158,V10DE,16,30;31,30,,mindestens,"nden die Diagnose schwerer kongestiver Herzinsuffizienz einer PC-AKI gestellt wird, sollte der (NYHA Stadium 3-4) oder bei Patienten mit Patient für mindestens 30 Tage klinisch terminaler Niereninsuffizienz (eGFR < 15 überwacht und die eGFR in regelmäßigen ml/min/1,73 m²) individuell anpassen. Abständen bestimmt werden.","B.2.4. Nach der Untersuchung intravenöser 0,9%iger Kochsalzlösung 1 ml/kg/h über 3-4 Stu"
V10DE-NUM-159,V10DE,16,30;31,15,,<,"einer PC-AKI gestellt wird, sollte der (NYHA Stadium 3-4) oder bei Patienten mit Patient für mindestens 30 Tage klinisch terminaler Niereninsuffizienz (eGFR < 15 überwacht und die eGFR in regelmäßigen ml/min/1,73 m²) individuell anpassen. Abständen bestimmt werden. • Eine alleinige orale Hydrierung - zur präventiven Vol","B.2.4. Nach der Untersuchung intravenöser 0,9%iger Kochsalzlösung 1 ml/kg/h über 3-4 Stu"
V10DE-NUM-160,V10DE,16,30;31,73,,,"um 3-4) oder bei Patienten mit Patient für mindestens 30 Tage klinisch terminaler Niereninsuffizienz (eGFR < 15 überwacht und die eGFR in regelmäßigen ml/min/1,73 m²) individuell anpassen. Abständen bestimmt werden. • Eine alleinige orale Hydrierung - zur präventiven Volumenexpansion wird nicht Merke: Bisher gibt es kein","B.2.4. Nach der Untersuchung intravenöser 0,9%iger Kochsalzlösung 1 ml/kg/h über 3-4 Stu"
V10DE-NUM-161,V10DE,16,30;31,30,,,"tiver Substanzen oder zytoprotektiven Wirkstoffen), die Patienten nachweislich vor einer Kontrastmittel-assoziierten akuten Nierenschädigung (PC-AKI) schützen. 30 ﻿Renale unerwünschte Wirkungen (Kontrastmittel-assoziierte akute Nierenschädigung, PC-AKI) ﻿Renale unerwünschte Wirkungen (Kontrastmittel-assoziierte akute Nie","B.2.4. Nach der Untersuchung intravenöser 0,9%iger Kochsalzlösung 1 ml/kg/h über 3-4 Stu"
V10DE-NUM-162,V10DE,17,32;33,30,"ml/min/1,73 m2",>,"t hydriert und es werden niedrig- oder iso-osmolare iodhaltige Röntgenkontrastmittel B.4.1. Iodhaltige Kontrastmittel eingesetzt. 1. Patienten mit einer eGFR > 30 ml/min/1,73 m2 ohne Anhalt für • Patienten mit Multiplem Myelom haben häufig eine eingeschränkte PC-AKI, welche entweder intravenös oder intraarteriell Röntgenkontrast- Niere","B.4.1. Iodhaltige Kontrastmittel eingesetzt. 1. Patienten mit einer eGFR > 30 ml/min/1,7"
V10DE-NUM-163,V10DE,17,32;33,30,"ml/min/1,73 m2",<,"g erhöhen kann. Korrektur 2. Bei Patienten der Hyperkalzämie vor Röntgenkontrastmittelgabe sollte mit einem Hämatologen besprochen werden. (a) mit einer eGFR < 30 ml/min/1,73 m2, welche intravenös oder intraarteriell Röntgenkontrastmittel mit renalem second-pass Effekt • Die Bestimmung einer Bence Jones Proteinurie vor erhalten sollen,","B.4.1. Iodhaltige Kontrastmittel eingesetzt. 1. Patienten mit einer eGFR > 30 ml/min/1,7"
V10DE-NUM-164,V10DE,17,32;33,48,,innerhalb,"Röntgenkontrast- MR-Untersuchungen mittelapplikation abgesetzt werden. • Das PC-AKI-Risiko ist sehr gering, wenn das gadoliniumhaltige Falls sich innerhalb von 48 Stunden nach Röntgenkontrastmittelgabe Kontrastmittel in zugelassenen Dosen eingesetzt wird. die Nierenfunktion nicht signifikant verändert hat, kann die • Bei",B.3. Renale unerwünschte Wirkungen gadoliniumhaltiger oder Kontrastmittel (c) mit AKI:
V10DE-NUM-165,V10DE,17,32;33,60,"ml/min/1,73 m2",<,"nnehmen, ein gadoliniumhaltiges • Bei Patienten mit eingeschränkter Nierenfunktion (eGFR Kontrastmittel bekommen, da das Risiko einer PC-AKI sehr gering ist. < 60 ml/min/1,73 m2) sollten gadoliniumhaltige Kontrastmittel bei Röntgenuntersuchungen sollten nicht angewendet werden. • In Dosierungen, die zu einer vergleichbaren Röntgenschwä",B.4.2. Gadoliniumhaltige Kontrastmittel • Gadoliniumhaltige Kontrastmittel sind bei Rönt
V10DE-NUM-166,V10DE,17,32;33,32,,,"Fibrose schützt. Bei allen Patienten sollte eine osmotische und eine Überladung mit Flüssigkeit vermieden werden. Zur Vermeidung eines NSF-Risikos siehe A.3.2. 32 ﻿Renale unerwünschte Wirkungen (Kontrastmittel-assoziierte akute Nierenschädigung, PC-AKI) ﻿Renale unerwünschte Wirkungen (Kontrastmittel-assoziierte akute Nie",A.3.2. 32 ﻿Renale unerwünschte Wirkungen (Kontrastmittel-assoziierte akute Nierenschädig
V10DE-NUM-167,V10DE,18,34;35,30,"ml/min/1,73 m2",>,"iodhaltigem Röntgenkontrastmittel betragen? mit dem Hämodialysezeitpunkt 1. Patienten mit normaler oder moderat verringerter Nierenfunktion abzustimmen. (GFR > 30 ml/min/1,73 m2) • Nach der Kontrastmittelgabe sollte so früh 75 % des iodhaltigen Röntgenkontrastmittels werden binnen wie möglich eine Hämodialyse durchgeführt 4 Stunden nac",B.7. Wie lange sollte in der Routinediagnostik der zeitliche Abstand zwischen zwei Unt
V10DE-NUM-168,V10DE,18,34;35,75,%,,"eitpunkt 1. Patienten mit normaler oder moderat verringerter Nierenfunktion abzustimmen. (GFR > 30 ml/min/1,73 m2) • Nach der Kontrastmittelgabe sollte so früh 75 % des iodhaltigen Röntgenkontrastmittels werden binnen wie möglich eine Hämodialyse durchgeführt 4 Stunden nach Kontrastmittelgabe ausgeschieden. Es sollten werd",B.7. Wie lange sollte in der Routinediagnostik der zeitliche Abstand zwischen zwei Unt
V10DE-NUM-169,V10DE,18,34;35,4,,nach,"l/min/1,73 m2) • Nach der Kontrastmittelgabe sollte so früh 75 % des iodhaltigen Röntgenkontrastmittels werden binnen wie möglich eine Hämodialyse durchgeführt 4 Stunden nach Kontrastmittelgabe ausgeschieden. Es sollten werden. 4 Stunden zwischen den Untersuchungen mit iodhaltigen Kontinuierliche Iodhaltige Kontrastmitt",B.7. Wie lange sollte in der Routinediagnostik der zeitliche Abstand zwischen zwei Unt
V10DE-NUM-170,V10DE,18,34;35,4,,Unter,iodhaltigen Röntgenkontrastmittels werden binnen wie möglich eine Hämodialyse durchgeführt 4 Stunden nach Kontrastmittelgabe ausgeschieden. Es sollten werden. 4 Stunden zwischen den Untersuchungen mit iodhaltigen Kontinuierliche Iodhaltige Kontrastmittel Röntgenkontrastmitteln liegen. ambulante • Eine Hämodialyse zur K,B.7. Wie lange sollte in der Routinediagnostik der zeitliche Abstand zwischen zwei Unt
V10DE-NUM-171,V10DE,18,34;35,30,"ml/min/1,73 m2",nach,"nte • Eine Hämodialyse zur Kontrastmittel- 2. Patienten mit hochgradig eingeschränkter Nierenfunktion Peritonealdialyse elimination ist nach iodhaltigen (GFR < 30ml/min/1,73 m2) (CAPD) Röntgenkontrastmitteln nicht notwendig. Es sollte ein Abstand von 48 Stunden zwischen zwei Applikationen Gadoliniumhaltige Kontrastmittel iodhaltiger R",B.7. Wie lange sollte in der Routinediagnostik der zeitliche Abstand zwischen zwei Unt
V10DE-NUM-172,V10DE,18,34;35,48,,,"enfunktion Peritonealdialyse elimination ist nach iodhaltigen (GFR < 30ml/min/1,73 m2) (CAPD) Röntgenkontrastmitteln nicht notwendig. Es sollte ein Abstand von 48 Stunden zwischen zwei Applikationen Gadoliniumhaltige Kontrastmittel iodhaltiger Röntgenkontrastmittel liegen. • Die Notwendigkeit einer Hämodialyse sollte 3.",B.7. Wie lange sollte in der Routinediagnostik der zeitliche Abstand zwischen zwei Unt
V10DE-NUM-173,V10DE,18,34;35,48,,mindestens,"überweisenden Arzt besprochen Falls es eine Restdiurese gibt, sollte zwischen zwei Applikationen werden. iodhaltiger Kontrastmittel ein Abstand von mindestens 48 Stunden liegen. B.6. Ist bei Routineuntersuchungen die Gabe iod- und B.8. Wie lange sollte in der Routinediagnostik der gadoliniumhaltiger Kontrastmittel am se",B.7. Wie lange sollte in der Routinediagnostik der zeitliche Abstand zwischen zwei Unt
V10DE-NUM-174,V10DE,18,34;35,30,"ml/min/1,73 m2",>,"Tag iod- und 1. Patienten mit normaler oder moderat verringerter Nierenfunktion gadoliniumhaltige Kontrastmittel für kontrastmittelgestütze CT-und MRT- (GFR > 30 ml/min/1,73 m2) Untersuchen gegeben werden. 75 % des gadoliniumhaltigen Kontrastmittels werden binnen 4 Um das Risiko einer Nephrotoxizität zu minimieren, empfiehlt sich folg",B.6. Ist bei Routineuntersuchungen die Gabe iod- und B.8. Wie lange sollte in der Rout
V10DE-NUM-175,V10DE,18,34;35,75,%,Unter,"derat verringerter Nierenfunktion gadoliniumhaltige Kontrastmittel für kontrastmittelgestütze CT-und MRT- (GFR > 30 ml/min/1,73 m2) Untersuchen gegeben werden. 75 % des gadoliniumhaltigen Kontrastmittels werden binnen 4 Um das Risiko einer Nephrotoxizität zu minimieren, empfiehlt sich folgendes: Stunden nach Kontrastmittel",B.6. Ist bei Routineuntersuchungen die Gabe iod- und B.8. Wie lange sollte in der Rout
V10DE-NUM-176,V10DE,18,34;35,4,,,"stmittel für kontrastmittelgestütze CT-und MRT- (GFR > 30 ml/min/1,73 m2) Untersuchen gegeben werden. 75 % des gadoliniumhaltigen Kontrastmittels werden binnen 4 Um das Risiko einer Nephrotoxizität zu minimieren, empfiehlt sich folgendes: Stunden nach Kontrastmittelgabe ausgeschieden. Es sollten 4 Stunden zwischen den U",B.6. Ist bei Routineuntersuchungen die Gabe iod- und B.8. Wie lange sollte in der Rout
V10DE-NUM-177,V10DE,18,34;35,4,,Unter,"tmittels werden binnen 4 Um das Risiko einer Nephrotoxizität zu minimieren, empfiehlt sich folgendes: Stunden nach Kontrastmittelgabe ausgeschieden. Es sollten 4 Stunden zwischen den Untersuchungen mit gadoliniumhaltigen 1. Patienten mit normaler oder moderat verringerter Nierenfunktion Kontrastmitteln liegen. (GFR > 30",B.6. Ist bei Routineuntersuchungen die Gabe iod- und B.8. Wie lange sollte in der Rout
V10DE-NUM-178,V10DE,18,34;35,30,"ml/min/1,73 m2",>,"4 Stunden zwischen den Untersuchungen mit gadoliniumhaltigen 1. Patienten mit normaler oder moderat verringerter Nierenfunktion Kontrastmitteln liegen. (GFR > 30 ml/min/1,73 m2) 2. Patienten mit hochgradig eingeschränkter Nierenfunktion 75 % sowohl iod- als auch gadoliniumhaltiger Kontrastmittel werden (GFR < 30ml/min/1,73 m2) oder mi",B.6. Ist bei Routineuntersuchungen die Gabe iod- und B.8. Wie lange sollte in der Rout
V10DE-NUM-179,V10DE,18,34;35,75,%,,"normaler oder moderat verringerter Nierenfunktion Kontrastmitteln liegen. (GFR > 30 ml/min/1,73 m2) 2. Patienten mit hochgradig eingeschränkter Nierenfunktion 75 % sowohl iod- als auch gadoliniumhaltiger Kontrastmittel werden (GFR < 30ml/min/1,73 m2) oder mit Dialyse binnen 4 Stunden nach Kontrastmittelgabe ausgeschieden.",B.6. Ist bei Routineuntersuchungen die Gabe iod- und B.8. Wie lange sollte in der Rout
V10DE-NUM-180,V10DE,18,34;35,30,"ml/min/1,73 m2",<,"(GFR > 30 ml/min/1,73 m2) 2. Patienten mit hochgradig eingeschränkter Nierenfunktion 75 % sowohl iod- als auch gadoliniumhaltiger Kontrastmittel werden (GFR < 30ml/min/1,73 m2) oder mit Dialyse binnen 4 Stunden nach Kontrastmittelgabe ausgeschieden. Es sollten 4 Stunden zwischen der Gabe von iod- und gadoliniumhaltigen Es sollte ein",B.6. Ist bei Routineuntersuchungen die Gabe iod- und B.8. Wie lange sollte in der Rout
V10DE-NUM-181,V10DE,18,34;35,4,,nach,"t hochgradig eingeschränkter Nierenfunktion 75 % sowohl iod- als auch gadoliniumhaltiger Kontrastmittel werden (GFR < 30ml/min/1,73 m2) oder mit Dialyse binnen 4 Stunden nach Kontrastmittelgabe ausgeschieden. Es sollten 4 Stunden zwischen der Gabe von iod- und gadoliniumhaltigen Es sollte ein Abstand von 7 Tagen zwische",B.6. Ist bei Routineuntersuchungen die Gabe iod- und B.8. Wie lange sollte in der Rout
V10DE-NUM-182,V10DE,18,34;35,4,,,"als auch gadoliniumhaltiger Kontrastmittel werden (GFR < 30ml/min/1,73 m2) oder mit Dialyse binnen 4 Stunden nach Kontrastmittelgabe ausgeschieden. Es sollten 4 Stunden zwischen der Gabe von iod- und gadoliniumhaltigen Es sollte ein Abstand von 7 Tagen zwischen der Gabe Kontrastmitteln liegen. 2. Patienten mit hochgrad",B.6. Ist bei Routineuntersuchungen die Gabe iod- und B.8. Wie lange sollte in der Rout
V10DE-NUM-183,V10DE,18,34;35,7,,,ialyse binnen 4 Stunden nach Kontrastmittelgabe ausgeschieden. Es sollten 4 Stunden zwischen der Gabe von iod- und gadoliniumhaltigen Es sollte ein Abstand von 7 Tagen zwischen der Gabe Kontrastmitteln liegen. 2. Patienten mit hochgradig eingeschränkter Nierenfunktion gadoliniumhaltiger Kontrastmittel liegen. (GFR < 30m,B.6. Ist bei Routineuntersuchungen die Gabe iod- und B.8. Wie lange sollte in der Rout
V10DE-NUM-184,V10DE,18,34;35,30,"ml/min/1,73 m2",<,"n 7 Tagen zwischen der Gabe Kontrastmitteln liegen. 2. Patienten mit hochgradig eingeschränkter Nierenfunktion gadoliniumhaltiger Kontrastmittel liegen. (GFR < 30ml/min/1,73 m2 oder Dialysepflicht) Es sollte ein Abstand von 7 Tagen zwischen der Gabe von iod- und gadoliniumhaltiger Kontrastmittel liegen. 34 ﻿Renale unerwünschte Wirkung",B.6. Ist bei Routineuntersuchungen die Gabe iod- und B.8. Wie lange sollte in der Rout
V10DE-NUM-185,V10DE,18,34;35,7,,,"mit hochgradig eingeschränkter Nierenfunktion gadoliniumhaltiger Kontrastmittel liegen. (GFR < 30ml/min/1,73 m2 oder Dialysepflicht) Es sollte ein Abstand von 7 Tagen zwischen der Gabe von iod- und gadoliniumhaltiger Kontrastmittel liegen. 34 ﻿Renale unerwünschte Wirkungen (Kontrastmittel-assoziierte akute Nierenschädi",B.6. Ist bei Routineuntersuchungen die Gabe iod- und B.8. Wie lange sollte in der Rout
V10DE-NUM-186,V10DE,18,34;35,34,,,"liegen. (GFR < 30ml/min/1,73 m2 oder Dialysepflicht) Es sollte ein Abstand von 7 Tagen zwischen der Gabe von iod- und gadoliniumhaltiger Kontrastmittel liegen. 34 ﻿Renale unerwünschte Wirkungen (Kontrastmittel-assoziierte akute Nierenschädigung, PC-AKI) ﻿Renale unerwünschte Wirkungen (Kontrastmittel-assoziierte akute Nie",B.6. Ist bei Routineuntersuchungen die Gabe iod- und B.8. Wie lange sollte in der Rout
V10DE-NUM-187,V10DE,21,40;41,4,,,mittels gadoliniumhaltigen abnehmen unverändert weiter Kontrastmittels stillen. fortgesetzt werden. • Bei Patienten mit normaler Nierenfunktion kann bei Bedarf 4 Schwangere oder Siehe renale Keine Stunden nach Kontrastmittelgabe eine Stillende mit unerwünschte gadoliniumhaltigen Blutentnahme erfolgen. eingeschränkter Wi,
V10DE-NUM-188,V10DE,21,40;41,45,"ml/min/1,73 m2",Vor,"er Wirkungen (B.2.). Kontrastmittel Es müssen anwenden. • Bei Patienten mit reduzierter Nierenfunktion Nierenfunktion (eGFR keine weiteren Vorsichtsmaßnahmen < 45 ml/min/1,73 m2) sollten für den Fetus oder Blutentnahmen so lange wie möglich Neugeborenen nach Kontrastmittelgabe hinausgezögert berücksichtigt werden. werden. • Sammelurin",
V10DE-NUM-189,V10DE,21,40;41,24,,unter,ür den Fetus oder Blutentnahmen so lange wie möglich Neugeborenen nach Kontrastmittelgabe hinausgezögert berücksichtigt werden. werden. • Sammelurin sollte für 24 Stunden unterbleiben. C.6. Wechselwirkungen mit anderen Wirkstoffen und • Die Effekte eines Kontrastmittels auf klinischen Tests die Laborauswertungen können j,
V10DE-NUM-190,V10DE,21,40;41,24,,mindestens,"bleiben. Metformin Siehe Kapitel über renale unerwünschte Wirkungen (B.4) Knochen, Erythrozyten- Iodhaltiges Röntgenkontrastmittel Markierung sollte mindestens 24 Stunden vor einer Nephrotoxische Das Absetzen nephrotoxischer geplanten Isotopen-Untersuchung nicht Medikamente Medikamente vor Kontrastmittelgabe ist mehr geg",C.6. Wechselwirkungen mit anderen Wirkstoffen und • Die Effekte eines Kontrastmittels
V10DE-NUM-191,V10DE,21,40;41,2,,über,nflammatorische Medikamente (NSAD) ß-Blocker ß-Blocker können die Behandlung eines Bronchospasmus und das Ansprechen auf Adrenalin beeinträchtigen. Interleukin-2 Siehe Kapitel über späte unerwünschte Wirkungen (A.2). 40 ﻿Verschiedenes ﻿Verschiedenes 41,C.6. Wechselwirkungen mit anderen Wirkstoffen und • Die Effekte eines Kontrastmittels
V10DE-NUM-192,V10DE,21,40;41,40,,,nnen die Behandlung eines Bronchospasmus und das Ansprechen auf Adrenalin beeinträchtigen. Interleukin-2 Siehe Kapitel über späte unerwünschte Wirkungen (A.2). 40 ﻿Verschiedenes ﻿Verschiedenes 41,C.6. Wechselwirkungen mit anderen Wirkstoffen und • Die Effekte eines Kontrastmittels
V10DE-NUM-193,V10DE,21,40;41,41,,,spasmus und das Ansprechen auf Adrenalin beeinträchtigen. Interleukin-2 Siehe Kapitel über späte unerwünschte Wirkungen (A.2). 40 ﻿Verschiedenes ﻿Verschiedenes 41,C.6. Wechselwirkungen mit anderen Wirkstoffen und • Die Effekte eines Kontrastmittels
V10DE-NUM-194,V10DE,22,42;43,2014,,,"n • Der Zusammenhang zwischen diesen Veränderungen und sich größere Mengen nach Gabe von nichtionischen-linearen gadoliniumhaltigen Kontrastmittel wurde zuerst 2014 berichtet. Kontrastmitteln ab. • Kann nicht durch MRT nachgewiesen werden. • Die abgelagerte Menge ist gering, jedoch größer als im Gehirn. C.7.1.2. Merkmale •",e. C.7.1.1. Nachweis C.7.2.2. Merkmale • Erkennbar als Regionen erhöhter Signalinten
V10DE-NUM-195,V10DE,22,42;43,42,,nach,"e Dosis gadoliniumhaltiger Kontrastmittel, desto ausgedehnter waren die Areale mit hoher Signalintensität. • Die Retention tritt nur nach mehrmaliger Gabe auf. 42 ﻿Verschiedenes ﻿Verschiedenes 43","e. • Je höher die bisherige kumulative Dosis gadoliniumhaltiger Kontrastmittel, dest"
V10DE-NUM-196,V10DE,22,42;43,43,,,"stmittel, desto ausgedehnter waren die Areale mit hoher Signalintensität. • Die Retention tritt nur nach mehrmaliger Gabe auf. 42 ﻿Verschiedenes ﻿Verschiedenes 43","e. • Je höher die bisherige kumulative Dosis gadoliniumhaltiger Kontrastmittel, dest"
V10DE-NUM-197,V10DE,23,44;45,24,,Innerhalb,eichende Daten zu unerwünschten verwenden. Wirkungen durch Ultraschall- • Bei Neugeborenen Kontrastmittel. und Patienten mit Kontraindikationen • Innerhalb von 24 Stunden vor Risiko einer extrakorporaler Stoßwellen-Therapie Leckagein das Me- sollte kein Ultraschall-Kontrastmittel diastinum und/oder gegeben werden. die Lu,C.8. Weitere Aspekte bezüglich Gadolinium C.9. Sicherheit von bariumhaltigen Röntgenko
V10DE-NUM-198,V10DE,24,46;47,1,,,"n Kontrastmitteln • Diagnostische und therapeutische Medikamente werden häufig Off- Klassifikation der Symptome nach Ring und Messmer: Label eingesetzt. m Grad 1 • Die Fachinformation (FA) oder der Beipackzettel eines Kontrastmittels m Grad 2 gibt Auskunft, für welche Patienten und Indikationen es zugelassen ist. m Grad",C.11. Off-Label-Einsatz von Kontrastmitteln • Diagnostische und therapeutische Medikame
V10DE-NUM-199,V10DE,24,46;47,2,,,"f- Klassifikation der Symptome nach Ring und Messmer: Label eingesetzt. m Grad 1 • Die Fachinformation (FA) oder der Beipackzettel eines Kontrastmittels m Grad 2 gibt Auskunft, für welche Patienten und Indikationen es zugelassen ist. m Grad 3 • Wenn immer möglich, sollte ein Kontrastmittel gewählt werden, das für den sp",C.11. Off-Label-Einsatz von Kontrastmitteln • Diagnostische und therapeutische Medikame
V10DE-NUM-200,V10DE,24,46;47,3,,,"• Die Fachinformation (FA) oder der Beipackzettel eines Kontrastmittels m Grad 2 gibt Auskunft, für welche Patienten und Indikationen es zugelassen ist. m Grad 3 • Wenn immer möglich, sollte ein Kontrastmittel gewählt werden, das für den speziellen Patienten und die Indikation zugelassen ist. m Grad 4 • Gibt es kein gee",C.11. Off-Label-Einsatz von Kontrastmitteln • Diagnostische und therapeutische Medikame
V10DE-NUM-201,V10DE,24,46;47,4,,,"lassen ist. m Grad 3 • Wenn immer möglich, sollte ein Kontrastmittel gewählt werden, das für den speziellen Patienten und die Indikation zugelassen ist. m Grad 4 • Gibt es kein geeignetes zugelassenes Kontrastmittel, muss der Patient über die Risiken und die Vorteile des Off-Label-Einsatzes aufgeklärt werden. Der Patien",C.11. Off-Label-Einsatz von Kontrastmitteln • Diagnostische und therapeutische Medikame
V10DE-NUM-202,V10DE,24,46;47,46,,,der Patient über die Risiken und die Vorteile des Off-Label-Einsatzes aufgeklärt werden. Der Patient muss dem Off-Label-Gebrauch des Kontrastmittels zustimmen. 46 ﻿Verschiedenes ﻿Fragebögen/Musterbriefe 47,C.11. Off-Label-Einsatz von Kontrastmitteln • Diagnostische und therapeutische Medikame
V10DE-NUM-203,V10DE,24,46;47,47,,,le des Off-Label-Einsatzes aufgeklärt werden. Der Patient muss dem Off-Label-Gebrauch des Kontrastmittels zustimmen. 46 ﻿Verschiedenes ﻿Fragebögen/Musterbriefe 47,C.11. Off-Label-Einsatz von Kontrastmitteln • Diagnostische und therapeutische Medikame
V10DE-NUM-204,V10DE,25,48;49,20,,>,reiz Erythem Mit freundlichen Grüßen Urtikaria Dr (Name und weitere Angaben) Angioödem 2 Juckreiz Übelkeit Rhinorrhoe Tachykardie Erythem Krämpfe Heiserkeit (> 20 Schläge/min) Urtikaria Dyspnoe Blutdruckver- D.2. Fragebogen vor Gabe eines iodhaltigen Röntgen- Angioödem änderungen kontrastmittels – vom zuweisenden Arzt au,
V10DE-NUM-205,V10DE,25,48;49,20,,>,Urtikaria Dyspnoe Blutdruckver- D.2. Fragebogen vor Gabe eines iodhaltigen Röntgen- Angioödem änderungen kontrastmittels – vom zuweisenden Arzt auszufüllen. (> 20 mm Hg systolisch) Arrhythmie 1. Moderate oder schwere Reaktionen auf iodhaltige Röntgenkontrastmittel in der Anamnese  m Ja m Nein 3 Juckreiz Erbrechen Laryn,D.2. Fragebogen vor Gabe eines iodhaltigen Röntgen- Angioödem änderungen kontrastmitte
V10DE-NUM-206,V10DE,25,48;49,2,,,��������������������������������������������������� m Ja m Nein Datum ���������������������������������������������������������������������������������������� 2 STD SPÄTER 13. Nimmt der Patient zurzeit eines der folgenden Medikamente m Ja m Nein Ergebnisse: Histamin: Tryptase: Metformin  m Ja m Nein Interleukin-2 m J,"B. Nachfolgeuntersuchung, Intensivstation, Entlassung nach Hause, …): 11. Gicht  m"
V10DE-NUM-207,V10DE,25,48;49,2,,VOR,���� 2 STD SPÄTER 13. Nimmt der Patient zurzeit eines der folgenden Medikamente m Ja m Nein Ergebnisse: Histamin: Tryptase: Metformin  m Ja m Nein Interleukin-2 m Ja m Nein ANAMNESTISCH VORBEKANNTE KONTRASTMITTELREAKTION Nichtsteroidale Antiphlogistika (NSAID)  m Ja m Nein m Ja m Nein Aminoglykoside  m Ja m Nein Fal,"B. Nachfolgeuntersuchung, Intensivstation, Entlassung nach Hause, …): 11. Gicht  m"
V10DE-NUM-208,V10DE,25,48;49,48,,nach,ls allergisch oder nicht-allergisch Ausgefüllt von____________________ Datum������������������������ zu klassifizieren und für die Suche nach Kreuzreaktionen. 48 ﻿Fragebögen/Musterbriefe ﻿Fragebögen/Musterbriefe 49,"B. Nachfolgeuntersuchung, Intensivstation, Entlassung nach Hause, …): 11. Gicht  m"
V10DE-NUM-209,V10DE,25,48;49,49,,,_________________ Datum������������������������ zu klassifizieren und für die Suche nach Kreuzreaktionen. 48 ﻿Fragebögen/Musterbriefe ﻿Fragebögen/Musterbriefe 49,"B. Nachfolgeuntersuchung, Intensivstation, Entlassung nach Hause, …): 11. Gicht  m"
V10DE-NUM-210,V10DE,26,50;51,30,"ml/min/1,73 m²",<,"r Radiol 2006; 16: 1041-1049. 4. Hat der Patient eine terminale Niereninsuffizienz Bellin M-F, Jakobsen JÅ, Tomassin I, Thomsen HS, Morcos SK, Members (eGFR < 30 ml/min/1,73 m²) oder ist er dialysepflichtig? m Ja m Nein of the Contrast Media Safety Committee of the European Society of 5. Hat der Patient eine eingeschränkte Nierenfun",Anhang 1. Veröffentlichungen des Komitees für 1. Moderate oder sc
V10DE-NUM-211,V10DE,26,50;51,30-60,"ml/min/1,73 m²",,"enfunktion Urogenital Radiology. Contrast medium extravasation injury: guidelines for prevention and management. Eur Radiol 2002; 12: 2807–2812. (eGFR zwischen 30-60 ml/min/1,73 m²)?* m Ja m Nein Bellin M-F, Webb JAW, Molen AJvd, Thomsen HS, Morcos SK, Members of * Nur, wenn eine Substanz mit hohem Risiko gegeben wurde. Contrast Media Sa",Anhang 1. Veröffentlichungen des Komitees für 1. Moderate oder sc
V10DE-NUM-212,V10DE,28,54;55,54,,,"ne-Version der ESUR-Webseite (www.esur.org), adaptiert durch KONTEXTGesundheit KTG GmbH, Berlin Booklet-Layout BBMG | Bössenrodt Blanke Marketing Group, Berlin 54 ﻿Anhang ﻿Anhang 55",Anhang 2. Mitglieder des Komitees für Kontrastmittelsicherheit der
BK25-NUM-001,BK25,3,3,1994,,more than,"Preface The Contrast Media Safety Committee, which was founded in 1994, is proud to present the Contrast Agent Guidelines 2025. Over the years, more than 200,000 copies of the booklet",terminology/preface
BK25-NUM-002,BK25,3,3,2025,,more than,"The Contrast Media Safety Committee, which was founded in 1994, is proud to present the Contrast Agent Guidelines 2025. Over the years, more than 200,000 copies of the booklet have been printed, and it has been translated into many languages. Although most contrast",terminology/preface
BK25-NUM-003,BK25,3,3,"200,000",,more than,"The Contrast Media Safety Committee, which was founded in 1994, is proud to present the Contrast Agent Guidelines 2025. Over the years, more than 200,000 copies of the booklet have been printed, and it has been translated into many languages. Although most contrast",terminology/preface
BK25-NUM-004,BK25,3,3,10,,,"From now on, the guidelines will also be published in electronic form on the ESUR webpage and updated annually. Consequently, following Version 10, the 2025 version of the guidelines is now released. The guidelines should be understood as a permanent work in progress,",general
BK25-NUM-005,BK25,3,3,2025,,,"From now on, the guidelines will also be published in electronic form on the ESUR webpage and updated annually. Consequently, following Version 10, the 2025 version of the guidelines is now released. The guidelines should be understood as a permanent work in progress,",general
BK25-NUM-006,BK25,3,3,2025,,,"The 2025 version of the guidelines includes, among others, updated sections on contrast agent hypersensitivity and extravasation as well as recommended waiting times between",hypersensitivity/management; waiting times; extravasation
BK25-NUM-007,BK25,3,3,2025,,,Legal notice: The Committee and authors of the contrast agent guidelines 2025 claim no responsibility for the content of the translated versions of the guidelines.,general
BK25-NUM-008,BK25,6,6,1,h,within; up to,"Hypersensitivity reactions to contrast agents (in adults) An immediate hypersensitivity reaction occurs within 1h of contrast agent administration (rarely up to 6h), while a non-immediate hypersensitivity reaction occurs between 1h and 1",hypersensitivity/management
BK25-NUM-009,BK25,6,6,6,h,within; after; up to,"An immediate hypersensitivity reaction occurs within 1h of contrast agent administration (rarely up to 6h), while a non-immediate hypersensitivity reaction occurs between 1h and 1 week (rarely up to 8 weeks) after administration.",hypersensitivity/management
BK25-NUM-010,BK25,6,6,1,h,within; after; up to,"An immediate hypersensitivity reaction occurs within 1h of contrast agent administration (rarely up to 6h), while a non-immediate hypersensitivity reaction occurs between 1h and 1 week (rarely up to 8 weeks) after administration.",hypersensitivity/management
BK25-NUM-011,BK25,6,6,1,,within; after; up to,"An immediate hypersensitivity reaction occurs within 1h of contrast agent administration (rarely up to 6h), while a non-immediate hypersensitivity reaction occurs between 1h and 1 week (rarely up to 8 weeks) after administration.",hypersensitivity/management
BK25-NUM-012,BK25,6,6,8,weeks,after; up to,"(rarely up to 6h), while a non-immediate hypersensitivity reaction occurs between 1h and 1 week (rarely up to 8 weeks) after administration.",hypersensitivity/management
BK25-NUM-013,BK25,6,6,1,,,"Nasal congestion Grade 1 Sneezing, conjunctivitis, rhinorrhoea Limited/ Grade 1",general
BK25-NUM-014,BK25,6,6,1,,,"Nasal congestion Grade 1 Sneezing, conjunctivitis, rhinorrhoea Limited/ Grade 1 scattered urticaria & pruritus Mild Grade 1",hypersensitivity/management
BK25-NUM-015,BK25,6,6,1,,,"Sneezing, conjunctivitis, rhinorrhoea Limited/ Grade 1 scattered urticaria & pruritus Mild Grade 1 Cutaneous oedema Grade 1",hypersensitivity/management
BK25-NUM-016,BK25,6,6,1,,,scattered urticaria & pruritus Mild Grade 1 Cutaneous oedema Grade 1 Limited itchy/scratchy throat Grade 1,hypersensitivity/management
BK25-NUM-017,BK25,6,6,1,,,Cutaneous oedema Grade 1 Limited itchy/scratchy throat Grade 1,general
BK25-NUM-018,BK25,6,6,1,,,"Diffuse urticaria & pruritus Grade 1 Diffuse erythema, no hypotension Grade 1",hypersensitivity/management
BK25-NUM-019,BK25,6,6,1,,,"Diffuse urticaria & pruritus Grade 1 Diffuse erythema, no hypotension Grade 1 Facial oedema, no dyspnoea Moderate Grade 1",hypersensitivity/management
BK25-NUM-020,BK25,6,6,1,,,"Diffuse erythema, no hypotension Grade 1 Facial oedema, no dyspnoea Moderate Grade 1 Throat hoarseness, no dyspnoea Grade 2",general
BK25-NUM-021,BK25,6,6,2,,,"Facial oedema, no dyspnoea Moderate Grade 1 Throat hoarseness, no dyspnoea Grade 2 Mild bronchospasm, no hypoxia Grade 2",hypersensitivity/management
BK25-NUM-022,BK25,6,6,2,,,"Throat hoarseness, no dyspnoea Grade 2 Mild bronchospasm, no hypoxia Grade 2",hypersensitivity/management
BK25-NUM-023,BK25,6,6,2,,,"Diffuse/facial oedema, with dyspnoea Grade 2 Diffuse erythema, with hypotension Grade 3",general
BK25-NUM-024,BK25,6,6,3,,,"Diffuse/facial oedema, with dyspnoea Grade 2 Diffuse erythema, with hypotension Grade 3 Laryngeal oedema, with hypoxia Grade 3",general
BK25-NUM-025,BK25,6,6,3,,,"Diffuse erythema, with hypotension Grade 3 Laryngeal oedema, with hypoxia Grade 3 Severe",general
BK25-NUM-026,BK25,6,6,3,,,"Severe Severe bronchospasm, with hypoxia Grade 3 Anaphylactic shock Grade 3",hypersensitivity/management
BK25-NUM-027,BK25,6,6,3,,,"Severe bronchospasm, with hypoxia Grade 3 Anaphylactic shock Grade 3 Cardiopulmonary arrest Grade 4",hypersensitivity/management
BK25-NUM-028,BK25,6,6,4,,,Anaphylactic shock Grade 3 Cardiopulmonary arrest Grade 4,general
BK25-NUM-029,BK25,7,7,"1:1,000",dilution,,"‫ ׇ‬One-way mouth rebreather apparatus ‫ ׇ‬Adrenaline 1 mg/mL (1:1,000) ‫ ׇ‬H1-Antihistamine suitable for injection",hypersensitivity/management; dosing/equipment
BK25-NUM-030,BK25,7,7,1,mg/mL,,"‫ ׇ‬One-way mouth rebreather apparatus ‫ ׇ‬Adrenaline 1 mg/mL (1:1,000) ‫ ׇ‬H1-Antihistamine suitable for injection",hypersensitivity/management; dosing/equipment
BK25-NUM-031,BK25,7,7,1,,,"‫ ׇ‬One-way mouth rebreather apparatus ‫ ׇ‬Adrenaline 1 mg/mL (1:1,000) ‫ ׇ‬H1-Antihistamine suitable for injection",hypersensitivity/management; dosing/equipment
BK25-NUM-032,BK25,7,7,"1,000",,,"‫ ׇ‬One-way mouth rebreather apparatus ‫ ׇ‬Adrenaline 1 mg/mL (1:1,000) ‫ ׇ‬H1-Antihistamine suitable for injection",hypersensitivity/management; dosing/equipment
BK25-NUM-033,BK25,7,7,2,,,‫ ׇ‬Atropine ‫ ׇ‬Short acting β2-agonist metered dose inhaler or nebuliser ‫ ׇ‬Anti-convulsive drugs,general
BK25-NUM-034,BK25,8,8,4,h,within; after; certainly within,"‫ׇ‬ Hypotension: keep patient in prone position, raise legs. ‫ׇ‬ Consider measuring serum tryptase as soon as practical, but certainly within 4h after start of the reaction",documentation
BK25-NUM-035,BK25,8,8,10 to 15,L/min,,"‫ ׇ‬Call rapid response team. ‫ ׇ‬Give oxygen 10 to 15 L/min with non-rebreathing mask. ‫ ׇ‬Give 0.5mg adrenaline IM in lateral upper thigh, repeat as necessary, guided by heart",hypersensitivity/management
BK25-NUM-036,BK25,8,8,0.5,mg,,"‫ ׇ‬Give oxygen 10 to 15 L/min with non-rebreathing mask. ‫ ׇ‬Give 0.5mg adrenaline IM in lateral upper thigh, repeat as necessary, guided by heart rate.",hypersensitivity/management
BK25-NUM-037,BK25,8,8,500,mL,,"rate. ‫ ׇ‬Give fluid bolus of crystalloid 500 ml IV in 10 minutes, repeat as necessary. ‫ ׇ‬Short acting β2-agonist: 2 - 10 inhalations of 100 µg of salbutamol via inhalation",general
BK25-NUM-038,BK25,8,8,10,min,,"rate. ‫ ׇ‬Give fluid bolus of crystalloid 500 ml IV in 10 minutes, repeat as necessary. ‫ ׇ‬Short acting β2-agonist: 2 - 10 inhalations of 100 µg of salbutamol via inhalation",general
BK25-NUM-039,BK25,8,8,2,,depending on severity; repeat every,"‫ ׇ‬Give fluid bolus of crystalloid 500 ml IV in 10 minutes, repeat as necessary. ‫ ׇ‬Short acting β2-agonist: 2 - 10 inhalations of 100 µg of salbutamol via inhalation [depending on severity], with option to repeat every 20 minutes, or via nebulization",general
BK25-NUM-040,BK25,8,8,2-10,inhalations,depending on severity; repeat every,"‫ ׇ‬Give fluid bolus of crystalloid 500 ml IV in 10 minutes, repeat as necessary. ‫ ׇ‬Short acting β2-agonist: 2 - 10 inhalations of 100 µg of salbutamol via inhalation [depending on severity], with option to repeat every 20 minutes, or via nebulization",general
BK25-NUM-041,BK25,8,8,100,µg,depending on severity; repeat every,"‫ ׇ‬Give fluid bolus of crystalloid 500 ml IV in 10 minutes, repeat as necessary. ‫ ׇ‬Short acting β2-agonist: 2 - 10 inhalations of 100 µg of salbutamol via inhalation [depending on severity], with option to repeat every 20 minutes, or via nebulization",general
BK25-NUM-042,BK25,8,8,20,min,up to; depending on severity; repeat every,"‫ ׇ‬Short acting β2-agonist: 2 - 10 inhalations of 100 µg of salbutamol via inhalation [depending on severity], with option to repeat every 20 minutes, or via nebulization (2.5-5 µg diluted in 3 mL of saline solution) up to 1 hour",general
BK25-NUM-043,BK25,8,8,2.5-5,µg,up to; depending on severity; repeat every,"[depending on severity], with option to repeat every 20 minutes, or via nebulization (2.5-5 µg diluted in 3 mL of saline solution) up to 1 hour ‫ ׇ‬Give chlorphenamine 20mg or clemastine 2 mg IV, repeat as necessary.",hypersensitivity/management
BK25-NUM-044,BK25,8,8,3,mL,up to; depending on severity; repeat every,"[depending on severity], with option to repeat every 20 minutes, or via nebulization (2.5-5 µg diluted in 3 mL of saline solution) up to 1 hour ‫ ׇ‬Give chlorphenamine 20mg or clemastine 2 mg IV, repeat as necessary.",hypersensitivity/management
BK25-NUM-045,BK25,8,8,1,h,up to; depending on severity; repeat every,"[depending on severity], with option to repeat every 20 minutes, or via nebulization (2.5-5 µg diluted in 3 mL of saline solution) up to 1 hour ‫ ׇ‬Give chlorphenamine 20mg or clemastine 2 mg IV, repeat as necessary.",hypersensitivity/management
BK25-NUM-046,BK25,8,8,20,mg,up to,"(2.5-5 µg diluted in 3 mL of saline solution) up to 1 hour ‫ ׇ‬Give chlorphenamine 20mg or clemastine 2 mg IV, repeat as necessary. ‫ ׇ‬Consider adding corticosteroid (for example prednisolone 50 mg IV*)",hypersensitivity/management
BK25-NUM-047,BK25,8,8,2,mg,up to,"(2.5-5 µg diluted in 3 mL of saline solution) up to 1 hour ‫ ׇ‬Give chlorphenamine 20mg or clemastine 2 mg IV, repeat as necessary. ‫ ׇ‬Consider adding corticosteroid (for example prednisolone 50 mg IV*)",hypersensitivity/management
BK25-NUM-048,BK25,8,8,50,mg,,"‫ ׇ‬Give chlorphenamine 20mg or clemastine 2 mg IV, repeat as necessary. ‫ ׇ‬Consider adding corticosteroid (for example prednisolone 50 mg IV*)",hypersensitivity/management
BK25-NUM-049,BK25,8,8,50,mg,equivalent to,*Prednisolone 50 mg IV is equivalent to: ‫ ׇ‬40 mg methylprednisolone,general
BK25-NUM-050,BK25,8,8,40,mg,equivalent to,*Prednisolone 50 mg IV is equivalent to: ‫ ׇ‬40 mg methylprednisolone ‫ ׇ‬8 mg dexamethasone,general
BK25-NUM-051,BK25,8,8,8,mg,,‫ ׇ‬40 mg methylprednisolone ‫ ׇ‬8 mg dexamethasone ‫ ׇ‬200 mg hydrocortisone,general
BK25-NUM-052,BK25,8,8,200,mg,,‫ ׇ‬8 mg dexamethasone ‫ ׇ‬200 mg hydrocortisone,general
BK25-NUM-053,BK25,9,9,2,,depending on severity; repeat every,"Mild bronchospasm: ‫ ׇ‬Short acting β2-agonist: 2 - 4 inhalations of 100 µg of salbutamol via inhalation [depending on severity], with option to repeat every 20 minutes, or via nebulisation (2.5-",hypersensitivity/management
BK25-NUM-054,BK25,9,9,2-4,inhalations,depending on severity; repeat every,"Mild bronchospasm: ‫ ׇ‬Short acting β2-agonist: 2 - 4 inhalations of 100 µg of salbutamol via inhalation [depending on severity], with option to repeat every 20 minutes, or via nebulisation (2.5-",hypersensitivity/management
BK25-NUM-055,BK25,9,9,100,µg,depending on severity; repeat every,"Mild bronchospasm: ‫ ׇ‬Short acting β2-agonist: 2 - 4 inhalations of 100 µg of salbutamol via inhalation [depending on severity], with option to repeat every 20 minutes, or via nebulisation (2.5-",hypersensitivity/management
BK25-NUM-056,BK25,9,9,20,min,depending on severity; repeat every,"‫ ׇ‬Short acting β2-agonist: 2 - 4 inhalations of 100 µg of salbutamol via inhalation [depending on severity], with option to repeat every 20 minutes, or via nebulisation (2.5- 5 µg diluted in 3 mL of saline solution) until clinical improvement.",general
BK25-NUM-057,BK25,9,9,2.5,,depending on severity; repeat every,"‫ ׇ‬Short acting β2-agonist: 2 - 4 inhalations of 100 µg of salbutamol via inhalation [depending on severity], with option to repeat every 20 minutes, or via nebulisation (2.5- 5 µg diluted in 3 mL of saline solution) until clinical improvement.",general
BK25-NUM-058,BK25,9,9,5,µg,depending on severity; repeat every,"[depending on severity], with option to repeat every 20 minutes, or via nebulisation (2.5- 5 µg diluted in 3 mL of saline solution) until clinical improvement. ‫ ׇ‬In case of deterioration give adrenaline 0.5 mg IM and consider consulting the rapid",hypersensitivity/management
BK25-NUM-059,BK25,9,9,3,mL,depending on severity; repeat every,"[depending on severity], with option to repeat every 20 minutes, or via nebulisation (2.5- 5 µg diluted in 3 mL of saline solution) until clinical improvement. ‫ ׇ‬In case of deterioration give adrenaline 0.5 mg IM and consider consulting the rapid",hypersensitivity/management
BK25-NUM-060,BK25,9,9,0.5,mg,,5 µg diluted in 3 mL of saline solution) until clinical improvement. ‫ ׇ‬In case of deterioration give adrenaline 0.5 mg IM and consider consulting the rapid response team.,hypersensitivity/management
BK25-NUM-061,BK25,9,9,0.5,mg,,"response team. ‫ ׇ‬When bronchospasm increases in severity, consider repeating adrenaline 0.5mg IM, guided by heart rate.",hypersensitivity/management
BK25-NUM-062,BK25,9,9,10 to 15,L/min,,Facial oedema without stridor: ‫ ׇ‬Give oxygen 10 to 15 L/min via a non-rebreathing mask. ‫ ׇ‬Give chlorphenamine 20 mg or clemastine 2 mg IV.,hypersensitivity/management
BK25-NUM-063,BK25,9,9,20,mg,,"‫ ׇ‬Give oxygen 10 to 15 L/min via a non-rebreathing mask. ‫ ׇ‬Give chlorphenamine 20 mg or clemastine 2 mg IV. ‫ ׇ‬If oedema is severe, near airways, or if stridor develops treat as anaphylaxis.",hypersensitivity/management
BK25-NUM-064,BK25,9,9,2,mg,,"‫ ׇ‬Give oxygen 10 to 15 L/min via a non-rebreathing mask. ‫ ׇ‬Give chlorphenamine 20 mg or clemastine 2 mg IV. ‫ ׇ‬If oedema is severe, near airways, or if stridor develops treat as anaphylaxis.",hypersensitivity/management
BK25-NUM-065,BK25,9,9,20,mg,,Diffuse urticaria/diffuse erythema: ‫ ׇ‬Give chlorphenamine 20 mg or clemastine 2 mg IV. ‫ ׇ‬If accompanied by hypotension: treat as anaphylaxis.,hypersensitivity/management
BK25-NUM-066,BK25,9,9,2,mg,,Diffuse urticaria/diffuse erythema: ‫ ׇ‬Give chlorphenamine 20 mg or clemastine 2 mg IV. ‫ ׇ‬If accompanied by hypotension: treat as anaphylaxis.,hypersensitivity/management
BK25-NUM-067,BK25,9,9,5,mg,once daily,"Consider: ‫ ׇ‬Prescribing a non-sedating antihistamine, for example desloratadine 5 mg PO or cetirizine 10 mg PO (once daily) for mild allergic reactions.",general
BK25-NUM-068,BK25,9,9,10,mg,once daily,"‫ ׇ‬Prescribing a non-sedating antihistamine, for example desloratadine 5 mg PO or cetirizine 10 mg PO (once daily) for mild allergic reactions. ‫ ׇ‬Ondansetron 4mg IV for protracted vomiting.",general
BK25-NUM-069,BK25,9,9,4,mg,once daily,cetirizine 10 mg PO (once daily) for mild allergic reactions. ‫ ׇ‬Ondansetron 4mg IV for protracted vomiting.,general
BK25-NUM-070,BK25,9,9,30,min,<; usually; minimum,"‫ ׇ‬If the patient has experienced a mild reaction, keep them under surveillance until every symptom has disappeared (minimum 30 min, usually <60 min). ‫ ׇ‬Patients experiencing a greater but non-life-threatening reaction should be observed for",general
BK25-NUM-071,BK25,9,9,60,min,<; usually; minimum,"‫ ׇ‬If the patient has experienced a mild reaction, keep them under surveillance until every symptom has disappeared (minimum 30 min, usually <60 min). ‫ ׇ‬Patients experiencing a greater but non-life-threatening reaction should be observed for",general
BK25-NUM-072,BK25,9,9,4-6,h,after; before,‫ ׇ‬Patients experiencing a greater but non-life-threatening reaction should be observed for 4-6 hours after successful treatment before condisdering discharge. ‫ ׇ‬Patients being discharged having had antihistamine medication should be advised not to,general
BK25-NUM-073,BK25,9,9,4,h,within,‫ ׇ‬Patients experiencing a life-threatening reaction should be admitted and observed. ‫ ׇ‬Obtain serum tryptase within 4h of reaction onset (see Prevention of Recurrent Reactions),documentation
BK25-NUM-074,BK25,11,11,4,h,within; after; ≥,Measure serum tryptase within 4 hours from the start of all moderate to severe immediate hypersensitivity reactions to contrast agents. A second measurement after ≥ 24 hours,hypersensitivity/management; documentation
BK25-NUM-075,BK25,11,11,24,h,within; after; ≥,Measure serum tryptase within 4 hours from the start of all moderate to severe immediate hypersensitivity reactions to contrast agents. A second measurement after ≥ 24 hours serves as a baseline for further allergologic examinations.,hypersensitivity/management; documentation
BK25-NUM-076,BK25,11,11,6,months,within; after,"During the allergy assessment, test for the suspected culprit contrast agent and several commonly used alternatives, ideally within 6 months after the hypersensitivity reaction.",hypersensitivity/management
BK25-NUM-077,BK25,12,12,30,min,at least,known* ‫ ׇ‬When the contrast medium is administered: observe the patient at least 30min with IV line in place,general
BK25-NUM-078,BK25,12,12,30,min,at least,gadolinium-based contrast agent ‫ ׇ‬When the contrast medium is administered: observe the patient at least 30min with IV line in place,general
BK25-NUM-079,BK25,12,12,30,min,at least,the culprit contrast medium is known* ‫ ׇ‬When the contrast medium is administered: observe the patient at least 30 minutes with IV line in place,general
BK25-NUM-080,BK25,13,13,30,min,at least,gadolinium-based contrast agent ‫ ׇ‬When the contrast medium is administered: observe the patient at least 30 minutes with IV line in place,general
BK25-NUM-081,BK25,13,13,30,min,at least,the culprit contrast medium is known* ‫ ׇ‬When the contrast medium is administered: observe the patient at least 30 minutes with IV line in place,general
BK25-NUM-082,BK25,13,13,50,mg,before; ≥,Emergency premedication protocol: ‫ ׇ‬50 mg prednisolone IV (or equivalent) – ≥ 30min before contrast administration ‫ ׇ‬2mg clemastine IV (or equivalent) – ≥ 30min before contrast administration,hypersensitivity/management; premedication
BK25-NUM-083,BK25,13,13,30,min,before; ≥,Emergency premedication protocol: ‫ ׇ‬50 mg prednisolone IV (or equivalent) – ≥ 30min before contrast administration ‫ ׇ‬2mg clemastine IV (or equivalent) – ≥ 30min before contrast administration,hypersensitivity/management; premedication
BK25-NUM-084,BK25,13,13,2,mg,before; ≥,‫ ׇ‬50 mg prednisolone IV (or equivalent) – ≥ 30min before contrast administration ‫ ׇ‬2mg clemastine IV (or equivalent) – ≥ 30min before contrast administration,hypersensitivity/management
BK25-NUM-085,BK25,13,13,30,min,before; ≥,‫ ׇ‬50 mg prednisolone IV (or equivalent) – ≥ 30min before contrast administration ‫ ׇ‬2mg clemastine IV (or equivalent) – ≥ 30min before contrast administration,hypersensitivity/management
BK25-NUM-086,BK25,13,13,50,mg,equivalent to,Note: 50 mg prednisolone IV is equivalent to: ‫ ׇ‬40 mg methylprednisolone IV,general
BK25-NUM-087,BK25,13,13,40,mg,equivalent to,Note: 50 mg prednisolone IV is equivalent to: ‫ ׇ‬40 mg methylprednisolone IV ‫ ׇ‬8 mg dexamethasone IV,general
BK25-NUM-088,BK25,13,13,8,mg,,‫ ׇ‬40 mg methylprednisolone IV ‫ ׇ‬8 mg dexamethasone IV ‫ ׇ‬200mg hydrocortisone IV,general
BK25-NUM-089,BK25,13,13,200,mg,,‫ ׇ‬8 mg dexamethasone IV ‫ ׇ‬200mg hydrocortisone IV,general
BK25-NUM-090,BK25,13,13,2,mg,equivalent to,Note: 2mg clemastine IV is equivalent to: ‫ ׇ‬50 mg diphenhydramine IV,hypersensitivity/management
BK25-NUM-091,BK25,13,13,50,mg,equivalent to,Note: 2mg clemastine IV is equivalent to: ‫ ׇ‬50 mg diphenhydramine IV ‫ ׇ‬20 mg chlorphenamine IV,hypersensitivity/management
BK25-NUM-092,BK25,13,13,20,mg,,‫ ׇ‬50 mg diphenhydramine IV ‫ ׇ‬20 mg chlorphenamine IV ‫ ׇ‬10 mg cetirizine IV,hypersensitivity/management
BK25-NUM-093,BK25,13,13,10,mg,,‫ ׇ‬20 mg chlorphenamine IV ‫ ׇ‬10 mg cetirizine IV,hypersensitivity/management
BK25-NUM-094,BK25,13,13,30,min,at least,known* ‫ ׇ‬When the contrast medium is administered: observe the patient at least 30 minutes with,general
BK25-NUM-095,BK25,14,14,30,min,at least,known* ‫ ׇ‬When the contrast medium is administered: observe the patient at least 30 minutes with IV line in place,general
BK25-NUM-096,BK25,15,15,"2,3",,,"Based on current knowledge, cross-reactivity can occur with a higher frequency among: ‫ ׇ‬Iodine-based contrast media with a N-(2,3-hydroxypropyl)-carbamoyl side chain ‫ ׇ‬Macrocyclic gadolinium-based contrast agents",cross-reactivity
BK25-NUM-097,BK25,15,15,2025,,,"when administering iodine-based contrast media Note: From 2025 onwards, the CMSC will follow the recommendations by the ACR/NKF Consensus 2020, and therefore the older term post-contrast acute kidney injury (PC-AKI)",general
BK25-NUM-098,BK25,15,15,2020,,,"Note: From 2025 onwards, the CMSC will follow the recommendations by the ACR/NKF Consensus 2020, and therefore the older term post-contrast acute kidney injury (PC-AKI) has been updated to contrast-associated acute kidney injury (CA-AKI).",CA-AKI/renal
BK25-NUM-099,BK25,15,15,0.3,mg/dl,within; >,"‫ ׇ‬Contrast-associated acute kidney injury (CA-AKI) is defined as an increase in serum creatinine > 0.3 mg/dl (or > 26.5 μmol/l), or > 1.5 times baseline, within 48-72 hours of intravascular administration of a contrast agent.",CA-AKI/renal
BK25-NUM-100,BK25,15,15,26.5,μmol/l,within; >,"‫ ׇ‬Contrast-associated acute kidney injury (CA-AKI) is defined as an increase in serum creatinine > 0.3 mg/dl (or > 26.5 μmol/l), or > 1.5 times baseline, within 48-72 hours of intravascular administration of a contrast agent.",CA-AKI/renal
BK25-NUM-101,BK25,15,15,1.5,,within; >,"‫ ׇ‬Contrast-associated acute kidney injury (CA-AKI) is defined as an increase in serum creatinine > 0.3 mg/dl (or > 26.5 μmol/l), or > 1.5 times baseline, within 48-72 hours of intravascular administration of a contrast agent.",CA-AKI/renal
BK25-NUM-102,BK25,15,15,48-72,,within; >,"‫ ׇ‬Contrast-associated acute kidney injury (CA-AKI) is defined as an increase in serum creatinine > 0.3 mg/dl (or > 26.5 μmol/l), or > 1.5 times baseline, within 48-72 hours of intravascular administration of a contrast agent.",CA-AKI/renal
BK25-NUM-103,BK25,16,16,18,years,≥,‫ ׇ‬In adults ≥ 18 years the creatinine-based 2009 CKD-EPI formula is recommended to calculate eGFR:,CA-AKI/renal
BK25-NUM-104,BK25,16,16,2009,,≥,‫ ׇ‬In adults ≥ 18 years the creatinine-based 2009 CKD-EPI formula is recommended to calculate eGFR:,CA-AKI/renal
BK25-NUM-105,BK25,16,16,1.73,,≤,calculate eGFR: eGFR (ml/min/1.73 m²) = Female sCr ≤ 62 μmol/l: 144 x (sCr / 62)- 0.329 x 0.993Age,CA-AKI/renal
BK25-NUM-106,BK25,16,16,62,μmol/l,≤; >,eGFR (ml/min/1.73 m²) = Female sCr ≤ 62 μmol/l: 144 x (sCr / 62)- 0.329 x 0.993Age Female sCr > 62 μmol/l: 144 x (sCr / 62)- 1.209 x 0.993Age,CA-AKI/renal
BK25-NUM-107,BK25,16,16,144,,≤; >,eGFR (ml/min/1.73 m²) = Female sCr ≤ 62 μmol/l: 144 x (sCr / 62)- 0.329 x 0.993Age Female sCr > 62 μmol/l: 144 x (sCr / 62)- 1.209 x 0.993Age,CA-AKI/renal
BK25-NUM-108,BK25,16,16,62,,≤; >,eGFR (ml/min/1.73 m²) = Female sCr ≤ 62 μmol/l: 144 x (sCr / 62)- 0.329 x 0.993Age Female sCr > 62 μmol/l: 144 x (sCr / 62)- 1.209 x 0.993Age,CA-AKI/renal
BK25-NUM-109,BK25,16,16,0.329,,≤; >,eGFR (ml/min/1.73 m²) = Female sCr ≤ 62 μmol/l: 144 x (sCr / 62)- 0.329 x 0.993Age Female sCr > 62 μmol/l: 144 x (sCr / 62)- 1.209 x 0.993Age,CA-AKI/renal
BK25-NUM-110,BK25,16,16,0.99,,≤; >,eGFR (ml/min/1.73 m²) = Female sCr ≤ 62 μmol/l: 144 x (sCr / 62)- 0.329 x 0.993Age Female sCr > 62 μmol/l: 144 x (sCr / 62)- 1.209 x 0.993Age,CA-AKI/renal
BK25-NUM-111,BK25,16,16,62,μmol/l,≤; >,Female sCr ≤ 62 μmol/l: 144 x (sCr / 62)- 0.329 x 0.993Age Female sCr > 62 μmol/l: 144 x (sCr / 62)- 1.209 x 0.993Age Male sCr ≤80 μmol/l: 141 x (sCr / 80)- 0.411 x 0.993Age,general
BK25-NUM-112,BK25,16,16,144,,≤; >,Female sCr ≤ 62 μmol/l: 144 x (sCr / 62)- 0.329 x 0.993Age Female sCr > 62 μmol/l: 144 x (sCr / 62)- 1.209 x 0.993Age Male sCr ≤80 μmol/l: 141 x (sCr / 80)- 0.411 x 0.993Age,general
BK25-NUM-113,BK25,16,16,62,,≤; >,Female sCr ≤ 62 μmol/l: 144 x (sCr / 62)- 0.329 x 0.993Age Female sCr > 62 μmol/l: 144 x (sCr / 62)- 1.209 x 0.993Age Male sCr ≤80 μmol/l: 141 x (sCr / 80)- 0.411 x 0.993Age,general
BK25-NUM-114,BK25,16,16,1.209,,≤; >,Female sCr ≤ 62 μmol/l: 144 x (sCr / 62)- 0.329 x 0.993Age Female sCr > 62 μmol/l: 144 x (sCr / 62)- 1.209 x 0.993Age Male sCr ≤80 μmol/l: 141 x (sCr / 80)- 0.411 x 0.993Age,general
BK25-NUM-115,BK25,16,16,0.99,,≤; >,Female sCr ≤ 62 μmol/l: 144 x (sCr / 62)- 0.329 x 0.993Age Female sCr > 62 μmol/l: 144 x (sCr / 62)- 1.209 x 0.993Age Male sCr ≤80 μmol/l: 141 x (sCr / 80)- 0.411 x 0.993Age,general
BK25-NUM-116,BK25,16,16,80,μmol/l,≤; >,Female sCr > 62 μmol/l: 144 x (sCr / 62)- 1.209 x 0.993Age Male sCr ≤80 μmol/l: 141 x (sCr / 80)- 0.411 x 0.993Age Male sCr > 80 μmol/l: 141 x (sCr / 80)- 1.209 x 0.993Age,general
BK25-NUM-117,BK25,16,16,141,,≤; >,Female sCr > 62 μmol/l: 144 x (sCr / 62)- 1.209 x 0.993Age Male sCr ≤80 μmol/l: 141 x (sCr / 80)- 0.411 x 0.993Age Male sCr > 80 μmol/l: 141 x (sCr / 80)- 1.209 x 0.993Age,general
BK25-NUM-118,BK25,16,16,80,,≤; >,Female sCr > 62 μmol/l: 144 x (sCr / 62)- 1.209 x 0.993Age Male sCr ≤80 μmol/l: 141 x (sCr / 80)- 0.411 x 0.993Age Male sCr > 80 μmol/l: 141 x (sCr / 80)- 1.209 x 0.993Age,general
BK25-NUM-119,BK25,16,16,0.411,,≤; >,Female sCr > 62 μmol/l: 144 x (sCr / 62)- 1.209 x 0.993Age Male sCr ≤80 μmol/l: 141 x (sCr / 80)- 0.411 x 0.993Age Male sCr > 80 μmol/l: 141 x (sCr / 80)- 1.209 x 0.993Age,general
BK25-NUM-120,BK25,16,16,0.99,,≤; >,Female sCr > 62 μmol/l: 144 x (sCr / 62)- 1.209 x 0.993Age Male sCr ≤80 μmol/l: 141 x (sCr / 80)- 0.411 x 0.993Age Male sCr > 80 μmol/l: 141 x (sCr / 80)- 1.209 x 0.993Age,general
BK25-NUM-121,BK25,16,16,80,μmol/l,≤; >,Male sCr ≤80 μmol/l: 141 x (sCr / 80)- 0.411 x 0.993Age Male sCr > 80 μmol/l: 141 x (sCr / 80)- 1.209 x 0.993Age (sCr in μmol/l; age in years),general
BK25-NUM-122,BK25,16,16,141,,≤; >,Male sCr ≤80 μmol/l: 141 x (sCr / 80)- 0.411 x 0.993Age Male sCr > 80 μmol/l: 141 x (sCr / 80)- 1.209 x 0.993Age (sCr in μmol/l; age in years),general
BK25-NUM-123,BK25,16,16,80,,≤; >,Male sCr ≤80 μmol/l: 141 x (sCr / 80)- 0.411 x 0.993Age Male sCr > 80 μmol/l: 141 x (sCr / 80)- 1.209 x 0.993Age (sCr in μmol/l; age in years),general
BK25-NUM-124,BK25,16,16,1.209,,≤; >,Male sCr ≤80 μmol/l: 141 x (sCr / 80)- 0.411 x 0.993Age Male sCr > 80 μmol/l: 141 x (sCr / 80)- 1.209 x 0.993Age (sCr in μmol/l; age in years),general
BK25-NUM-125,BK25,16,16,0.99,,≤; >,Male sCr ≤80 μmol/l: 141 x (sCr / 80)- 0.411 x 0.993Age Male sCr > 80 μmol/l: 141 x (sCr / 80)- 1.209 x 0.993Age (sCr in μmol/l; age in years),general
BK25-NUM-126,BK25,16,16,1.159,,,"(sCr in μmol/l; age in years) All equations x 1.159 if African American race. ‫ ׇ‬In children, the revised Schwartz formula is recommended to calculate eGFR:",CA-AKI/renal; paediatric
BK25-NUM-127,BK25,16,16,1.73,,,"‫ ׇ‬In children, the revised Schwartz formula is recommended to calculate eGFR: eGFR (ml/min/1.73 m²) = 36.5 x length / sCr (sCr in μmol/l; length in cm)",CA-AKI/renal; paediatric
BK25-NUM-128,BK25,16,16,36.5,,,"‫ ׇ‬In children, the revised Schwartz formula is recommended to calculate eGFR: eGFR (ml/min/1.73 m²) = 36.5 x length / sCr (sCr in μmol/l; length in cm)",CA-AKI/renal; paediatric
BK25-NUM-129,BK25,16,16,45,ml/min/1.73 m²,before; less than,Patient-related risk factors ‫ ׇ‬eGFR less than 45 ml/min/1.73 m² before intra- arterial contrast medium administration with first pass renal exposure or in ICU patients.,CA-AKI/renal
BK25-NUM-130,BK25,16,16,30,ml/min/1.73 m²,before; less than,with first pass renal exposure or in ICU patients. ‫ ׇ‬eGFR less than 30 ml/min/1.73 m² before intravenous contrast medium or intra-arterial contrast medium administration with second pass renal exposure.,CA-AKI/renal
BK25-NUM-131,BK25,16,16,48-72,h,within,‫ ׇ‬Large doses of contrast medium given intra-arterially with first pass renal exposure. ‫ ׇ‬Multiple contrast medium injections within 48-72 hours.,general
BK25-NUM-132,BK25,16,16,60,ml/min/1.73 m²,<,"(b) in patients who have a history of ‫ ׇ‬Renal disease (eGFR < 60 ml/min/1.73 m2, but not in patients receiving dialysis treatment, compare note above)",CA-AKI/renal; dialysis
BK25-NUM-133,BK25,17,17,7,days,within; before,"Timing of eGFR measurement ‫ ׇ‬Within 7 days before contrast medium administration in patients with an acute disease, an acute deterioration of a chronic disease, or who are hospital inpatients.",CA-AKI/renal
BK25-NUM-134,BK25,17,17,3,months,within; before,"an acute deterioration of a chronic disease, or who are hospital inpatients. ‫ ׇ‬Within 3 months before contrast medium administration in all other patients.",general
BK25-NUM-135,BK25,17,17,45,ml/min/1.73 m²,less than,"‫ ׇ‬If eGFR cannot be obtained, follow the protocols for patients with eGFR less than 45 ml/min/1.73 m2 for intra-arterial administration with first pass renal exposure and eGFR less than 30 ml/min/1.73 m2 for intravenous administration and intra-arterial",CA-AKI/renal
BK25-NUM-136,BK25,17,17,30,ml/min/1.73 m²,less than,45 ml/min/1.73 m2 for intra-arterial administration with first pass renal exposure and eGFR less than 30 ml/min/1.73 m2 for intravenous administration and intra-arterial administration with second pass renal exposure as closely as clinical circumstances,CA-AKI/renal
BK25-NUM-137,BK25,17,17,1.4,%,before,with second pass renal exposure hydrate the patient either (a) with intravenous sodium bicarbonate 1.4 % (or 154 mmol/l in dextrose 5 % water): 3 ml/kg/h for 1 hour before contrast medium or (b) with intravenous saline 0.9 % 1 ml/kg/h for 3-4 hours,CA-AKI/renal
BK25-NUM-138,BK25,17,17,154,mmol/l,before,with second pass renal exposure hydrate the patient either (a) with intravenous sodium bicarbonate 1.4 % (or 154 mmol/l in dextrose 5 % water): 3 ml/kg/h for 1 hour before contrast medium or (b) with intravenous saline 0.9 % 1 ml/kg/h for 3-4 hours,CA-AKI/renal
BK25-NUM-139,BK25,17,17,5,%,before,with second pass renal exposure hydrate the patient either (a) with intravenous sodium bicarbonate 1.4 % (or 154 mmol/l in dextrose 5 % water): 3 ml/kg/h for 1 hour before contrast medium or (b) with intravenous saline 0.9 % 1 ml/kg/h for 3-4 hours,CA-AKI/renal
BK25-NUM-140,BK25,17,17,3,mL,before,with second pass renal exposure hydrate the patient either (a) with intravenous sodium bicarbonate 1.4 % (or 154 mmol/l in dextrose 5 % water): 3 ml/kg/h for 1 hour before contrast medium or (b) with intravenous saline 0.9 % 1 ml/kg/h for 3-4 hours,CA-AKI/renal
BK25-NUM-141,BK25,17,17,1,h,before,with second pass renal exposure hydrate the patient either (a) with intravenous sodium bicarbonate 1.4 % (or 154 mmol/l in dextrose 5 % water): 3 ml/kg/h for 1 hour before contrast medium or (b) with intravenous saline 0.9 % 1 ml/kg/h for 3-4 hours,CA-AKI/renal
BK25-NUM-142,BK25,17,17,0.9,%,after; before,sodium bicarbonate 1.4 % (or 154 mmol/l in dextrose 5 % water): 3 ml/kg/h for 1 hour before contrast medium or (b) with intravenous saline 0.9 % 1 ml/kg/h for 3-4 hours before and 4-6 hours after contrast medium.,CA-AKI/renal
BK25-NUM-143,BK25,17,17,1,mL,after; before,sodium bicarbonate 1.4 % (or 154 mmol/l in dextrose 5 % water): 3 ml/kg/h for 1 hour before contrast medium or (b) with intravenous saline 0.9 % 1 ml/kg/h for 3-4 hours before and 4-6 hours after contrast medium.,CA-AKI/renal
BK25-NUM-144,BK25,17,17,3-4,h,after; before,sodium bicarbonate 1.4 % (or 154 mmol/l in dextrose 5 % water): 3 ml/kg/h for 1 hour before contrast medium or (b) with intravenous saline 0.9 % 1 ml/kg/h for 3-4 hours before and 4-6 hours after contrast medium.,CA-AKI/renal
BK25-NUM-145,BK25,17,17,4-6,h,after; before,before contrast medium or (b) with intravenous saline 0.9 % 1 ml/kg/h for 3-4 hours before and 4-6 hours after contrast medium. ‫ ׇ‬For intra-arterial contrast medium administration with first pass renal exposure hydrate,CA-AKI/renal
BK25-NUM-146,BK25,17,17,1.4,%,before,‫ ׇ‬For intra-arterial contrast medium administration with first pass renal exposure hydrate the patient either with (a) intravenous sodium bicarbonate 1.4 % (or 154 mmol/l in dextrose 5 % water): 3 ml/kg/h for 1 hour before followed by 1 ml/kg/h for 4-6 hours,CA-AKI/renal
BK25-NUM-147,BK25,17,17,154,mmol/l,before,‫ ׇ‬For intra-arterial contrast medium administration with first pass renal exposure hydrate the patient either with (a) intravenous sodium bicarbonate 1.4 % (or 154 mmol/l in dextrose 5 % water): 3 ml/kg/h for 1 hour before followed by 1 ml/kg/h for 4-6 hours,CA-AKI/renal
BK25-NUM-148,BK25,17,17,5,%,after; before,the patient either with (a) intravenous sodium bicarbonate 1.4 % (or 154 mmol/l in dextrose 5 % water): 3 ml/kg/h for 1 hour before followed by 1 ml/kg/h for 4-6 hours after contrast medium or (b) with intravenous saline 0.9 % for 3-4 hours before and,CA-AKI/renal
BK25-NUM-149,BK25,17,17,3,mL,after; before,the patient either with (a) intravenous sodium bicarbonate 1.4 % (or 154 mmol/l in dextrose 5 % water): 3 ml/kg/h for 1 hour before followed by 1 ml/kg/h for 4-6 hours after contrast medium or (b) with intravenous saline 0.9 % for 3-4 hours before and,CA-AKI/renal
BK25-NUM-150,BK25,17,17,1,h,after; before,the patient either with (a) intravenous sodium bicarbonate 1.4 % (or 154 mmol/l in dextrose 5 % water): 3 ml/kg/h for 1 hour before followed by 1 ml/kg/h for 4-6 hours after contrast medium or (b) with intravenous saline 0.9 % for 3-4 hours before and,CA-AKI/renal
BK25-NUM-151,BK25,17,17,1,mL,after; before,the patient either with (a) intravenous sodium bicarbonate 1.4 % (or 154 mmol/l in dextrose 5 % water): 3 ml/kg/h for 1 hour before followed by 1 ml/kg/h for 4-6 hours after contrast medium or (b) with intravenous saline 0.9 % for 3-4 hours before and,CA-AKI/renal
BK25-NUM-152,BK25,17,17,4-6,h,after; before,the patient either with (a) intravenous sodium bicarbonate 1.4 % (or 154 mmol/l in dextrose 5 % water): 3 ml/kg/h for 1 hour before followed by 1 ml/kg/h for 4-6 hours after contrast medium or (b) with intravenous saline 0.9 % for 3-4 hours before and,CA-AKI/renal
BK25-NUM-153,BK25,17,17,0.9,%,after; before,dextrose 5 % water): 3 ml/kg/h for 1 hour before followed by 1 ml/kg/h for 4-6 hours after contrast medium or (b) with intravenous saline 0.9 % for 3-4 hours before and 4-6 hours after contrast medium.,CA-AKI/renal
BK25-NUM-154,BK25,17,17,3-4,h,after; before,dextrose 5 % water): 3 ml/kg/h for 1 hour before followed by 1 ml/kg/h for 4-6 hours after contrast medium or (b) with intravenous saline 0.9 % for 3-4 hours before and 4-6 hours after contrast medium.,CA-AKI/renal
BK25-NUM-155,BK25,17,17,4-6,h,after; before,after contrast medium or (b) with intravenous saline 0.9 % for 3-4 hours before and 4-6 hours after contrast medium. ‫ ׇ‬The referring physician responsible for patient care should individualize preventive,CA-AKI/renal
BK25-NUM-156,BK25,17,17,3-4,,<,‫ ׇ‬The referring physician responsible for patient care should individualize preventive hydration in patients with severe congestive heart failure (NYHA grade 3-4) or patients with end-stage renal failure (eGFR < 15 ml/min/1.73 m2).,CA-AKI/renal
BK25-NUM-157,BK25,17,17,15,ml/min/1.73 m²,<,hydration in patients with severe congestive heart failure (NYHA grade 3-4) or patients with end-stage renal failure (eGFR < 15 ml/min/1.73 m2). ‫ ׇ‬Oral hydration is not recommended as the sole method of preventive hydration.,CA-AKI/renal
BK25-NUM-158,BK25,18,18,350,mg,,"exposure, it is recommended to maintain either of the following when using a contrast medium concentration of 350 mg iodine/ml: ‫ ׇ‬the ratio of contrast medium dose (grams of iodine) to absolute eGFR (ml/min)",CA-AKI/renal
BK25-NUM-159,BK25,18,18,1.1,,,"‫ ׇ‬the ratio of contrast medium dose (grams of iodine) to absolute eGFR (ml/min) below 1.1, or ‫ ׇ‬the ratio of contrast medium volume (ml) to eGFR (ml/min/1.73 m²) below 3.0",CA-AKI/renal
BK25-NUM-160,BK25,18,18,1.73,,,"below 1.1, or ‫ ׇ‬the ratio of contrast medium volume (ml) to eGFR (ml/min/1.73 m²) below 3.0",CA-AKI/renal
BK25-NUM-161,BK25,18,18,3.0,,,"below 1.1, or ‫ ׇ‬the ratio of contrast medium volume (ml) to eGFR (ml/min/1.73 m²) below 3.0",CA-AKI/renal
BK25-NUM-162,BK25,18,18,48,h,at least; after,"‫ ׇ‬Continue preventive hydration if appropriate (see protocols above). ‫ ׇ‬Determine eGFR 48 hours after contrast medium administration. ‫ ׇ‬If at 48 hours there is a diagnosis of CA-AKI, monitor the patient clinically for at least",CA-AKI/renal
BK25-NUM-163,BK25,18,18,48,h,at least; after,"‫ ׇ‬Determine eGFR 48 hours after contrast medium administration. ‫ ׇ‬If at 48 hours there is a diagnosis of CA-AKI, monitor the patient clinically for at least 30 days and determine eGFR at regular intervals.",CA-AKI/renal
BK25-NUM-164,BK25,18,18,30,days,at least,"‫ ׇ‬If at 48 hours there is a diagnosis of CA-AKI, monitor the patient clinically for at least 30 days and determine eGFR at regular intervals.",CA-AKI/renal
BK25-NUM-165,BK25,21,21,2-4,,,"‫ ׇ‬Assess severity - classify as mild, moderate, or severe (see above): ‫ ׇ‬Mild cases: limb elevation, ice packs, monitor patient 2–4 hourly. If improving, then discharge. If no improvement, then requires surgical opinion.",general
BK25-NUM-166,BK25,21,21,150,mL,>,"‫ ׇ‬If severe injury is suspected, then urgently seek advice of a surgeon ‫ ׇ‬Surgical opinion also recommended for extravasate >150 ml",extravasation
BK25-NUM-167,BK25,21,21,60,ml/min/1.73 m²,>,"In patients with normal renal function (eGFR >60 mL/min/1.73 m²), consider a waiting time between elective contrast-enhanced MRI with GBCA administration and contrast-enhanced",CA-AKI/renal; waiting times
BK25-NUM-168,BK25,21,21,6,h,optimally; minimally; near complete clearance,CT or (coronary) angiography with iodine-based contrast medium administration of optimally 6 h (near complete clearance of the effects of the previously administered GBCA) and minimally 2 h (if clinical indication requires rapid follow-up).,waiting times
BK25-NUM-169,BK25,21,21,2,h,optimally; minimally; near complete clearance,"optimally 6 h (near complete clearance of the effects of the previously administered GBCA) and minimally 2 h (if clinical indication requires rapid follow-up). In patients with moderate renal impairment (eGFR 30-60 mL/min/1.73 m²), consider",CA-AKI/renal; waiting times
BK25-NUM-170,BK25,21,21,30-60,ml/min/1.73 m²,minimally,"and minimally 2 h (if clinical indication requires rapid follow-up). In patients with moderate renal impairment (eGFR 30-60 mL/min/1.73 m²), consider a waiting time between elective contrast-enhanced MRI with GBCA administration and",CA-AKI/renal; waiting times
BK25-NUM-171,BK25,21,21,48,h,optimally; minimally; near complete clearance,contrast-enhanced CT or (coronary) angiography with iodine-based contrast medium administration of optimally 48 h (near complete clearance of the effects of the previously administered GBCA) and minimally 16 h (if clinical indication requires rapid follow-up).,waiting times
BK25-NUM-172,BK25,21,21,16,h,optimally; minimally; near complete clearance,administration of optimally 48 h (near complete clearance of the effects of the previously administered GBCA) and minimally 16 h (if clinical indication requires rapid follow-up).,waiting times
BK25-NUM-173,BK25,21,21,30,ml/min/1.73 m²,<,"In severe renal impairment (eGFR < 30 mL/min/1.73 m²), consider a waiting time between elective contrast-enhanced MRI with GBCA administration and contrast-enhanced CT or",CA-AKI/renal; waiting times
BK25-NUM-174,BK25,22,22,7,,optimally; near complete clearance,(coronary) angiography with iodine-based contrast medium administration of optimally 7 days (168h - near complete clearance of the effects of the previously administered GBCA),waiting times
BK25-NUM-175,BK25,22,22,168,h,optimally; minimally; near complete clearance,(coronary) angiography with iodine-based contrast medium administration of optimally 7 days (168h - near complete clearance of the effects of the previously administered GBCA) and minimally 2.5 days / 60h (if clinical indication requires rapid follow-up).,waiting times
BK25-NUM-176,BK25,22,22,2.5,days,minimally; near complete clearance,days (168h - near complete clearance of the effects of the previously administered GBCA) and minimally 2.5 days / 60h (if clinical indication requires rapid follow-up).,waiting times
BK25-NUM-177,BK25,22,22,60,h,minimally; near complete clearance,days (168h - near complete clearance of the effects of the previously administered GBCA) and minimally 2.5 days / 60h (if clinical indication requires rapid follow-up).,waiting times
BK25-NUM-178,BK25,22,22,60,ml/min/1.73 m²,optimally; >; near complete clearance,Patients with normal renal function (GFR > 60 ml/min/1.73 m²): Consider a waiting time between administrations of optimally 12 h (near complete clearance,waiting times
BK25-NUM-179,BK25,22,22,12,h,optimally; minimally; >; near complete clearance,Patients with normal renal function (GFR > 60 ml/min/1.73 m²): Consider a waiting time between administrations of optimally 12 h (near complete clearance of the previously administered iodine-based contrast media) and minimally 4h (if clinical,waiting times
BK25-NUM-180,BK25,22,22,4,h,optimally; minimally; near complete clearance,Consider a waiting time between administrations of optimally 12 h (near complete clearance of the previously administered iodine-based contrast media) and minimally 4h (if clinical indication requires rapid follow-up).,waiting times
BK25-NUM-181,BK25,22,22,30-60,ml/min/1.73 m²,optimally; near complete clearance,Patients with moderate renal impairment (GFR 30-60 ml/min/1.73 m²): Consider a waiting time between administrations of optimally 48 h (near complete clearance,waiting times
BK25-NUM-182,BK25,22,22,48,h,optimally; minimally; near complete clearance,Patients with moderate renal impairment (GFR 30-60 ml/min/1.73 m²): Consider a waiting time between administrations of optimally 48 h (near complete clearance of the previously administered iodine-based contrast media) and minimally 16 h (if clinical,waiting times
BK25-NUM-183,BK25,22,22,16,h,optimally; minimally; near complete clearance,Consider a waiting time between administrations of optimally 48 h (near complete clearance of the previously administered iodine-based contrast media) and minimally 16 h (if clinical indication requires rapid follow-up).,waiting times
BK25-NUM-184,BK25,22,22,30,ml/min/1.73 m²,optimally; <,Patients with severely reduced renal function and (pre)dialysis patients with remnant renal function (GFR < 30 ml/min/1.73 m2): Consider a waiting time between administrations of optimally 7 days / 168h (near complete,waiting times; dialysis
BK25-NUM-185,BK25,22,22,7,days,optimally; minimally; <; near complete clearance,renal function (GFR < 30 ml/min/1.73 m2): Consider a waiting time between administrations of optimally 7 days / 168h (near complete clearance of the previously administered iodine-based contrast media) and minimally 2.5,waiting times
BK25-NUM-186,BK25,22,22,168,h,optimally; minimally; <; near complete clearance,renal function (GFR < 30 ml/min/1.73 m2): Consider a waiting time between administrations of optimally 7 days / 168h (near complete clearance of the previously administered iodine-based contrast media) and minimally 2.5,waiting times
BK25-NUM-187,BK25,22,22,2.5,,optimally; minimally; near complete clearance,Consider a waiting time between administrations of optimally 7 days / 168h (near complete clearance of the previously administered iodine-based contrast media) and minimally 2.5 days / 60h (if clinical indication requires rapid follow-up).,waiting times
BK25-NUM-188,BK25,22,22,60,h,minimally,clearance of the previously administered iodine-based contrast media) and minimally 2.5 days / 60h (if clinical indication requires rapid follow-up).,waiting times
BK25-NUM-189,BK25,22,22,3,,at least,Consider a waiting time between successive iodine-based contrast media administrations of at least 3 dialysis sessions.,waiting times; dialysis
BK25-NUM-190,BK25,22,22,12,h,optimally; near complete clearance,"In patients without known renal impairment, consider a waiting time between elective contrast-enhanced MRIs with successive GBCA administrations of optimally 12h (near complete clearance of the previously administered iodine-based contrast media) and",waiting times
BK25-NUM-191,BK25,22,22,4,h,minimally,complete clearance of the previously administered iodine-based contrast media) and minimally 4h (if clinical indication requires rapid follow-up).,waiting times
BK25-NUM-192,BK25,22,22,30-60,ml/min/1.73 m²,,"In patients with moderate renal impairment (if available: eGFR 30–60 mL/min/1.73 m2), consider a waiting time between elective contrast-enhanced MRI with successive GBCA",CA-AKI/renal; waiting times
BK25-NUM-193,BK25,22,22,48,h,optimally; minimally; near complete clearance,consider a waiting time between elective contrast-enhanced MRI with successive GBCA administrations of optimally 48h (near complete clearance of the previously administered iodine-based contrast media) and minimally 16h (if clinical indication requires rapid follow-,waiting times
BK25-NUM-194,BK25,22,22,16,h,optimally; minimally; near complete clearance,administrations of optimally 48h (near complete clearance of the previously administered iodine-based contrast media) and minimally 16h (if clinical indication requires rapid follow- up),waiting times
BK25-NUM-195,BK25,23,23,30,ml/min/1.73 m²,optimally; <; near complete clearance,"In severe renal impairment and (pre)dialysis patients with remnant renal function (eGFR < 30 mL/min/1.73 m2), consider a waiting time between elective contrast-enhanced MRI with successive GBCA administrations of optimally 7 days / 168h (near complete clearance",CA-AKI/renal; waiting times; dialysis
BK25-NUM-196,BK25,23,23,7,days,optimally; minimally; <; near complete clearance,"< 30 mL/min/1.73 m2), consider a waiting time between elective contrast-enhanced MRI with successive GBCA administrations of optimally 7 days / 168h (near complete clearance of the previously administered iodine-based contrast media) and minimally 2.5 days / 60h (if",waiting times
BK25-NUM-197,BK25,23,23,168,h,optimally; minimally; <; near complete clearance,"< 30 mL/min/1.73 m2), consider a waiting time between elective contrast-enhanced MRI with successive GBCA administrations of optimally 7 days / 168h (near complete clearance of the previously administered iodine-based contrast media) and minimally 2.5 days / 60h (if",waiting times
BK25-NUM-198,BK25,23,23,2.5,days,optimally; minimally; near complete clearance,with successive GBCA administrations of optimally 7 days / 168h (near complete clearance of the previously administered iodine-based contrast media) and minimally 2.5 days / 60h (if clinical indication requires rapid follow-up).,waiting times
BK25-NUM-199,BK25,23,23,60,h,optimally; minimally; near complete clearance,with successive GBCA administrations of optimally 7 days / 168h (near complete clearance of the previously administered iodine-based contrast media) and minimally 2.5 days / 60h (if clinical indication requires rapid follow-up).,waiting times
BK25-NUM-200,BK25,23,23,3,,at least,In patients on dialysis with no remnant renal function consider a waiting time between successive gadolinium-based contrast agent administrations of at least 3 dialysis sessions.,waiting times; dialysis
BK25-NUM-201,BK25,23,23,60,ml/min/1.73 m²,at least; optimally; after; >,eGFR > 60 mL/min/1.73 m2 : At least 4h and optimally 12h after administration of the contrast,CA-AKI/renal; waiting times
BK25-NUM-202,BK25,23,23,4,h,at least; optimally; after; >,eGFR > 60 mL/min/1.73 m2 : At least 4h and optimally 12h after administration of the contrast,CA-AKI/renal; waiting times
BK25-NUM-203,BK25,23,23,12,h,at least; optimally; after; >,eGFR > 60 mL/min/1.73 m2 : At least 4h and optimally 12h after administration of the contrast,CA-AKI/renal; waiting times
BK25-NUM-204,BK25,23,23,30-60,ml/min/1.73 m²,at least; optimally; after,eGFR 30-60 mL/min/1.73 m2 : At least 16h and optimally 48h after administration of the contrast,CA-AKI/renal; waiting times
BK25-NUM-205,BK25,23,23,16,h,at least; optimally; after,eGFR 30-60 mL/min/1.73 m2 : At least 16h and optimally 48h after administration of the contrast,CA-AKI/renal; waiting times
BK25-NUM-206,BK25,23,23,48,h,at least; optimally; after,eGFR 30-60 mL/min/1.73 m2 : At least 16h and optimally 48h after administration of the contrast,CA-AKI/renal; waiting times
BK25-NUM-207,BK25,23,23,30,ml/min/1.73 m²,at least; optimally; after; <,eGFR < 30 mL/min/1.73 m2 : At least 2.5 days (60h) and optimally 7 days (168h) after administration of the contrast,CA-AKI/renal; waiting times
BK25-NUM-208,BK25,23,23,2.5,days,at least; optimally; after; <,eGFR < 30 mL/min/1.73 m2 : At least 2.5 days (60h) and optimally 7 days (168h) after administration of the contrast,CA-AKI/renal; waiting times
BK25-NUM-209,BK25,23,23,60,h,at least; optimally; after; <,eGFR < 30 mL/min/1.73 m2 : At least 2.5 days (60h) and optimally 7 days (168h) after administration of the contrast,CA-AKI/renal; waiting times
BK25-NUM-210,BK25,23,23,7,days,at least; optimally; after; <,eGFR < 30 mL/min/1.73 m2 : At least 2.5 days (60h) and optimally 7 days (168h) after administration of the contrast,CA-AKI/renal; waiting times
BK25-NUM-211,BK25,23,23,168,h,at least; optimally; after; <,eGFR < 30 mL/min/1.73 m2 : At least 2.5 days (60h) and optimally 7 days (168h) after administration of the contrast,CA-AKI/renal; waiting times
BK25-NUM-212,BK25,23,23,60,ml/min/1.73 m²,at least; after; >,eGFR > 60 mL/min/1.73 m2 : At least 24h after administration of the contrast,CA-AKI/renal
BK25-NUM-213,BK25,23,23,24,h,at least; after; >,eGFR > 60 mL/min/1.73 m2 : At least 24h after administration of the contrast,CA-AKI/renal
BK25-NUM-214,BK25,23,23,30-60,ml/min/1.73 m²,at least; after,eGFR 30-60 mL/min/1.73 m2 : At least 48h after administration of the contrast,CA-AKI/renal
BK25-NUM-215,BK25,23,23,48,h,at least; after,eGFR 30-60 mL/min/1.73 m2 : At least 48h after administration of the contrast,CA-AKI/renal
BK25-NUM-216,BK25,23,23,30,ml/min/1.73 m²,at least; after; <,eGFR < 30 mL/min/1.73 m2 : At least 7 days (168h) after administration of the contrast,CA-AKI/renal
BK25-NUM-217,BK25,23,23,7,days,at least; after; <,eGFR < 30 mL/min/1.73 m2 : At least 7 days (168h) after administration of the contrast,CA-AKI/renal
BK25-NUM-218,BK25,23,23,168,h,at least; after; <,eGFR < 30 mL/min/1.73 m2 : At least 7 days (168h) after administration of the contrast,CA-AKI/renal
BK25-NUM-219,BK25,24,24,65,,,A diagnosis of nephrogenic systemic fibrosis (NSF) should only be made if the Yale NSF Registry clinical and histopathological criteria are met (J Am Acad Dermatol 2011; 65: 1095- 1106). The association between nephrogenic systemic fibrosis (NSF) and gadolinium-based,NSF/GBCA risk
BK25-NUM-220,BK25,24,24,1095,,,A diagnosis of nephrogenic systemic fibrosis (NSF) should only be made if the Yale NSF Registry clinical and histopathological criteria are met (J Am Acad Dermatol 2011; 65: 1095- 1106). The association between nephrogenic systemic fibrosis (NSF) and gadolinium-based,NSF/GBCA risk
BK25-NUM-221,BK25,24,24,1106,,,Registry clinical and histopathological criteria are met (J Am Acad Dermatol 2011; 65: 1095- 1106). The association between nephrogenic systemic fibrosis (NSF) and gadolinium-based contrast agents was recognised in 2006.,NSF/GBCA risk
BK25-NUM-222,BK25,24,24,2006,,,1106). The association between nephrogenic systemic fibrosis (NSF) and gadolinium-based contrast agents was recognised in 2006.,NSF/GBCA risk
BK25-NUM-223,BK25,24,24,2-3,months,after; up to,"Clinical features ‫ ׇ‬Onset can be from the day of exposure for up to 2-3 months. Rarely, it can occur years after exposure.",general
BK25-NUM-224,BK25,24,24,15,ml/min/1.73 m²,<,"Patient related risk factors ‫ ׇ‬Reduced renal function, particularly if eGFR< 15 ml/min/1.73 m² ‫ ׇ‬Patients on dialysis.",CA-AKI/renal; dialysis
BK25-NUM-225,BK25,24,24,3-18,%,,Estimated incidence in patients with severe renal failure ‫ ׇ‬3-18 % in association with gadodiamide. ‫ ׇ‬0.1-1 % in association with gadopentetate dimeglumine.,NSF/GBCA risk
BK25-NUM-226,BK25,24,24,0.1-1,%,,‫ ׇ‬3-18 % in association with gadodiamide. ‫ ׇ‬0.1-1 % in association with gadopentetate dimeglumine. Recommendations for all patients,NSF/GBCA risk
BK25-NUM-227,BK25,25,25,2-3,%,,Ligand: Ionic linear chelate (BOPTA) Special feature: It is a combined extracellular and liver specific agent with 2-3% albumin binding. In man ~4% is excreted via the liver.,general
BK25-NUM-228,BK25,25,25,4,%,,"Special feature: It is a combined extracellular and liver specific agent with 2-3% albumin binding. In man ~4% is excreted via the liver. ‫ ׇ‬Gadoxetate disodium (Primovist®, Eovist®)",general
BK25-NUM-229,BK25,26,26,30,mL/min,<,"mandatory. ‫ ׇ‬In patients with a known or suspected GFR < 30 mL/min, the use of these contrast agents should follow standard risk–benefit considerations, considering the indication,",general
BK25-NUM-230,BK25,26,26,24,h,after,"‫ ׇ‬Pregnant women: these agents can be used to give essential diagnostic information. ‫ ׇ‬Lactating women: discarding the breast milk in the 24 hours after contrast is not considered necessary, but the patient can discuss with the doctor whether she",pregnancy/lactation
BK25-NUM-231,BK25,27,27,30,ml/min/1.73 m²,>,"Patients with eGFR > 30 ml/min/1.73 m2 and no evidence of AKI, receiving either intravenous or intra- arterial contrast medium with second pass renal exposure: Continue taking",CA-AKI/renal
BK25-NUM-232,BK25,28,28,30,ml/min/1.73 m²,<,"Patients ‫ ׇ‬with eGFR < 30 ml/min/1.73 m2 receiving intravenous contrast medium, or intra-arterial contrast medium with second pass renal exposure.",CA-AKI/renal
BK25-NUM-233,BK25,28,28,48,h,within,Stop taking metformin from the time of contrast medium administration. Measure eGFR within 48 hours and restart metformin if renal function has not changed significantly.,CA-AKI/renal; metformin
BK25-NUM-234,BK25,29,29,24,h,within; after; less than,"media can be associated with an exacerbation of myasthenia gravis symptoms, within the first 24h after administration. ‫ ׇ‬Exacerbation of myasthenia gravis symptomatology occurs probably in less than 5%",myasthenia
BK25-NUM-235,BK25,29,29,5,%,after; less than,the first 24h after administration. ‫ ׇ‬Exacerbation of myasthenia gravis symptomatology occurs probably in less than 5% of the patients receiving low-osmolar or iso-osmolar iodine-based contrast media IV.,myasthenia
BK25-NUM-236,BK25,30,30,24,h,before,Contraindication ‫ ׇ‬Avoid ultrasound contrast agents in the 24 hours before extracorporeal shock wave treatment.,ultrasound CA
BK25-NUM-237,BK25,31,31,10,%,after; approximately,longer on the market. ‫ ׇ‬Approximately 10% more pregnancies and live births occur after HSG with oil-based contrast media compared to HSG with water-based contrast media,pregnancy/lactation; HSG
BK25-NUM-238,BK25,31,31,6,months,after; before,"media. Therefore, in every woman receiving oil-based contrast media, thyroid function should be tested before HSG and monitored for 6 months after HSG with oil-based contrast media.",HSG; thyroid
BK25-NUM-239,BK25,33,33,2,,,‫ ׇ‬Effect of contrast agents on thyroid function in children and adults ‫ ׇ‬Safe use of contrast agents in patients with type 2 diabetes mellitus using metformin ‫ ׇ‬Prevention of CA-AKI,CA-AKI/renal; metformin; paediatric
BK25-NUM-240,BK25,34,34,1,,,Grade 1 2 3 4,general
BK25-NUM-241,BK25,34,34,2,,,Grade 1 2 3 4,general
BK25-NUM-242,BK25,34,34,3,,,Grade 1 2 3 4,general
BK25-NUM-243,BK25,34,34,4,,,Grade 1 2 3 4,general
BK25-NUM-244,BK25,34,34,20,bpm,>,"Tachycardia (increase Pruritus Rhinorrhea of > 20 bpm), Nausea",general
BK25-NUM-245,BK25,34,34,20,mm Hg,>,"Cramping Angioedema pnea (> 20 mm Hg systolic), Arrhythmia",general
BK25-NUM-246,BK25,34,34,4,h,<,‫ ׇ‬at the time of the reaction: YES/NO ‫ < ׇ‬4 hours later: YES/NO ‫ ׇ‬Results: …………………..,general
BK25-NUM-247,BK25,36,36,4,weeks,more than,"□ ongoing recurrent angioedema or ongoing chronic urticaria ☐ YES ☐ NO □ unstable asthma, uncontrolled by therapy, means that in the last 4 weeks the patient experienced: - symptoms more than twice/week? ☐ YES ☐ NO",hypersensitivity/management
BK25-NUM-248,BK25,37,37,3,months,within,If you answered “yes” to one of the questions remember that serum creatinine measurement must be available within 3 months at the procedure time in risk patients.,CA-AKI/renal
BK25-NUM-249,BK25,37,37,30,ml/min,<,"‫ ׇ‬Outpatients with eGFR<30 ml/min and scheduled examinations with intravenous administration of contrast media (CT, contrast enhanced mammography-CESM) are required",CA-AKI/renal
BK25-NUM-250,BK25,37,37,45,ml/min,<,scheduled – in order to organize an adequate iv hydration. ‫ ׇ‬Patients with eGFR<45 ml/min who should undergo intra-arterial administration need to refer to the Radiology Department/Referring Physician.,CA-AKI/renal
BK25-NUM-251,BK25,37,37,30,ml/min,<,"‫ׇ‬ ‫ ׇ‬If METFORMIN is given with eGFR<30 ml/min and an examination with intravenous administration of contrast medium is scheduled (CT, CESM) the Referring Physician is",CA-AKI/renal; metformin
BK25-NUM-252,BK25,37,37,48,,,"administration of contrast medium is scheduled (CT, CESM) the Referring Physician is required to stop metformin at the time of contrast administration; the drug can be resumed 48 hours later if renal function has not changed significantly.",metformin
BK25-NUM-253,BK25,37,37,2,,,"aminoglycosides antifungal drugs, antiviral drugs, beta-blockers, biguanides, loop diuretics, non-steroid anti-inflammatory drugs, interleukin-2) is not required unless the Nephrologist and/or the Referring Physician considers it is appropriate.",general
BK25-NUM-254,BK25,38,38,24,h,within,"‫ ׇ‬Bring previous clinical documentation, including radiological images; ‫ ׇ‬Rememeber that values of some laboratory tests may be altered within 24 hours of contrast administration.",lab interference; documentation
BK25-NUM-255,BK25,39,39,4,weeks,,"□ ogoing recurrent angioedema or ongoing chronic urticaria ☐ YES ☐ NO □ unstable asthma, uncontrolled by therapy, means that in the last 4 weeks the patient experienced:",hypersensitivity/management
BK25-NUM-256,BK25,40,40,24,h,within,"‫ ׇ‬Bring previous clinical documentation, including radiological images; ‫ ׇ‬Rememeber that values of some laboratory tests may be altered within 24 hours of contrast administration.",lab interference; documentation
BK25-NUM-257,BK25,42,42,1,,,"Heinz-Peer G, Stacul F, Webb JAW, Thomsen HS on behalf of the ESUR Contrast Media Safety Committee. Post-contrast acute kidney injury part 1: Definition, incidence, role of contrast medium and risk factors. Eur Radiol 2018; 28:2845-2855.",general
P1-NUM-001,P1,1,6798,2,,,"individual reactions include intramuscular adrenaline and H1-antihistamines, with limited indications for short-acting β2- agonists (SABA) like salbutamol or albuterol. As these reactions occur infrequently, these situations often create stress and",hypersensitivity/management
P1-NUM-002,P1,1,6798,2025,,,"© The Author(s) 2025. Open Access This article is licensed under a Creative Commons Attribution 4.0 International License, which permits use, sharing, adaptation, distribution and reproduction in any medium or format, as long as you give appropriate credit to the original author(s)",general
P1-NUM-003,P1,1,6798,4.0,,,"© The Author(s) 2025. Open Access This article is licensed under a Creative Commons Attribution 4.0 International License, which permits use, sharing, adaptation, distribution and reproduction in any medium or format, as long as you give appropriate credit to the original author(s)",general
P1-NUM-004,P1,2,6799,1,h,within; up to,"to appropriately manage, treat and document IHR and A reactions to CM are available in other CMSC documents. NIHR to contrast media, and to promote standardized HR are classiﬁed based on timing: IHR occurs within 1 h treatment availability and preparedness. of CM administration (rarely up to 6 h), while NIHR",documentation
P1-NUM-005,P1,2,6799,6,h,within; after; up to,"NIHR to contrast media, and to promote standardized HR are classiﬁed based on timing: IHR occurs within 1 h treatment availability and preparedness. of CM administration (rarely up to 6 h), while NIHR occurs between 1 h and 1 week (rarely up to 8 weeks) after",general
P1-NUM-006,P1,2,6799,1,h,after; up to,"treatment availability and preparedness. of CM administration (rarely up to 6 h), while NIHR occurs between 1 h and 1 week (rarely up to 8 weeks) after Materials and methods administration [2]. IHR and NIHR can be either allergic or",general
P1-NUM-007,P1,2,6799,1,weeks,after; up to,"treatment availability and preparedness. of CM administration (rarely up to 6 h), while NIHR occurs between 1 h and 1 week (rarely up to 8 weeks) after Materials and methods administration [2]. IHR and NIHR can be either allergic or",general
P1-NUM-008,P1,2,6799,8,weeks,after; up to,"treatment availability and preparedness. of CM administration (rarely up to 6 h), while NIHR occurs between 1 h and 1 week (rarely up to 8 weeks) after Materials and methods administration [2]. IHR and NIHR can be either allergic or",general
P1-NUM-009,P1,2,6799,1985,,,"Two systematic literature analyses were performed using non-allergic, see sections on pathophysiology below. PubMed and Embase databases from January 1985 until Hypersensitivity reactions to CM have been graded as May 2022. Search criteria for immediate HR included mild, moderate, or severe. A practical classiﬁcation of",hypersensitivity/management
P1-NUM-010,P1,2,6799,2022,,,"PubMed and Embase databases from January 1985 until Hypersensitivity reactions to CM have been graded as May 2022. Search criteria for immediate HR included mild, moderate, or severe. A practical classiﬁcation of (synonyms of) “contrast media,” “immediate,” “hypersen- immediate hypersensitivity reactions to contrast media",hypersensitivity/management
P1-NUM-011,P1,2,6799,1,,,"Search criteria for non-immediate HR included (syno- is the American College of Radiology (ACR) classiﬁcation nyms of) “contrast media,” “non-immediate,” “hypersen- [2], previously adopted by the ESUR [3] (Table 1). sitivity,” “treatment,” “management,” “severe cutaneous In allergology, different classiﬁcations focusing on",general
P1-NUM-012,P1,2,6799,2,,,"adverse reaction,” “acute generalized exanthematous hypersensitivity reactions may be used, including the pustulosis,” “drug reaction with eosinophilia and systemic (modiﬁed) Ring-Messmer classiﬁcation (Table 2) [4]. symptoms,” “generalized bullous ﬁxed drug eruption,” Although the ACR and Ring-Messmer classiﬁcations do",hypersensitivity/management
P1-NUM-013,P1,2,6799,1,,,"“Stevens-Johnson syndrome” and “toxic epidermal not entirely overlap, with the ACR classiﬁcation seeming necrolysis” (Online Supplement 1). Documentation and somewhat arbitrary regarding allergic mechanisms and training were not systematically analyzed. Languages were symptoms, here we use the ACR classiﬁcation since, for",documentation
P1-NUM-014,P1,2,6799,18,years,after,"limited to English and German. Pediatric populations (age radiology employees, this classiﬁcation is more practical below 18 years) were excluded. After May 2022, literature and clearly discriminates reactions that require action was added using multiple non-systematic reviews. Cross- from those that do not.",general
P1-NUM-015,P1,3,6800,1,,,Table 1 Symptoms of hypersensitivity reactions and how to grade them according to the ACR [2] and Ring-Messmer classiﬁcation [4],hypersensitivity/management
P1-NUM-016,P1,3,6800,1,,,"Nasal congestion Mild Grade 1 Sneezing, conjunctivitis, rhinorrhoea Grade 1",general
P1-NUM-017,P1,3,6800,1,,,"Nasal congestion Mild Grade 1 Sneezing, conjunctivitis, rhinorrhoea Grade 1 Limited/scattered urticaria and pruritus Grade 1",hypersensitivity/management
P1-NUM-018,P1,3,6800,1,,,"Sneezing, conjunctivitis, rhinorrhoea Grade 1 Limited/scattered urticaria and pruritus Grade 1 Cutaneous oedema Grade 1",hypersensitivity/management
P1-NUM-019,P1,3,6800,1,,,Limited/scattered urticaria and pruritus Grade 1 Cutaneous oedema Grade 1 Limited itchy/scratchy throat Grade 1,hypersensitivity/management
P1-NUM-020,P1,3,6800,1,,,Cutaneous oedema Grade 1 Limited itchy/scratchy throat Grade 1,general
P1-NUM-021,P1,3,6800,1,,,"Diffuse urticaria and pruritus Moderate Grade 1 Diffuse erythema, no hypotension Grade 1",hypersensitivity/management
P1-NUM-022,P1,3,6800,1,,,"Diffuse urticaria and pruritus Moderate Grade 1 Diffuse erythema, no hypotension Grade 1 Facial oedema, no dyspnoea Grade 1",hypersensitivity/management
P1-NUM-023,P1,3,6800,1,,,"Diffuse erythema, no hypotension Grade 1 Facial oedema, no dyspnoea Grade 1 Throat hoarseness, no dyspnoea Grade 2",general
P1-NUM-024,P1,3,6800,2,,,"Facial oedema, no dyspnoea Grade 1 Throat hoarseness, no dyspnoea Grade 2 Mild bronchospasm, no hypoxia Grade 2",hypersensitivity/management
P1-NUM-025,P1,3,6800,2,,,"Throat hoarseness, no dyspnoea Grade 2 Mild bronchospasm, no hypoxia Grade 2",hypersensitivity/management
P1-NUM-026,P1,3,6800,2,,,"Diffuse/facial oedema, with dyspnoea Severe Grade 2 Diffuse erythema, with hypotension Grade 3",general
P1-NUM-027,P1,3,6800,3,,,"Diffuse/facial oedema, with dyspnoea Severe Grade 2 Diffuse erythema, with hypotension Grade 3 Laryngeal oedema, with hypoxia Grade 3",general
P1-NUM-028,P1,3,6800,3,,,"Diffuse erythema, with hypotension Grade 3 Laryngeal oedema, with hypoxia Grade 3 Severe bronchospasm, with hypoxia Grade 3",hypersensitivity/management
P1-NUM-029,P1,3,6800,3,,,"Laryngeal oedema, with hypoxia Grade 3 Severe bronchospasm, with hypoxia Grade 3 Anaphylactic shock Grade 3",hypersensitivity/management
P1-NUM-030,P1,3,6800,3,,,"Severe bronchospasm, with hypoxia Grade 3 Anaphylactic shock Grade 3 Cardiopulmonary arrest Grade 4",hypersensitivity/management
P1-NUM-031,P1,3,6800,4,,,Anaphylactic shock Grade 3 Cardiopulmonary arrest Grade 4 Use the most intense symptom for correct classiﬁcation,general
P1-NUM-032,P1,3,6800,2024,,after,"2024, anaphylaxis is a serious hypersensitivity reaction Anaphylaxis is a life-threatening allergic reaction, occur- that can progress rapidly and may lead to death. It may ring rapidly after exposure to an antigen to which the patient",hypersensitivity/management
P1-NUM-033,P1,4,6801,2,,after,Table 2 Modiﬁed Ring-Messmer classiﬁcation of systemic Incidence and risk factors reactions [4] The incidence of all HR is highest after ICM and lowest,general
P1-NUM-034,P1,4,6801,0.15,,after,"Flush Recent studies with large patient cohorts focusing spe- Urticaria ciﬁcally on HR after ICM have shown frequencies of 0.15 Angioedema to 0.69%, with severe reactions occurring in 0.005 to",hypersensitivity/management
P1-NUM-035,P1,4,6801,0.69,%,after,"Urticaria ciﬁcally on HR after ICM have shown frequencies of 0.15 Angioedema to 0.69%, with severe reactions occurring in 0.005 to II Itch Nausea Rhinorrhoea Tachycardia 0.013% [15, 16].",hypersensitivity/management
P1-NUM-036,P1,4,6801,0.005,,after,"Urticaria ciﬁcally on HR after ICM have shown frequencies of 0.15 Angioedema to 0.69%, with severe reactions occurring in 0.005 to II Itch Nausea Rhinorrhoea Tachycardia 0.013% [15, 16].",hypersensitivity/management
P1-NUM-037,P1,4,6801,0.013,%,after; >,"Angioedema to 0.69%, with severe reactions occurring in 0.005 to II Itch Nausea Rhinorrhoea Tachycardia 0.013% [15, 16]. Flush Cramps Hoarseness (> 20 bpm rise) HR after nonvascular CM administration (oral, rectal,",general
P1-NUM-038,P1,4,6801,20,bpm,after; >,"II Itch Nausea Rhinorrhoea Tachycardia 0.013% [15, 16]. Flush Cramps Hoarseness (> 20 bpm rise) HR after nonvascular CM administration (oral, rectal, Urticaria Dyspnoea Hypotension intraductal, intravesical, intra-articular) are rare [17–20].",hypersensitivity/management
P1-NUM-039,P1,4,6801,17-20,,after; >,"Flush Cramps Hoarseness (> 20 bpm rise) HR after nonvascular CM administration (oral, rectal, Urticaria Dyspnoea Hypotension intraductal, intravesical, intra-articular) are rare [17–20]. Angioedema (> 20 mm Hg Such reactions occur more delayed, and the incidence is",hypersensitivity/management
P1-NUM-040,P1,4,6801,20,mm Hg,after; >,"Urticaria Dyspnoea Hypotension intraductal, intravesical, intra-articular) are rare [17–20]. Angioedema (> 20 mm Hg Such reactions occur more delayed, and the incidence is drop in systolic much lower than after intravascular administration. These",hypersensitivity/management
P1-NUM-041,P1,4,6801,2,,after,"contrast media In an overview of risk factors for HR after ICM use Pathophysiology (Online Supplement 2), the most consistent factor pre- HR to nonionic CM is a heterogeneous disease. These can dicting a future HR is a history of a previous HR to ICM",general
P1-NUM-042,P1,4,6801,27.6-198.8,,,"HR to nonionic CM is a heterogeneous disease. These can dicting a future HR is a history of a previous HR to ICM develop from multiple mechanisms, such as IgE-depen- (OR 27.6–198.8) [21–23], which is reﬂected in all guide- dent, complement-dependent, direct membrane effects of lines [2, 3, 24–27]. A history of (drug or other) allergic",general
P1-NUM-043,P1,4,6801,21-23,,,"HR to nonionic CM is a heterogeneous disease. These can dicting a future HR is a history of a previous HR to ICM develop from multiple mechanisms, such as IgE-depen- (OR 27.6–198.8) [21–23], which is reﬂected in all guide- dent, complement-dependent, direct membrane effects of lines [2, 3, 24–27]. A history of (drug or other) allergic",general
P1-NUM-044,P1,4,6801,24-27,,,"develop from multiple mechanisms, such as IgE-depen- (OR 27.6–198.8) [21–23], which is reﬂected in all guide- dent, complement-dependent, direct membrane effects of lines [2, 3, 24–27]. A history of (drug or other) allergic CM, and possibly other mechanisms that have not been diseases has lower and less consistent predictive values",general
P1-NUM-045,P1,4,6801,50,years,,"identiﬁed yet [9–11]. (OR 1.21–6.8) [21–23, 28]. Numerous minor factors such HR may or may not be truly IgE-mediated. In general, as female sex, age below 50 years, history of (uncon- allergy can be either antibody- or cell-mediated. Cell- trolled) asthma or chronic urticaria, and multiple co-",hypersensitivity/management
P1-NUM-046,P1,4,6801,12-14,,,such as via MRGPRX2 (Mas-related G-protein-coupled remains inconclusive. Whereas individual studies found receptor X2)-receptors [12–14]. moderate predictive values for (severe) IHR (OR 3.1–6.8),general
P1-NUM-047,P1,4,6801,3.1-6.8,,,such as via MRGPRX2 (Mas-related G-protein-coupled remains inconclusive. Whereas individual studies found receptor X2)-receptors [12–14]. moderate predictive values for (severe) IHR (OR 3.1–6.8),general
P1-NUM-048,P1,5,6802,0.06-0.17,%,after; usually,"HR after GBCA have shown low incidence rates of tant role in NIHR. In skin reactions, an inﬁltrate in the 0.06–0.17%, with severe reactions occurring in dermis consisting of activated CD4+ or CD8+ T-cells and 0.003–0.006% [32–35]. In the largest Korean cohort, inci- eosinophils is usually found [51, 52]. It has been postulated",general
P1-NUM-049,P1,5,6802,0.003-0.006,%,usually,"0.06–0.17%, with severe reactions occurring in dermis consisting of activated CD4+ or CD8+ T-cells and 0.003–0.006% [32–35]. In the largest Korean cohort, inci- eosinophils is usually found [51, 52]. It has been postulated dence was higher, for IHR 0.4% and for NIHR 0.04% [34]. that CM may not induce a primary immune response but",general
P1-NUM-050,P1,5,6802,32-35,,usually,"0.06–0.17%, with severe reactions occurring in dermis consisting of activated CD4+ or CD8+ T-cells and 0.003–0.006% [32–35]. In the largest Korean cohort, inci- eosinophils is usually found [51, 52]. It has been postulated dence was higher, for IHR 0.4% and for NIHR 0.04% [34]. that CM may not induce a primary immune response but",general
P1-NUM-051,P1,5,6802,0.4,%,usually,"0.003–0.006% [32–35]. In the largest Korean cohort, inci- eosinophils is usually found [51, 52]. It has been postulated dence was higher, for IHR 0.4% and for NIHR 0.04% [34]. that CM may not induce a primary immune response but What is outlined above for risk factors for HR to ICM instead interact with receptors on activated memory T-cells",general
P1-NUM-052,P1,5,6802,0.04,%,usually,"0.003–0.006% [32–35]. In the largest Korean cohort, inci- eosinophils is usually found [51, 52]. It has been postulated dence was higher, for IHR 0.4% and for NIHR 0.04% [34]. that CM may not induce a primary immune response but What is outlined above for risk factors for HR to ICM instead interact with receptors on activated memory T-cells",general
P1-NUM-053,P1,5,6802,3,,after,"also applies to GBCA. In an overview of risk factors for raised against other foreign substances (non-allergic NIHR). HR after GBCA use (Online Supplement 3), a prior HR to In vitro studies have shown different pathways for CM GBCA had the highest risk (12-fold higher frequency) recognition, both requiring major histocompatibility",NSF/GBCA risk
P1-NUM-054,P1,5,6802,12,,after,"HR after GBCA use (Online Supplement 3), a prior HR to In vitro studies have shown different pathways for CM GBCA had the highest risk (12-fold higher frequency) recognition, both requiring major histocompatibility [36]. A history of allergic diseases had a moderate pre- complex (MHC) molecules for stimulation: (1) the (pro)",NSF/GBCA risk
P1-NUM-055,P1,5,6802,1,,,"GBCA had the highest risk (12-fold higher frequency) recognition, both requiring major histocompatibility [36]. A history of allergic diseases had a moderate pre- complex (MHC) molecules for stimulation: (1) the (pro) dictive value (OR 2.83) [37]. Minor factors like female sex, hapten concept, in which the CM undergoes uptake and",NSF/GBCA risk
P1-NUM-056,P1,5,6802,2.83,,,"[36]. A history of allergic diseases had a moderate pre- complex (MHC) molecules for stimulation: (1) the (pro) dictive value (OR 2.83) [37]. Minor factors like female sex, hapten concept, in which the CM undergoes uptake and age below 50 years, type of MRI, and outpatient status processing by antigen-presenting cells, followed by pre-",general
P1-NUM-057,P1,5,6802,50,years,,"dictive value (OR 2.83) [37]. Minor factors like female sex, hapten concept, in which the CM undergoes uptake and age below 50 years, type of MRI, and outpatient status processing by antigen-presenting cells, followed by pre- have weaker predictive values (OR 1.4–2.0) [36–38]. sentation to T-cells via MHC-II molecules, and (2) the p-i",general
P1-NUM-058,P1,5,6802,1.4-2.0,,,"age below 50 years, type of MRI, and outpatient status processing by antigen-presenting cells, followed by pre- have weaker predictive values (OR 1.4–2.0) [36–38]. sentation to T-cells via MHC-II molecules, and (2) the p-i The speciﬁc GBCA agent seems more important with concept, involving the direct binding of unprocessed CM",general
P1-NUM-059,P1,5,6802,36-38,,,"age below 50 years, type of MRI, and outpatient status processing by antigen-presenting cells, followed by pre- have weaker predictive values (OR 1.4–2.0) [36–38]. sentation to T-cells via MHC-II molecules, and (2) the p-i The speciﬁc GBCA agent seems more important with concept, involving the direct binding of unprocessed CM",general
P1-NUM-060,P1,5,6802,2,,,"age below 50 years, type of MRI, and outpatient status processing by antigen-presenting cells, followed by pre- have weaker predictive values (OR 1.4–2.0) [36–38]. sentation to T-cells via MHC-II molecules, and (2) the p-i The speciﬁc GBCA agent seems more important with concept, involving the direct binding of unprocessed CM",general
P1-NUM-061,P1,5,6802,3.0-8.0,,,"The speciﬁc GBCA agent seems more important with concept, involving the direct binding of unprocessed CM higher frequencies or predictive values (OR 3.0–8.0) for to the T-cell receptor or MHC molecule [53]. This gadobutrol, gadoteridol, gadobenate, and gadoxetate hapten-independent pathway would act as a pharmaco-",general
P1-NUM-062,P1,5,6802,36-38,,,"gadobutrol, gadoteridol, gadobenate, and gadoxetate hapten-independent pathway would act as a pharmaco- [34, 36–38]. In a meta-analysis, the overall rate of IHR was logical interaction of CM with immune receptors and 0.09%, with severe reactions occurring in 0.005%. Linear could best explain the cross-reactivity between CM, as",cross-reactivity
P1-NUM-063,P1,5,6802,0.09,%,,"[34, 36–38]. In a meta-analysis, the overall rate of IHR was logical interaction of CM with immune receptors and 0.09%, with severe reactions occurring in 0.005%. Linear could best explain the cross-reactivity between CM, as nonionic GBCA had a lower rate (0.015%), while nonionic CM-speciﬁc activated T-cell clones would respond to",cross-reactivity
P1-NUM-064,P1,5,6802,0.005,%,,"[34, 36–38]. In a meta-analysis, the overall rate of IHR was logical interaction of CM with immune receptors and 0.09%, with severe reactions occurring in 0.005%. Linear could best explain the cross-reactivity between CM, as nonionic GBCA had a lower rate (0.015%), while nonionic CM-speciﬁc activated T-cell clones would respond to",cross-reactivity
P1-NUM-065,P1,5,6802,0.015,%,,"0.09%, with severe reactions occurring in 0.005%. Linear could best explain the cross-reactivity between CM, as nonionic GBCA had a lower rate (0.015%), while nonionic CM-speciﬁc activated T-cell clones would respond to macrocyclic GBCA (0.16%) and linear ionic GBCA with shared structural elements.",cross-reactivity
P1-NUM-066,P1,5,6802,0.16,%,,"nonionic GBCA had a lower rate (0.015%), while nonionic CM-speciﬁc activated T-cell clones would respond to macrocyclic GBCA (0.16%) and linear ionic GBCA with shared structural elements. protein-binding (0.17%) had higher IHR rates [35].",general
P1-NUM-067,P1,5,6802,0.17,%,,macrocyclic GBCA (0.16%) and linear ionic GBCA with shared structural elements. protein-binding (0.17%) had higher IHR rates [35]. Incidence and risk factors,general
P1-NUM-068,P1,5,6802,24,h,,"but some had side effects of treatment or resolution of reactions are mechanistically unrelated [56]. symptoms needing longer than 24 h [15, 39–41]. Due to a lack of well-designed comparative studies, Management of NIHR",general
P1-NUM-069,P1,5,6802,42-48,,,"management recommendations can only be based on There are no comparative study data with a control group results of observational studies and reviews [42–48], and on different management strategies for NIHR to contrast on the recommendations in other guidelines, such as the media. In many patients, there are non-speciﬁc symptoms,",general
P1-NUM-070,P1,5,6802,2-10,days,after; usually,"and the AAAAI/ACAAI Anaphylaxis Practice Parameter are generally macular or maculopapular exanthemas Update 2024 [8], the International Consensus On Drug (MPE), which usually occur 2–10 days after ﬁrst exposure Allergy 2014 [10], the guideline Safe Use of Contrast to a CM and 1 to 2 days after re-exposure to the same CM.",hypersensitivity/management
P1-NUM-071,P1,5,6802,1 to 2,days,after; usually,"Update 2024 [8], the International Consensus On Drug (MPE), which usually occur 2–10 days after ﬁrst exposure Allergy 2014 [10], the guideline Safe Use of Contrast to a CM and 1 to 2 days after re-exposure to the same CM. Media, Part 2, of the Radiological Society of the Nether- Most skin reactions are mild to moderate in severity, are",general
P1-NUM-072,P1,5,6802,2,,within; after; usually,"Allergy 2014 [10], the guideline Safe Use of Contrast to a CM and 1 to 2 days after re-exposure to the same CM. Media, Part 2, of the Radiological Society of the Nether- Most skin reactions are mild to moderate in severity, are lands [17], the European Association for Allergy and usually self-limiting, and resolve within 1 week.",general
P1-NUM-073,P1,5,6802,1,weeks,within; usually,"Media, Part 2, of the Radiological Society of the Nether- Most skin reactions are mild to moderate in severity, are lands [17], the European Association for Allergy and usually self-limiting, and resolve within 1 week. Clinical Immunology (EAACI) Anaphylaxis Guidelines Discrimination should be made between mild-to-",hypersensitivity/management
P1-NUM-074,P1,5,6802,2021,,,"Clinical Immunology (EAACI) Anaphylaxis Guidelines Discrimination should be made between mild-to- 2021 [49], and the Resuscitation Council UK guidelines moderate reactions and the very rare SCAR with danger on anaphylaxis [50] (see Fig. 2). It is important to realize signs, such as acute generalized exanthematous pustulosis",hypersensitivity/management; dosing/equipment
P1-NUM-075,P1,5,6802,2,,,"2021 [49], and the Resuscitation Council UK guidelines moderate reactions and the very rare SCAR with danger on anaphylaxis [50] (see Fig. 2). It is important to realize signs, such as acute generalized exanthematous pustulosis that such guidelines are regularly updated. (AGEP), drug reaction with eosinophilia and systemic",hypersensitivity/management; dosing/equipment
P1-NUM-076,P1,6,6803,2,,,"Fig. 2 Therapy of immediate hypersensitivity reactions in adults. * Or alternative (see Table 3). Adrenaline may be less effective in case of beta-blocker use, and using glucagon or a beta-agonist such as dobutamine may be a better option. ACR, American College of Radiology; BP, blood pressure; ICU, intensive care unit; IM, intramuscular; IV, intravenous; NaCl, sodium chloride; PO, orally; RRT, rapid",hypersensitivity/management
P1-NUM-077,P1,6,6803,3,,,"Fig. 2 Therapy of immediate hypersensitivity reactions in adults. * Or alternative (see Table 3). Adrenaline may be less effective in case of beta-blocker use, and using glucagon or a beta-agonist such as dobutamine may be a better option. ACR, American College of Radiology; BP, blood pressure; ICU, intensive care unit; IM, intramuscular; IV, intravenous; NaCl, sodium chloride; PO, orally; RRT, rapid",hypersensitivity/management
P1-NUM-078,P1,6,6803,6803,,,"response team; SABA, short-acting beta-agonists; SBP, systolic blood pressure; SaO2, oxygen saturation; WN, when needed 6803",general
P1-NUM-079,P1,7,6804,90,%,more than; usually,"Treatment is symptomatic, based on the type of reac- tion presented. More than 90% of the NIHR involve the skin only. Usually, oral H1-antihistamines or corticoster-",hypersensitivity/management
P1-NUM-080,P1,7,6804,3,,,Adrenaline (epinephrine) is a potent α- and β- Fig. 3 Effects of adrenaline (epinephrine) adrenergic agonist with multiple systemic effects. Stimu-,hypersensitivity/management
P1-NUM-081,P1,7,6804,1,,,"vasoconstriction and increased peripheral vascular resis- tance, while β1-receptor activation leads to increases in inotropic and chronotropic effects on the heart and β2-",general
P1-NUM-082,P1,7,6804,3,,,"receptor activation to bronchodilatation, vasodilatation, and reduced mediator release (Fig. 3). In low doses adrenaline activates primarily β-adrenergic receptors with",hypersensitivity/management
P1-NUM-083,P1,7,6804,0.5,mg,,"mainly cardiovascular effects, while in higher doses (0.5 mg and higher) both α- and β-adrenergic receptors are activated. Even though there was no hard evidence for",general
P1-NUM-084,P1,7,6804,1,mg/mL,,"trials [61], evidence from non-randomized studies is solid, and intramuscular (IM) adrenaline 1 mg/mL remains the ﬁrst-line drug in severe IHR (anaphylaxis) in most",hypersensitivity/management
P1-NUM-085,P1,7,6804,4,,,"ﬁrst-line drug in severe IHR (anaphylaxis) in most Fig. 4 Effects of H1-antihistamines. Ca, calcium; NF-κB, nuclear factor guidelines, and most of these recommend an adult dose of kappa-B",hypersensitivity/management
P1-NUM-086,P1,7,6804,0.5,mg,,"guidelines, and most of these recommend an adult dose of kappa-B 0.5 mg IM [7, 8, 50, 62]. Because of the diminished fre- quency of IHR and lack of experience in treatment, major",general
P1-NUM-087,P1,7,6804,7,,,"guidelines, and most of these recommend an adult dose of kappa-B 0.5 mg IM [7, 8, 50, 62]. Because of the diminished fre- quency of IHR and lack of experience in treatment, major",general
P1-NUM-088,P1,7,6804,8,,,"guidelines, and most of these recommend an adult dose of kappa-B 0.5 mg IM [7, 8, 50, 62]. Because of the diminished fre- quency of IHR and lack of experience in treatment, major",general
P1-NUM-089,P1,7,6804,50,,,"guidelines, and most of these recommend an adult dose of kappa-B 0.5 mg IM [7, 8, 50, 62]. Because of the diminished fre- quency of IHR and lack of experience in treatment, major",general
P1-NUM-090,P1,7,6804,62,,,"guidelines, and most of these recommend an adult dose of kappa-B 0.5 mg IM [7, 8, 50, 62]. Because of the diminished fre- quency of IHR and lack of experience in treatment, major",general
P1-NUM-091,P1,7,6804,1,mg/mL,,"tion by non-experienced users to IM administration. not blocked. H1-antihistamines can reduce mast cell Instead of adrenaline 1 mg/mL for IM administration, mediator release, inﬂammation, itching, sneezing, rhi- each department may also opt for selecting adrenaline norrhoea and hives (Fig. 4). In a Cochrane review, no",hypersensitivity/management
P1-NUM-092,P1,7,6804,4,,,"Instead of adrenaline 1 mg/mL for IM administration, mediator release, inﬂammation, itching, sneezing, rhi- each department may also opt for selecting adrenaline norrhoea and hives (Fig. 4). In a Cochrane review, no auto-injectors [63], but most adult versions inject a lower good evidence for its use in anaphylaxis could be found",hypersensitivity/management
P1-NUM-093,P1,7,6804,0.3,mg,,"auto-injectors [63], but most adult versions inject a lower good evidence for its use in anaphylaxis could be found dose of 0.3 mg. In patients that are premedicated with [64]. The main side effect of the old H1-antihistamines beta-blockers (cardiac imaging), adrenaline may not be available for intravenous (IV) administration, such as",hypersensitivity/management; premedication
P1-NUM-094,P1,7,6804,2,,,"and bronchial constriction. H1-antihistamines block his- these are only available for oral administration. tamine H1-receptors on various effector cells, blocking An inhaled short-acting β2-agonist (SABA) such as the effect selectively via competitive inhibition of the salbutamol or albuterol is a potent β2-receptor agonist",hypersensitivity/management
P1-NUM-095,P1,7,6804,2,,,"tamine H1-receptors on various effector cells, blocking An inhaled short-acting β2-agonist (SABA) such as the effect selectively via competitive inhibition of the salbutamol or albuterol is a potent β2-receptor agonist histamine H1-receptor [8]. However, mast cells and that is rapidly distributed through the body. It has a local",hypersensitivity/management
P1-NUM-096,P1,8,6805,3,,,Table 3 Recommendations of the ESUR Contrast Media Safety Committee (based on the reaction severity classiﬁcation of the ACR),general
P1-NUM-097,P1,8,6805,2,,,"• If the patient has experienced a previous hypersensitivity reaction, identify the speciﬁc agent that elicited the previous reaction, and if the injection is mandatory, choose an alternative contrast agent (see further in Part 2). • Schedule the patient during daytime hours, when most personnel are present, preferably in a hospital-based CT or MRI facility.",hypersensitivity/management
P1-NUM-098,P1,8,6805,1:1000,dilution,,One-way mouth rebreather apparatus Adrenaline 1 mg/mL (1:1000) H1-Antihistamine suitable for injection,hypersensitivity/management; dosing/equipment
P1-NUM-099,P1,8,6805,1,mg/mL,,One-way mouth rebreather apparatus Adrenaline 1 mg/mL (1:1000) H1-Antihistamine suitable for injection,hypersensitivity/management; dosing/equipment
P1-NUM-100,P1,8,6805,1,,,One-way mouth rebreather apparatus Adrenaline 1 mg/mL (1:1000) H1-Antihistamine suitable for injection,hypersensitivity/management; dosing/equipment
P1-NUM-101,P1,8,6805,1000,,,One-way mouth rebreather apparatus Adrenaline 1 mg/mL (1:1000) H1-Antihistamine suitable for injection,hypersensitivity/management; dosing/equipment
P1-NUM-102,P1,8,6805,2,,,Atropine Short-acting β2-agonist metered dose inhaler or nebulizer Anti-convulsive drugs (midazolam),general
P1-NUM-103,P1,8,6805,2,,,"• Adhere to local protocols for accessibility of a resuscitation and emergency response team. • Equipment for collecting blood for tryptase measurement should be readily available (see Part 2). Note: In patients that are premedicated with beta-blockers (cardiac imaging), adrenaline may not be sufﬁciently active, and glucagon or dobutamine are",hypersensitivity/management; premedication; documentation
P1-NUM-104,P1,8,6805,1-2,h,after,"• Hypotension: keep patient in prone position, raise legs. • Consider measuring serum tryptase, ideally 1–2 h after start of the reaction. • Record acute allergic reactions and the culprit contrast medium in the allergy registry of the electronic health record of the patient.",documentation
P1-NUM-105,P1,8,6805,10 to 15,L/min,,"• Call the rapid response team. • Give oxygen 10 to 15 L/min with non-rebreathing mask. • Give 0.5 mg adrenaline IM in the lateral upper thigh, repeat as necessary, guided by heart rate.",hypersensitivity/management
P1-NUM-106,P1,8,6805,0.5,mg,,"• Give oxygen 10 to 15 L/min with non-rebreathing mask. • Give 0.5 mg adrenaline IM in the lateral upper thigh, repeat as necessary, guided by heart rate. • Give ﬂuid bolus of crystalloid 500 mL IV in 10 min, repeat as necessary.",hypersensitivity/management
P1-NUM-107,P1,8,6805,500,mL,,"• Give 0.5 mg adrenaline IM in the lateral upper thigh, repeat as necessary, guided by heart rate. • Give ﬂuid bolus of crystalloid 500 mL IV in 10 min, repeat as necessary.",hypersensitivity/management
P1-NUM-108,P1,8,6805,10,min,,"• Give 0.5 mg adrenaline IM in the lateral upper thigh, repeat as necessary, guided by heart rate. • Give ﬂuid bolus of crystalloid 500 mL IV in 10 min, repeat as necessary.",hypersensitivity/management
P1-NUM-109,P1,9,6806,2,,up to; depending on severity; repeat every,"• Short-acting β2-agonist: 2–10 inhalations of 100 µg of salbutamol via inhalation [depending on severity], with option to repeat every 20 min, or via nebulization (2.5–5 µg diluted in 3 mL of saline solution) up to 1 h.",general
P1-NUM-110,P1,9,6806,2-10,inhalations,up to; depending on severity; repeat every,"• Short-acting β2-agonist: 2–10 inhalations of 100 µg of salbutamol via inhalation [depending on severity], with option to repeat every 20 min, or via nebulization (2.5–5 µg diluted in 3 mL of saline solution) up to 1 h.",general
P1-NUM-111,P1,9,6806,100,µg,up to; depending on severity; repeat every,"• Short-acting β2-agonist: 2–10 inhalations of 100 µg of salbutamol via inhalation [depending on severity], with option to repeat every 20 min, or via nebulization (2.5–5 µg diluted in 3 mL of saline solution) up to 1 h.",general
P1-NUM-112,P1,9,6806,20,min,up to; depending on severity; repeat every,"• Short-acting β2-agonist: 2–10 inhalations of 100 µg of salbutamol via inhalation [depending on severity], with option to repeat every 20 min, or via nebulization (2.5–5 µg diluted in 3 mL of saline solution) up to 1 h.",general
P1-NUM-113,P1,9,6806,2.5-5,µg,up to; depending on severity; repeat every,"• Short-acting β2-agonist: 2–10 inhalations of 100 µg of salbutamol via inhalation [depending on severity], with option to repeat every 20 min, or via nebulization (2.5–5 µg diluted in 3 mL of saline solution) up to 1 h. • Give chlorphenamine 20 mg or clemastine 2 mg IV, repeat as necessary.",hypersensitivity/management
P1-NUM-114,P1,9,6806,3,mL,up to; depending on severity; repeat every,"• Short-acting β2-agonist: 2–10 inhalations of 100 µg of salbutamol via inhalation [depending on severity], with option to repeat every 20 min, or via nebulization (2.5–5 µg diluted in 3 mL of saline solution) up to 1 h. • Give chlorphenamine 20 mg or clemastine 2 mg IV, repeat as necessary.",hypersensitivity/management
P1-NUM-115,P1,9,6806,1,h,up to; depending on severity; repeat every,"• Short-acting β2-agonist: 2–10 inhalations of 100 µg of salbutamol via inhalation [depending on severity], with option to repeat every 20 min, or via nebulization (2.5–5 µg diluted in 3 mL of saline solution) up to 1 h. • Give chlorphenamine 20 mg or clemastine 2 mg IV, repeat as necessary.",hypersensitivity/management
P1-NUM-116,P1,9,6806,20,mg,up to,"nebulization (2.5–5 µg diluted in 3 mL of saline solution) up to 1 h. • Give chlorphenamine 20 mg or clemastine 2 mg IV, repeat as necessary. • Consider adding corticosteroid (for example, prednisolone 50 mg IV*).",hypersensitivity/management
P1-NUM-117,P1,9,6806,2,mg,up to,"nebulization (2.5–5 µg diluted in 3 mL of saline solution) up to 1 h. • Give chlorphenamine 20 mg or clemastine 2 mg IV, repeat as necessary. • Consider adding corticosteroid (for example, prednisolone 50 mg IV*).",hypersensitivity/management
P1-NUM-118,P1,9,6806,50,mg,,"• Give chlorphenamine 20 mg or clemastine 2 mg IV, repeat as necessary. • Consider adding corticosteroid (for example, prednisolone 50 mg IV*). Note: Adding corticosteroids may be beneﬁcial to prevent protracted or biphasic anaphylactic reactions if initial symptoms are severe.",hypersensitivity/management
P1-NUM-119,P1,9,6806,50,mg,equivalent to,*50 mg prednisolone IV is equivalent to: • 40 mg methylprednisolone.,general
P1-NUM-120,P1,9,6806,40,mg,equivalent to,*50 mg prednisolone IV is equivalent to: • 40 mg methylprednisolone. • 8 mg dexamethasone.,general
P1-NUM-121,P1,9,6806,8,mg,,• 40 mg methylprednisolone. • 8 mg dexamethasone. • 200 mg hydrocortisone.,general
P1-NUM-122,P1,9,6806,200,mg,,"• 8 mg dexamethasone. • 200 mg hydrocortisone. (Source: Brunton LL et al (eds) (2017) Goodman and Gilman’s The pharmacological basis of therapeutics, 13th edn. McGraw-Hill, New York).",general
P1-NUM-123,P1,9,6806,1,,,"• 200 mg hydrocortisone. (Source: Brunton LL et al (eds) (2017) Goodman and Gilman’s The pharmacological basis of therapeutics, 13th edn. McGraw-Hill, New York).",general
P1-NUM-124,P1,9,6806,2,,depending on severity; repeat every,"Mild bronchospasm: • Short-acting β2-agonist: 2–4 inhalations of 100 µg of salbutamol via inhalation (depending on severity), with option to repeat every 20 min, or via nebulization (2.5–5 µg diluted in 3 mL of saline solution) until clinical improvement.",hypersensitivity/management
P1-NUM-125,P1,9,6806,2-4,inhalations,depending on severity; repeat every,"Mild bronchospasm: • Short-acting β2-agonist: 2–4 inhalations of 100 µg of salbutamol via inhalation (depending on severity), with option to repeat every 20 min, or via nebulization (2.5–5 µg diluted in 3 mL of saline solution) until clinical improvement.",hypersensitivity/management
P1-NUM-126,P1,9,6806,100,µg,depending on severity; repeat every,"Mild bronchospasm: • Short-acting β2-agonist: 2–4 inhalations of 100 µg of salbutamol via inhalation (depending on severity), with option to repeat every 20 min, or via nebulization (2.5–5 µg diluted in 3 mL of saline solution) until clinical improvement.",hypersensitivity/management
P1-NUM-127,P1,9,6806,20,min,depending on severity; repeat every,"Mild bronchospasm: • Short-acting β2-agonist: 2–4 inhalations of 100 µg of salbutamol via inhalation (depending on severity), with option to repeat every 20 min, or via nebulization (2.5–5 µg diluted in 3 mL of saline solution) until clinical improvement.",hypersensitivity/management
P1-NUM-128,P1,9,6806,2.5-5,µg,depending on severity; repeat every,"• Short-acting β2-agonist: 2–4 inhalations of 100 µg of salbutamol via inhalation (depending on severity), with option to repeat every 20 min, or via nebulization (2.5–5 µg diluted in 3 mL of saline solution) until clinical improvement. • In case of deterioration, give adrenaline 0.5 mg IM and consider consulting the rapid response team.",hypersensitivity/management
P1-NUM-129,P1,9,6806,3,mL,depending on severity; repeat every,"• Short-acting β2-agonist: 2–4 inhalations of 100 µg of salbutamol via inhalation (depending on severity), with option to repeat every 20 min, or via nebulization (2.5–5 µg diluted in 3 mL of saline solution) until clinical improvement. • In case of deterioration, give adrenaline 0.5 mg IM and consider consulting the rapid response team.",hypersensitivity/management
P1-NUM-130,P1,9,6806,0.5,mg,,"nebulization (2.5–5 µg diluted in 3 mL of saline solution) until clinical improvement. • In case of deterioration, give adrenaline 0.5 mg IM and consider consulting the rapid response team. • When bronchospasm increases in severity, consider repeating adrenaline 0.5 mg IM, guided by heart rate.",hypersensitivity/management
P1-NUM-131,P1,9,6806,0.5,mg,,"• In case of deterioration, give adrenaline 0.5 mg IM and consider consulting the rapid response team. • When bronchospasm increases in severity, consider repeating adrenaline 0.5 mg IM, guided by heart rate. Facial edema without stridor:",hypersensitivity/management
P1-NUM-132,P1,9,6806,10 to 15,L/min,,Facial edema without stridor: • Give oxygen 10 to 15 L/min via a non-rebreathing mask. • Give chlorphenamine 20 mg or clemastine 2 mg IV.,hypersensitivity/management
P1-NUM-133,P1,9,6806,20,mg,,"• Give oxygen 10 to 15 L/min via a non-rebreathing mask. • Give chlorphenamine 20 mg or clemastine 2 mg IV. • If edema is severe, near airways, or if stridor develops, treat as anaphylaxis.",hypersensitivity/management
P1-NUM-134,P1,9,6806,2,mg,,"• Give oxygen 10 to 15 L/min via a non-rebreathing mask. • Give chlorphenamine 20 mg or clemastine 2 mg IV. • If edema is severe, near airways, or if stridor develops, treat as anaphylaxis.",hypersensitivity/management
P1-NUM-135,P1,9,6806,20,mg,,"Diffuse urticaria/diffuse erythema: • Give chlorphenamine 20 mg or clemastine 2 mg IV. • If accompanied by hypotension, treat as anaphylaxis.",hypersensitivity/management
P1-NUM-136,P1,9,6806,2,mg,,"Diffuse urticaria/diffuse erythema: • Give chlorphenamine 20 mg or clemastine 2 mg IV. • If accompanied by hypotension, treat as anaphylaxis.",hypersensitivity/management
P1-NUM-137,P1,9,6806,5,mg,once daily,"Consider: • Prescribing a nonsedating antihistamine, for example, desloratadine 5 mg PO or cetirizine 10 mg PO (once daily) for mild allergic reactions. • Ondansetron 4 mg IV for protracted vomiting.",general
P1-NUM-138,P1,9,6806,10,mg,once daily,"Consider: • Prescribing a nonsedating antihistamine, for example, desloratadine 5 mg PO or cetirizine 10 mg PO (once daily) for mild allergic reactions. • Ondansetron 4 mg IV for protracted vomiting.",general
P1-NUM-139,P1,9,6806,4,mg,after; once daily,"• Prescribing a nonsedating antihistamine, for example, desloratadine 5 mg PO or cetirizine 10 mg PO (once daily) for mild allergic reactions. • Ondansetron 4 mg IV for protracted vomiting. What to do after the examination:",general
P1-NUM-140,P1,9,6806,30,min,after; <; usually; minimum,"What to do after the examination: • If the patient has experienced a mild reaction, keep him under surveillance until every symptom has disappeared (minimum 30 min, usually < 60 min).",general
P1-NUM-141,P1,9,6806,60,min,after; <; usually; minimum,"• If the patient has experienced a mild reaction, keep him under surveillance until every symptom has disappeared (minimum 30 min, usually < 60 min). • Patient experiencing a non-life-threatening reaction should be observed for 4–6 h after successful treatment and discharged.",general
P1-NUM-142,P1,9,6806,4-6,h,after,60 min). • Patient experiencing a non-life-threatening reaction should be observed for 4–6 h after successful treatment and discharged. • Patient experiencing a life-threatening reaction should be admitted and observed.,general
P1-NUM-143,P1,9,6806,1-4,h,within,• Patient experiencing a life-threatening reaction should be admitted and observed. • Order serum tryptase within 1–4 h (see Part 2).,documentation
P1-NUM-144,P1,9,6806,2,,within,• Patient experiencing a life-threatening reaction should be admitted and observed. • Order serum tryptase within 1–4 h (see Part 2).,documentation
P1-NUM-145,P1,10,6807,3,,,ospasm and reduce histamine release in the lung. The specialist ensures that the allergy is accurately docu- administration may be easier using nebulization to avoid mented in the EHR (Table 3): stress for the patient who should inhale deeply. ●,general
P1-NUM-146,P1,10,6807,1,,,The radiologist should describe in detail the clinical Documentation of hypersensitivity reactions to process and how the HR evolves (see also Tables 1 and 2). contrast media It is essential that this reporting should be based on the,hypersensitivity/management; documentation
P1-NUM-147,P1,10,6807,2,,,The radiologist should describe in detail the clinical Documentation of hypersensitivity reactions to process and how the HR evolves (see also Tables 1 and 2). contrast media It is essential that this reporting should be based on the,hypersensitivity/management; documentation
P1-NUM-148,P1,10,6807,4,,,"important than ever. A model of a referral letter to the a HR to a contrast medium is serious or unexpected, the allergologist is provided in Online Supplement 4. physician responsible for its administration or the drug Documentation in the electronic health record (EHR) is allergy specialist should report all details of such a reac-",documentation
P1-NUM-149,P1,10,6807,68-70,,,"without any experience in the administration of National Pharmacovigilance Authority. contrast media [68–70]. Recommendations for improved Appropriate patient information leaﬂets on the various documentation have recently been published [71, 72]. radiological examinations with contrast medium",documentation
P1-NUM-150,P1,11,6808,2,,,"people who have never been exposed to contrast media. NIHR Non-immediate hypersensitivity reaction Although a mild reaction is often self-limiting, it can SABA Short-acting β2-agonist/agonists SCAR Severe cutaneous adverse reaction/reactions",hypersensitivity/management
P1-NUM-151,P1,11,6808,10.1007,,,"administer adrenaline early. In many instances, adrena- The online version contains supplementary material available at https://doi. line or salbutamol is underused and/or incorrectly org/10.1007/s00330-025-11675-1.",hypersensitivity/management
P1-NUM-152,P1,11,6808,025-11675,,,"administer adrenaline early. In many instances, adrena- The online version contains supplementary material available at https://doi. line or salbutamol is underused and/or incorrectly org/10.1007/s00330-025-11675-1.",hypersensitivity/management
P1-NUM-153,P1,11,6808,1,,,"administer adrenaline early. In many instances, adrena- The online version contains supplementary material available at https://doi. line or salbutamol is underused and/or incorrectly org/10.1007/s00330-025-11675-1.",hypersensitivity/management
P1-NUM-154,P1,11,6808,75-77,,,"training programs are more effective than didactic lec- companies Bayer Healthcare, Bracco Imaging, GE Healthcare and Guerbet are tures or computer-based e-learning [75–77]. consultants to the Contrast Media Safety Committee and participate in all scientiﬁc discussions but are not involved in the ﬁnal recommendations.",general
P1-NUM-155,P1,12,6809,293,,,"Radiology, Hospital Clinic de Barcelona, Barcelona, Spain. 21Department of nated contrast media: a multicenter study of 196,081 patients. Radiology Radiology, Ospedale Maggiore, Trieste, Italy. 293:117–124 23. Lee SY, Kang DY, Kim JY et al (2019) Incidence and risk factors of",general
P1-NUM-156,P1,12,6809,117-124,,,"Radiology, Hospital Clinic de Barcelona, Barcelona, Spain. 21Department of nated contrast media: a multicenter study of 196,081 patients. Radiology Radiology, Ospedale Maggiore, Trieste, Italy. 293:117–124 23. Lee SY, Kang DY, Kim JY et al (2019) Incidence and risk factors of",general
P1-NUM-157,P1,12,6809,4,,,"an Italian document on management of patients at risk of hypersensi- 4. Ring J, Messmer K (1977) Incidence and severity of anaphylactoid reac- tivity reactions to contrast media. Clin Mol Allergy 18:13",documentation
P1-NUM-158,P1,13,6810,40,,,"5-year experience. AJR Am J Roentgenol 192:455–461 62. McLean-Tooke AP, Bethune CA, Fay AC, Spickett GP (2003) Adrenaline in 40. Power S, Talbot N, Kucharczyk W, Mandell DM (2016) Allergic-like reac- the treatment of anaphylaxis: what is the evidence? BMJ 327:1332–1335 tions to the MR imaging contrast agent gadobutrol: a prospective study 63. Asch D, Pfeifer KE, Arango J et al (2017) Beneﬁt of epinephrine autoinjecto",hypersensitivity/management
P1-NUM-159,P1,13,6810,327,,,"5-year experience. AJR Am J Roentgenol 192:455–461 62. McLean-Tooke AP, Bethune CA, Fay AC, Spickett GP (2003) Adrenaline in 40. Power S, Talbot N, Kucharczyk W, Mandell DM (2016) Allergic-like reac- the treatment of anaphylaxis: what is the evidence? BMJ 327:1332–1335 tions to the MR imaging contrast agent gadobutrol: a prospective study 63. Asch D, Pfeifer KE, Arango J et al (2017) Beneﬁt of epinephrine autoinjecto",hypersensitivity/management
P1-NUM-160,P1,13,6810,1332-1335,,,"5-year experience. AJR Am J Roentgenol 192:455–461 62. McLean-Tooke AP, Bethune CA, Fay AC, Spickett GP (2003) Adrenaline in 40. Power S, Talbot N, Kucharczyk W, Mandell DM (2016) Allergic-like reac- the treatment of anaphylaxis: what is the evidence? BMJ 327:1332–1335 tions to the MR imaging contrast agent gadobutrol: a prospective study 63. Asch D, Pfeifer KE, Arango J et al (2017) Beneﬁt of epinephrine autoinjecto",hypersensitivity/management
P1-NUM-161,P1,13,6810,75,,,"53. Keller M, Lerch M, Britschi M et al (2009) Processing-dependent and lactoid reactions to contrast media. Invest Radiol 46:147–151 -independent pathways for recognition of iodinated contrast media by 75. Wang CL, Schopp JG, Petscavage JM, Paladin AM, Richardson ML, Bush speciﬁc human T-cells. Clin Exp Allergy 40:257–268 WH (2011) Prospective randomized comparison of standard didactic",general
P2-NUM-001,P2,1,6811,60,min,within,Abstract Hypersensitivity reactions to contrast media are infrequent and can occur either within the ﬁrst 60 min following their intravascular administration (immediate reactions) or at a later time point (non-immediate reactions). Most,hypersensitivity/management
P2-NUM-002,P2,1,6811,1,,within; after; less than,"intravascular administration (immediate reactions) or at a later time point (non-immediate reactions). Most hypersensitivity reactions are mild or moderate, while severe reactions are rare (less than 1 in every 10,000 administrations). After any moderate or severe immediate adverse reaction, serum tryptase must be measured within",hypersensitivity/management; documentation
P2-NUM-003,P2,1,6811,"10,000",,within; after; less than,"intravascular administration (immediate reactions) or at a later time point (non-immediate reactions). Most hypersensitivity reactions are mild or moderate, while severe reactions are rare (less than 1 in every 10,000 administrations). After any moderate or severe immediate adverse reaction, serum tryptase must be measured within",hypersensitivity/management; documentation
P2-NUM-004,P2,1,6811,1-4,h,at least; after,"1–4 h from the onset of symptoms and at least 24 h after symptoms have disappeared to conﬁrm a hypersensitivity reaction. At least for all moderate-to-severe hypersensitivity reactions, the patient should be referred to a drug allergy",hypersensitivity/management
P2-NUM-005,P2,1,6811,24,h,at least; after,"1–4 h from the onset of symptoms and at least 24 h after symptoms have disappeared to conﬁrm a hypersensitivity reaction. At least for all moderate-to-severe hypersensitivity reactions, the patient should be referred to a drug allergy",hypersensitivity/management
P2-NUM-006,P2,1,6811,1-4,h,at least; within; after,"previously experienced a hypersensitivity reaction to contrast media? Findings Serum tryptase should be measured within 1–4 h after a moderate or severe reaction, and at least all moderate or severe hypersensitivity reactions should be referred to an allergologist.",hypersensitivity/management; documentation
P2-NUM-007,P2,1,6811,2025,,,"© The Author(s) 2025. Open Access This article is licensed under a Creative Commons Attribution 4.0 International License, which permits use, sharing, adaptation, distribution and reproduction in any medium or format, as long as you give appropriate credit to the original author(s)",general
P2-NUM-008,P2,1,6811,4.0,,,"© The Author(s) 2025. Open Access This article is licensed under a Creative Commons Attribution 4.0 International License, which permits use, sharing, adaptation, distribution and reproduction in any medium or format, as long as you give appropriate credit to the original author(s)",general
P2-NUM-009,P2,2,6812,18,years,<,"To prevent a recurrent HR, it is essential to ascertain Languages were limited to English and German. Studies whether the patient has previously experienced a reaction with pediatric populations (< 18 years) were excluded since following a contrast-enhanced examination, with estab- there is very limited information available for this group,",general
P2-NUM-010,P2,2,6812,282,,after,"factors, information about previous adverse reactions is also Online Supplement 1). accurately collected [3]. The initial literature searches produced 282, 336, and It has long been known that the evidence for adminis- 431 hits, respectively. After May 2022, literature was",general
P2-NUM-011,P2,2,6812,336,,after,"factors, information about previous adverse reactions is also Online Supplement 1). accurately collected [3]. The initial literature searches produced 282, 336, and It has long been known that the evidence for adminis- 431 hits, respectively. After May 2022, literature was",general
P2-NUM-012,P2,2,6812,431,,after,"accurately collected [3]. The initial literature searches produced 282, 336, and It has long been known that the evidence for adminis- 431 hits, respectively. After May 2022, literature was tering premedication to prevent HR to CM is very weak added using multiple non-systematic reviews. Ultimately,",premedication
P2-NUM-013,P2,2,6812,2022,,after,"accurately collected [3]. The initial literature searches produced 282, 336, and It has long been known that the evidence for adminis- 431 hits, respectively. After May 2022, literature was tering premedication to prevent HR to CM is very weak added using multiple non-systematic reviews. Ultimately,",premedication
P2-NUM-014,P2,2,6812,12,,,"tering premedication to prevent HR to CM is very weak added using multiple non-systematic reviews. Ultimately, [4, 5], and its use is recently getting reduced in multiple 12, 25, and 28 studies were included in this ﬁnal review countries [6–8]. The role of the allergologist is expanding, following full-text evaluation by two experienced authors",premedication
P2-NUM-015,P2,2,6812,25,,,"tering premedication to prevent HR to CM is very weak added using multiple non-systematic reviews. Ultimately, [4, 5], and its use is recently getting reduced in multiple 12, 25, and 28 studies were included in this ﬁnal review countries [6–8]. The role of the allergologist is expanding, following full-text evaluation by two experienced authors",premedication
P2-NUM-016,P2,2,6812,28,,,"tering premedication to prevent HR to CM is very weak added using multiple non-systematic reviews. Ultimately, [4, 5], and its use is recently getting reduced in multiple 12, 25, and 28 studies were included in this ﬁnal review countries [6–8]. The role of the allergologist is expanding, following full-text evaluation by two experienced authors",premedication
P2-NUM-017,P2,2,6812,2,,,"safe alternative CM for follow-up imaging [10, 11]. (www.esur.org). The concept guideline was discussed and The purpose of Part 2 is to provide general recom- agreed upon at the ESUR CMSC meetings in September mendations on how to effectively manage a patient with a 2023 in Rome (Italy) and September 2024 in Lisbon",general
P2-NUM-018,P2,2,6812,2023,,,"The purpose of Part 2 is to provide general recom- agreed upon at the ESUR CMSC meetings in September mendations on how to effectively manage a patient with a 2023 in Rome (Italy) and September 2024 in Lisbon history of a HR to intravascular administration of CM, (Portugal).",general
P2-NUM-019,P2,2,6812,2024,,,"The purpose of Part 2 is to provide general recom- agreed upon at the ESUR CMSC meetings in September mendations on how to effectively manage a patient with a 2023 in Rome (Italy) and September 2024 in Lisbon history of a HR to intravascular administration of CM, (Portugal).",general
P2-NUM-020,P2,2,6812,1985,,,"formed using PubMed and Embase databases from January and Clinical Immunology (EAACI) practice guideline, 1985 until May 2022. Search criteria for in vitro tests measuring tryptase during the acute phase of a severe IHR included (synonyms of) “contrast media,” “hypersensitiv- is the most effective approach for conﬁrming IHR, espe-",hypersensitivity/management; documentation
P2-NUM-021,P2,2,6812,2022,,,"formed using PubMed and Embase databases from January and Clinical Immunology (EAACI) practice guideline, 1985 until May 2022. Search criteria for in vitro tests measuring tryptase during the acute phase of a severe IHR included (synonyms of) “contrast media,” “hypersensitiv- is the most effective approach for conﬁrming IHR, espe-",hypersensitivity/management; documentation
P2-NUM-022,P2,3,6813,1-2,h,after; more than,"possible during a suspected hypersensitivity reaction, the more severe reactions [10, 33]. Intradermal tests (IDT) are second at 1–2 h after the ﬁrst but no later than 4 h after more sensitive than skin prick tests (SPT) for diagnosis the onset of the reaction, and the third more than 24 h [32], and when an IDT with the culprit CM is negative,",hypersensitivity/management
P2-NUM-023,P2,3,6813,4,h,after; more than,"possible during a suspected hypersensitivity reaction, the more severe reactions [10, 33]. Intradermal tests (IDT) are second at 1–2 h after the ﬁrst but no later than 4 h after more sensitive than skin prick tests (SPT) for diagnosis the onset of the reaction, and the third more than 24 h [32], and when an IDT with the culprit CM is negative,",hypersensitivity/management
P2-NUM-024,P2,3,6813,24,h,after; more than,"second at 1–2 h after the ﬁrst but no later than 4 h after more sensitive than skin prick tests (SPT) for diagnosis the onset of the reaction, and the third more than 24 h [32], and when an IDT with the culprit CM is negative, after all signs and symptoms have subsided [3, 16, 17]. additional ST may not be necessary [34, 35]. The negative",general
P2-NUM-025,P2,3,6813,36-39,,,"The third sample evaluates the individual baseline level, predictive value of ST is high, especially for IHR helping in distinguishing between a constitutively [21, 29, 36–39]. Therefore, when selecting an alternative increased tryptase level (e.g., mastocytosis or hereditary CM for imaging, one with negative ST results should be",documentation
P2-NUM-026,P2,3,6813,10,,at least,"(tryptase levels signiﬁcantly increased compared to base- All ST for the evaluation of HR to CM should adhere to line). An acute-over-baseline elevation of tryptase levels of EAACI standards [10, 27, 41, 42] and have been shown to at least 2 ng/mL + (1.2 × baseline tryptase level) during or be cost-effective [9]. ST should include the broadest",documentation
P2-NUM-027,P2,3,6813,27,,at least,"(tryptase levels signiﬁcantly increased compared to base- All ST for the evaluation of HR to CM should adhere to line). An acute-over-baseline elevation of tryptase levels of EAACI standards [10, 27, 41, 42] and have been shown to at least 2 ng/mL + (1.2 × baseline tryptase level) during or be cost-effective [9]. ST should include the broadest",documentation
P2-NUM-028,P2,3,6813,41,,at least,"(tryptase levels signiﬁcantly increased compared to base- All ST for the evaluation of HR to CM should adhere to line). An acute-over-baseline elevation of tryptase levels of EAACI standards [10, 27, 41, 42] and have been shown to at least 2 ng/mL + (1.2 × baseline tryptase level) during or be cost-effective [9]. ST should include the broadest",documentation
P2-NUM-029,P2,3,6813,42,,at least,"(tryptase levels signiﬁcantly increased compared to base- All ST for the evaluation of HR to CM should adhere to line). An acute-over-baseline elevation of tryptase levels of EAACI standards [10, 27, 41, 42] and have been shown to at least 2 ng/mL + (1.2 × baseline tryptase level) during or be cost-effective [9]. ST should include the broadest",documentation
P2-NUM-030,P2,3,6813,2,,at least; within; after,"line). An acute-over-baseline elevation of tryptase levels of EAACI standards [10, 27, 41, 42] and have been shown to at least 2 ng/mL + (1.2 × baseline tryptase level) during or be cost-effective [9]. ST should include the broadest within 4 h after symptoms is suggestive of an IHR possible panel of ICM or GBCA, including the culprit",documentation
P2-NUM-031,P2,3,6813,1.2,,at least; within; after,"line). An acute-over-baseline elevation of tryptase levels of EAACI standards [10, 27, 41, 42] and have been shown to at least 2 ng/mL + (1.2 × baseline tryptase level) during or be cost-effective [9]. ST should include the broadest within 4 h after symptoms is suggestive of an IHR possible panel of ICM or GBCA, including the culprit",documentation
P2-NUM-032,P2,3,6813,4,h,at least; within; after,"at least 2 ng/mL + (1.2 × baseline tryptase level) during or be cost-effective [9]. ST should include the broadest within 4 h after symptoms is suggestive of an IHR possible panel of ICM or GBCA, including the culprit [11, 18, 19]. CM, if known. The sensitivity of ST is highest when",documentation
P2-NUM-033,P2,3,6813,2-6,months,within,"[11, 18, 19]. CM, if known. The sensitivity of ST is highest when performed within 2–6 months of the reaction, but Basophil activation test decreases when performed within the ﬁrst month or",general
P2-NUM-034,P2,3,6813,12,months,within,"Basophil activation test decreases when performed within the ﬁrst month or The basophil activation test (BAT) is a ﬂow-cytometry- beyond 12 months of reaction [11]. ST should begin with based cellular assay that measures the upregulation of SPT using undiluted CM and, if negative, proceed with",general
P2-NUM-035,P2,3,6813,1,,,"based cellular assay that measures the upregulation of SPT using undiluted CM and, if negative, proceed with basophil activation markers following allergen stimulation IDT using 1:10 dilution [30, 43–45]. [20]. BAT is valuable in diagnosing IHR to CM, especially For NIHR, delayed IDT readings are the most sensitive",general
P2-NUM-036,P2,3,6813,10,,,"based cellular assay that measures the upregulation of SPT using undiluted CM and, if negative, proceed with basophil activation markers following allergen stimulation IDT using 1:10 dilution [30, 43–45]. [20]. BAT is valuable in diagnosing IHR to CM, especially For NIHR, delayed IDT readings are the most sensitive",general
P2-NUM-037,P2,3,6813,43-45,,,"based cellular assay that measures the upregulation of SPT using undiluted CM and, if negative, proceed with basophil activation markers following allergen stimulation IDT using 1:10 dilution [30, 43–45]. [20]. BAT is valuable in diagnosing IHR to CM, especially For NIHR, delayed IDT readings are the most sensitive",general
P2-NUM-038,P2,3,6813,6,months,>,"in cases involving severe reactions or when ST or DPT are diagnostic tool [46]. For severe cutaneous adverse reac- contraindicated and showing good correlation with ST tions (SCAR), testing should be delayed for > 6 months, and DPT results [21, 22]. Its speciﬁcity exceeds 90%, but with patch test (PT) preferred over SPT and IDT since it",general
P2-NUM-039,P2,3,6813,90,%,>,"contraindicated and showing good correlation with ST tions (SCAR), testing should be delayed for > 6 months, and DPT results [21, 22]. Its speciﬁcity exceeds 90%, but with patch test (PT) preferred over SPT and IDT since it its sensitivity is typically only slightly above 50% [23]. This imposes a lower risk of systemic reactions [44, 45]. PT is",general
P2-NUM-040,P2,3,6813,50,%,,"and DPT results [21, 22]. Its speciﬁcity exceeds 90%, but with patch test (PT) preferred over SPT and IDT since it its sensitivity is typically only slightly above 50% [23]. This imposes a lower risk of systemic reactions [44, 45]. PT is low sensitivity is largely attributed to the limited expres- conducted with undiluted culprit CM, and readings are",general
P2-NUM-041,P2,3,6813,48-96,h,,"low sensitivity is largely attributed to the limited expres- conducted with undiluted culprit CM, and readings are sion of the mast cell receptor Mast-Related G-Protein- delayed for 48–96 h. Coupled Receptor X2 (MRGPRX2) in basophils, which",general
P2-NUM-042,P2,3,6813,4-8,weeks,after,"The lymphocyte transformation test (LTT) should not be erance of an alternative CM, especially when safe alter- performed in the acute stage of NIHR, but 4–8 weeks natives cannot be identiﬁed using ST or BAT [47]. Only after remission [26, 27]. LTT may be recommended as an CM with negative ST results should be administered.",NSF/GBCA risk
P2-NUM-043,P2,3,6813,48-50,,,"contraindicated. High doses of corticosteroids and other mising results on the utility and safety of different DPT immune-modulatory agents may interfere with LTT for CM [21, 37, 48–50]. A protocol for the rapid admin- results. Its negative predictive value for NIHR is unknown. istration of CM with high ﬂow rates has been reported,",general
P2-NUM-044,P2,3,6813,15,,,"mechanisms are involved in these types of reactions can only be achieved when the CM is administered at high [10, 21, 28]. In the case of IHR, between 15 and 58% of doses and fast infusion rates, as used in these rapid DPT patients showed positive ST [14, 29–32], suggesting that protocols. DPT for CM will likely assume a more promi-",general
P2-NUM-045,P2,3,6813,58,%,,"mechanisms are involved in these types of reactions can only be achieved when the CM is administered at high [10, 21, 28]. In the case of IHR, between 15 and 58% of doses and fast infusion rates, as used in these rapid DPT patients showed positive ST [14, 29–32], suggesting that protocols. DPT for CM will likely assume a more promi-",general
P2-NUM-046,P2,3,6813,29-32,,,"[10, 21, 28]. In the case of IHR, between 15 and 58% of doses and fast infusion rates, as used in these rapid DPT patients showed positive ST [14, 29–32], suggesting that protocols. DPT for CM will likely assume a more promi- these are more likely to be IgE-mediated allergic hyper- nent role in the future if conducted by experienced aller-",general
P2-NUM-047,P2,4,6814,30,min,at least,diﬀerent observe paent at least Culprit CM Culprit CM CM* 30min and be prepared & known unknown Postpone exam to wait for Culprit CM Culprit CM vigilant for recurring IHR results of allergy analysis known unknown,general
P2-NUM-048,P2,4,6814,30,min,at least,When CM is administered: CM* observe paent at least 30min diﬀerent observe paent at least 30min,general
P2-NUM-049,P2,4,6814,30,min,at least,CM* observe paent at least 30min diﬀerent observe paent at least 30min and be prepared & vigilant and be prepared & vigilant for CM*,general
P2-NUM-050,P2,4,6814,30,min,at least,When CM is administered: When CM is administered: observe paent at least observe paent at least 30min 30min and be prepared & and be prepared & vigilant,general
P2-NUM-051,P2,4,6814,30,min,at least,observe paent at least observe paent at least 30min 30min and be prepared & and be prepared & vigilant vigilant for recurring IHR for recurring IHR,general
P2-NUM-052,P2,4,6814,1,,,* Consider cross-reacvity of all ICM or GBCA $ Physician who followed training in treatment of hypersensivity reacons (see Part 1) # Conform EAACI guidelines,general
P2-NUM-053,P2,4,6814,1,,after,"Fig. 1 What to do after a previous immediate hypersensitivity reaction (IHR). # Conform EAACI guidelines: Torres et al [11]. CM, contrast medium/media; EHR, electronic health record; GBCA, gadolinium-based contrast agent; ICM, iodine-based contrast medium; IHR, immediate hypersensitivity reaction",hypersensitivity/management; documentation
P2-NUM-054,P2,4,6814,80,,,"ination without a CM should be considered, but only if the ICM with corticosteroid premedication (same ICM and diagnostic yield is sufﬁcient for correct patient management. steroid premedication: 80 of 423 examinations (19%); dif- The decision to omit a CM is more compelling when the HR ferent ICM and no steroid premedication: 10 of 322",premedication
P2-NUM-055,P2,4,6814,423,,,"ination without a CM should be considered, but only if the ICM with corticosteroid premedication (same ICM and diagnostic yield is sufﬁcient for correct patient management. steroid premedication: 80 of 423 examinations (19%); dif- The decision to omit a CM is more compelling when the HR ferent ICM and no steroid premedication: 10 of 322",premedication
P2-NUM-056,P2,4,6814,19,%,,"ination without a CM should be considered, but only if the ICM with corticosteroid premedication (same ICM and diagnostic yield is sufﬁcient for correct patient management. steroid premedication: 80 of 423 examinations (19%); dif- The decision to omit a CM is more compelling when the HR ferent ICM and no steroid premedication: 10 of 322",premedication
P2-NUM-057,P2,4,6814,10,,,"diagnostic yield is sufﬁcient for correct patient management. steroid premedication: 80 of 423 examinations (19%); dif- The decision to omit a CM is more compelling when the HR ferent ICM and no steroid premedication: 10 of 322 was severe, but the patient should never be denied a well- examinations (3%); odds ratio (OR), 0.14 [95% conﬁdence",premedication
P2-NUM-058,P2,4,6814,322,,,"diagnostic yield is sufﬁcient for correct patient management. steroid premedication: 80 of 423 examinations (19%); dif- The decision to omit a CM is more compelling when the HR ferent ICM and no steroid premedication: 10 of 322 was severe, but the patient should never be denied a well- examinations (3%); odds ratio (OR), 0.14 [95% conﬁdence",premedication
P2-NUM-059,P2,4,6814,3,%,<,"The decision to omit a CM is more compelling when the HR ferent ICM and no steroid premedication: 10 of 322 was severe, but the patient should never be denied a well- examinations (3%); odds ratio (OR), 0.14 [95% conﬁdence indicated examination if a diagnostic alternative is not interval (CI): 0.06, 0.33]; p < 0.001) [59]. Therefore, a recent",premedication
P2-NUM-060,P2,4,6814,0.14,,<,"The decision to omit a CM is more compelling when the HR ferent ICM and no steroid premedication: 10 of 322 was severe, but the patient should never be denied a well- examinations (3%); odds ratio (OR), 0.14 [95% conﬁdence indicated examination if a diagnostic alternative is not interval (CI): 0.06, 0.33]; p < 0.001) [59]. Therefore, a recent",premedication
P2-NUM-061,P2,4,6814,95,%,<,"The decision to omit a CM is more compelling when the HR ferent ICM and no steroid premedication: 10 of 322 was severe, but the patient should never be denied a well- examinations (3%); odds ratio (OR), 0.14 [95% conﬁdence indicated examination if a diagnostic alternative is not interval (CI): 0.06, 0.33]; p < 0.001) [59]. Therefore, a recent",premedication
P2-NUM-062,P2,4,6814,0.06,,<,"was severe, but the patient should never be denied a well- examinations (3%); odds ratio (OR), 0.14 [95% conﬁdence indicated examination if a diagnostic alternative is not interval (CI): 0.06, 0.33]; p < 0.001) [59]. Therefore, a recent available. For milder HR and when alternative imaging anaphylaxis guideline from two American Allergology",hypersensitivity/management
P2-NUM-063,P2,4,6814,0.33,,<,"was severe, but the patient should never be denied a well- examinations (3%); odds ratio (OR), 0.14 [95% conﬁdence indicated examination if a diagnostic alternative is not interval (CI): 0.06, 0.33]; p < 0.001) [59]. Therefore, a recent available. For milder HR and when alternative imaging anaphylaxis guideline from two American Allergology",hypersensitivity/management
P2-NUM-064,P2,4,6814,0.001,,<,"was severe, but the patient should never be denied a well- examinations (3%); odds ratio (OR), 0.14 [95% conﬁdence indicated examination if a diagnostic alternative is not interval (CI): 0.06, 0.33]; p < 0.001) [59]. Therefore, a recent available. For milder HR and when alternative imaging anaphylaxis guideline from two American Allergology",hypersensitivity/management
P2-NUM-065,P2,5,6815,2,,,"Fig. 2 Chemical formulas and comparison of non-ionic ICM molecules and benzene chain arrangements by colors. Position 2, 4, 6 of the benzene ring: three iodine atoms (in all non-ionic ICM). Position 5 of the benzene ring: highly variable side chains deﬁning diverse types of ICM (in all non-ionic ICM).",general
P2-NUM-066,P2,5,6815,4,,,"Fig. 2 Chemical formulas and comparison of non-ionic ICM molecules and benzene chain arrangements by colors. Position 2, 4, 6 of the benzene ring: three iodine atoms (in all non-ionic ICM). Position 5 of the benzene ring: highly variable side chains deﬁning diverse types of ICM (in all non-ionic ICM).",general
P2-NUM-067,P2,5,6815,6,,,"Fig. 2 Chemical formulas and comparison of non-ionic ICM molecules and benzene chain arrangements by colors. Position 2, 4, 6 of the benzene ring: three iodine atoms (in all non-ionic ICM). Position 5 of the benzene ring: highly variable side chains deﬁning diverse types of ICM (in all non-ionic ICM).",general
P2-NUM-068,P2,5,6815,5,,,"Fig. 2 Chemical formulas and comparison of non-ionic ICM molecules and benzene chain arrangements by colors. Position 2, 4, 6 of the benzene ring: three iodine atoms (in all non-ionic ICM). Position 5 of the benzene ring: highly variable side chains deﬁning diverse types of ICM (in all non-ionic ICM). Position 1 and 3 of the benzene ring Group A ICM (iohexol, iodixanol, iomeprol, ioversol): two classic carbamoyl side",general
P2-NUM-069,P2,5,6815,1,,,"three iodine atoms (in all non-ionic ICM). Position 5 of the benzene ring: highly variable side chains deﬁning diverse types of ICM (in all non-ionic ICM). Position 1 and 3 of the benzene ring Group A ICM (iohexol, iodixanol, iomeprol, ioversol): two classic carbamoyl sidechains (red). Group B ICM (iopamidol: two propane-based carbamoyl sidechains. Group C ICM (iopromide): one classic carbamoyl sidechain (red) and on",general
P2-NUM-070,P2,5,6815,3,,,"three iodine atoms (in all non-ionic ICM). Position 5 of the benzene ring: highly variable side chains deﬁning diverse types of ICM (in all non-ionic ICM). Position 1 and 3 of the benzene ring Group A ICM (iohexol, iodixanol, iomeprol, ioversol): two classic carbamoyl sidechains (red). Group B ICM (iopamidol: two propane-based carbamoyl sidechains. Group C ICM (iopromide): one classic carbamoyl sidechain (red) and on",general
P2-NUM-071,P2,5,6815,71-73,,,"widely utilized, including shorter intravenous options severe HR, even when administered in combination with for hospitalized patients [69]. The utility of pre- corticosteroids [5, 71–73]. It is known that the afﬁnity of medication is lower in NIHR [11, 63, 68], and the histamine is higher than the afﬁnity of antihistamines to",general
P2-NUM-072,P2,5,6815,1,,,"Several studies have investigated combination pre- emergency situations where an unidentiﬁed culprit CM led to medication with H1-antihistamines and corticosteroids. a severe HR, as recommended by the EAACI [11] (Fig 1). These regimens are frequently stratiﬁed according to the",hypersensitivity/management
P2-NUM-073,P2,6,6816,3,,,"Fig. 3 Chemical formulas and grouping of general, macrocyclic GBCA molecules. Group A: The chelating agent is DOTA (1,4,7,10- Tetraazacyclododecane-1,4,7,10-tetraaryl-tetraacetic acid). Includes gadoterate meglumine. Group B: The chelating agents are variants of DO3A",general
P2-NUM-074,P2,6,6816,"1,4",,,"Fig. 3 Chemical formulas and grouping of general, macrocyclic GBCA molecules. Group A: The chelating agent is DOTA (1,4,7,10- Tetraazacyclododecane-1,4,7,10-tetraaryl-tetraacetic acid). Includes gadoterate meglumine. Group B: The chelating agents are variants of DO3A",general
P2-NUM-075,P2,6,6816,"7,10",,,"Fig. 3 Chemical formulas and grouping of general, macrocyclic GBCA molecules. Group A: The chelating agent is DOTA (1,4,7,10- Tetraazacyclododecane-1,4,7,10-tetraaryl-tetraacetic acid). Includes gadoterate meglumine. Group B: The chelating agents are variants of DO3A",general
P2-NUM-076,P2,6,6816,"1,4",,,"Tetraazacyclododecane-1,4,7,10-tetraaryl-tetraacetic acid). Includes gadoterate meglumine. Group B: The chelating agents are variants of DO3A (trisodium 1,4,7,10-tetraazacyclododecane-1,4,7-triacetate). Includes gadobutrol (with BT-DO3A) and gadoteridol (with HP-DO3A). Group C: The chelating agent is pyclen (3,6,9,15-tetraazabicyclo[9.3.1]pentadeca-1(15),11,13-triene -3,6,9-triacetic acid). Includes gadopiclenol",general
P2-NUM-077,P2,6,6816,"7,10",,,"Tetraazacyclododecane-1,4,7,10-tetraaryl-tetraacetic acid). Includes gadoterate meglumine. Group B: The chelating agents are variants of DO3A (trisodium 1,4,7,10-tetraazacyclododecane-1,4,7-triacetate). Includes gadobutrol (with BT-DO3A) and gadoteridol (with HP-DO3A). Group C: The chelating agent is pyclen (3,6,9,15-tetraazabicyclo[9.3.1]pentadeca-1(15),11,13-triene -3,6,9-triacetic acid). Includes gadopiclenol",general
P2-NUM-078,P2,6,6816,7,,,"Tetraazacyclododecane-1,4,7,10-tetraaryl-tetraacetic acid). Includes gadoterate meglumine. Group B: The chelating agents are variants of DO3A (trisodium 1,4,7,10-tetraazacyclododecane-1,4,7-triacetate). Includes gadobutrol (with BT-DO3A) and gadoteridol (with HP-DO3A). Group C: The chelating agent is pyclen (3,6,9,15-tetraazabicyclo[9.3.1]pentadeca-1(15),11,13-triene -3,6,9-triacetic acid). Includes gadopiclenol",general
P2-NUM-079,P2,6,6816,"3,6",,,"(trisodium 1,4,7,10-tetraazacyclododecane-1,4,7-triacetate). Includes gadobutrol (with BT-DO3A) and gadoteridol (with HP-DO3A). Group C: The chelating agent is pyclen (3,6,9,15-tetraazabicyclo[9.3.1]pentadeca-1(15),11,13-triene -3,6,9-triacetic acid). Includes gadopiclenol",general
P2-NUM-080,P2,6,6816,"9,15",,,"(trisodium 1,4,7,10-tetraazacyclododecane-1,4,7-triacetate). Includes gadobutrol (with BT-DO3A) and gadoteridol (with HP-DO3A). Group C: The chelating agent is pyclen (3,6,9,15-tetraazabicyclo[9.3.1]pentadeca-1(15),11,13-triene -3,6,9-triacetic acid). Includes gadopiclenol",general
P2-NUM-081,P2,6,6816,9.3,,,"(trisodium 1,4,7,10-tetraazacyclododecane-1,4,7-triacetate). Includes gadobutrol (with BT-DO3A) and gadoteridol (with HP-DO3A). Group C: The chelating agent is pyclen (3,6,9,15-tetraazabicyclo[9.3.1]pentadeca-1(15),11,13-triene -3,6,9-triacetic acid). Includes gadopiclenol",general
P2-NUM-082,P2,6,6816,1,,,"(trisodium 1,4,7,10-tetraazacyclododecane-1,4,7-triacetate). Includes gadobutrol (with BT-DO3A) and gadoteridol (with HP-DO3A). Group C: The chelating agent is pyclen (3,6,9,15-tetraazabicyclo[9.3.1]pentadeca-1(15),11,13-triene -3,6,9-triacetic acid). Includes gadopiclenol",general
P2-NUM-083,P2,6,6816,15,,,"(trisodium 1,4,7,10-tetraazacyclododecane-1,4,7-triacetate). Includes gadobutrol (with BT-DO3A) and gadoteridol (with HP-DO3A). Group C: The chelating agent is pyclen (3,6,9,15-tetraazabicyclo[9.3.1]pentadeca-1(15),11,13-triene -3,6,9-triacetic acid). Includes gadopiclenol",general
P2-NUM-084,P2,6,6816,"11,13",,,"(trisodium 1,4,7,10-tetraazacyclododecane-1,4,7-triacetate). Includes gadobutrol (with BT-DO3A) and gadoteridol (with HP-DO3A). Group C: The chelating agent is pyclen (3,6,9,15-tetraazabicyclo[9.3.1]pentadeca-1(15),11,13-triene -3,6,9-triacetic acid). Includes gadopiclenol",general
P2-NUM-085,P2,6,6816,9,,,"(trisodium 1,4,7,10-tetraazacyclododecane-1,4,7-triacetate). Includes gadobutrol (with BT-DO3A) and gadoteridol (with HP-DO3A). Group C: The chelating agent is pyclen (3,6,9,15-tetraazabicyclo[9.3.1]pentadeca-1(15),11,13-triene -3,6,9-triacetic acid). Includes gadopiclenol",general
P2-NUM-086,P2,6,6816,0.001,,<,"premedication. Comparative studies have shown that an 0.001) compared to mild reactions (OR, 0.51; 95% CI: alternative ICM was more effective than premedication in 0.37–0.69; p < 0.001) [77]. HR are not triggered by iodine or",premedication
P2-NUM-087,P2,6,6816,0.51,,<,"premedication. Comparative studies have shown that an 0.001) compared to mild reactions (OR, 0.51; 95% CI: alternative ICM was more effective than premedication in 0.37–0.69; p < 0.001) [77]. HR are not triggered by iodine or",premedication
P2-NUM-088,P2,6,6816,95,%,<,"premedication. Comparative studies have shown that an 0.001) compared to mild reactions (OR, 0.51; 95% CI: alternative ICM was more effective than premedication in 0.37–0.69; p < 0.001) [77]. HR are not triggered by iodine or",premedication
P2-NUM-089,P2,6,6816,0.37-0.69,,<,"premedication. Comparative studies have shown that an 0.001) compared to mild reactions (OR, 0.51; 95% CI: alternative ICM was more effective than premedication in 0.37–0.69; p < 0.001) [77]. HR are not triggered by iodine or preventing HR [57, 59, 63, 75–79]. For example, in a mul- gadolinium atoms; instead, they are induced by speciﬁc",premedication
P2-NUM-090,P2,6,6816,75-79,,<,"alternative ICM was more effective than premedication in 0.37–0.69; p < 0.001) [77]. HR are not triggered by iodine or preventing HR [57, 59, 63, 75–79]. For example, in a mul- gadolinium atoms; instead, they are induced by speciﬁc tivariate analysis it was shown that the risk of recurrent HR epitopes present in one or more CM. The exact region of the",premedication
P2-NUM-091,P2,6,6816,67.1,%,,"tivariate analysis it was shown that the risk of recurrent HR epitopes present in one or more CM. The exact region of the was 67.1% lower in cases where the implicated ICM was CM molecule that acts as an epitope has not been identiﬁed, changed to another one (OR: 0.329; 95% CI, 0.168–0.644, although it is generally considered to be located in the",general
P2-NUM-092,P2,6,6816,0.329,,,"was 67.1% lower in cases where the implicated ICM was CM molecule that acts as an epitope has not been identiﬁed, changed to another one (OR: 0.329; 95% CI, 0.168–0.644, although it is generally considered to be located in the p = 0.001), while steroid premedication did not signiﬁcantly carbamoyl sidechain [82]. It is also possible that, in some",premedication
P2-NUM-093,P2,6,6816,95,%,,"was 67.1% lower in cases where the implicated ICM was CM molecule that acts as an epitope has not been identiﬁed, changed to another one (OR: 0.329; 95% CI, 0.168–0.644, although it is generally considered to be located in the p = 0.001), while steroid premedication did not signiﬁcantly carbamoyl sidechain [82]. It is also possible that, in some",premedication
P2-NUM-094,P2,6,6816,0.168-0.644,,,"was 67.1% lower in cases where the implicated ICM was CM molecule that acts as an epitope has not been identiﬁed, changed to another one (OR: 0.329; 95% CI, 0.168–0.644, although it is generally considered to be located in the p = 0.001), while steroid premedication did not signiﬁcantly carbamoyl sidechain [82]. It is also possible that, in some",premedication
P2-NUM-095,P2,6,6816,0.001,,,"changed to another one (OR: 0.329; 95% CI, 0.168–0.644, although it is generally considered to be located in the p = 0.001), while steroid premedication did not signiﬁcantly carbamoyl sidechain [82]. It is also possible that, in some affect risk of recurrent HR (OR 0.907; 95% CI, 0.429–1.918, HR, particularly delayed-type reactions, CM may act as a",premedication
P2-NUM-096,P2,6,6816,0.907,,,"p = 0.001), while steroid premedication did not signiﬁcantly carbamoyl sidechain [82]. It is also possible that, in some affect risk of recurrent HR (OR 0.907; 95% CI, 0.429–1.918, HR, particularly delayed-type reactions, CM may act as a p = 0.799) [63]. Data on changing GBCA is more limited but hapten requiring an appropriate carrier to function as a",premedication
P2-NUM-097,P2,6,6816,95,%,,"p = 0.001), while steroid premedication did not signiﬁcantly carbamoyl sidechain [82]. It is also possible that, in some affect risk of recurrent HR (OR 0.907; 95% CI, 0.429–1.918, HR, particularly delayed-type reactions, CM may act as a p = 0.799) [63]. Data on changing GBCA is more limited but hapten requiring an appropriate carrier to function as a",premedication
P2-NUM-098,P2,6,6816,0.429-1.918,,,"p = 0.001), while steroid premedication did not signiﬁcantly carbamoyl sidechain [82]. It is also possible that, in some affect risk of recurrent HR (OR 0.907; 95% CI, 0.429–1.918, HR, particularly delayed-type reactions, CM may act as a p = 0.799) [63]. Data on changing GBCA is more limited but hapten requiring an appropriate carrier to function as a",premedication
P2-NUM-099,P2,6,6816,0.799,,,"affect risk of recurrent HR (OR 0.907; 95% CI, 0.429–1.918, HR, particularly delayed-type reactions, CM may act as a p = 0.799) [63]. Data on changing GBCA is more limited but hapten requiring an appropriate carrier to function as a shows a similar decrease in the rate of HR [71, 80, 81], with complete allergen [83]. Thus, switching to a CM that lacks",general
P2-NUM-100,P2,6,6816,0.7,,after; <,"shows a similar decrease in the rate of HR [71, 80, 81], with complete allergen [83]. Thus, switching to a CM that lacks odds ratios for recurrent allergic-like HR of 0.7 (p = 0.041) this epitope or hinders its binding to the carrier could help after premedication and 0.2 (p < 0.001) after changing the prevent a recurrent HR. However, since the exact molecular",premedication
P2-NUM-101,P2,6,6816,0.041,,after; <,"shows a similar decrease in the rate of HR [71, 80, 81], with complete allergen [83]. Thus, switching to a CM that lacks odds ratios for recurrent allergic-like HR of 0.7 (p = 0.041) this epitope or hinders its binding to the carrier could help after premedication and 0.2 (p < 0.001) after changing the prevent a recurrent HR. However, since the exact molecular",premedication
P2-NUM-102,P2,6,6816,0.2,,after; <,"odds ratios for recurrent allergic-like HR of 0.7 (p = 0.041) this epitope or hinders its binding to the carrier could help after premedication and 0.2 (p < 0.001) after changing the prevent a recurrent HR. However, since the exact molecular type of GBCA in a large retrospective study [80]. Switching region of CM capable of inducing an HR remains uni-",premedication
P2-NUM-103,P2,6,6816,0.001,,after; <,"odds ratios for recurrent allergic-like HR of 0.7 (p = 0.041) this epitope or hinders its binding to the carrier could help after premedication and 0.2 (p < 0.001) after changing the prevent a recurrent HR. However, since the exact molecular type of GBCA in a large retrospective study [80]. Switching region of CM capable of inducing an HR remains uni-",premedication
P2-NUM-104,P2,6,6816,0.30,,<,"CM appears to be particularly useful in moderate-to-severe dentiﬁed, a switch based on practical experience may not hypersensitivity reactions (OR, 0.30; 95% CI: 0.16–0.55; p < entirely prevent a new reaction, mainly due to the high and",hypersensitivity/management
P2-NUM-105,P2,6,6816,95,%,<,"CM appears to be particularly useful in moderate-to-severe dentiﬁed, a switch based on practical experience may not hypersensitivity reactions (OR, 0.30; 95% CI: 0.16–0.55; p < entirely prevent a new reaction, mainly due to the high and",hypersensitivity/management
P2-NUM-106,P2,6,6816,0.16-0.55,,<,"CM appears to be particularly useful in moderate-to-severe dentiﬁed, a switch based on practical experience may not hypersensitivity reactions (OR, 0.30; 95% CI: 0.16–0.55; p < entirely prevent a new reaction, mainly due to the high and",hypersensitivity/management
P2-NUM-107,P2,7,6817,1,,,Table 1 Suggestions regarding the selection of alternative contrast media based on practical experience,general
P2-NUM-108,P2,7,6817,82-84,,,Involved ICM Suggestion regarding the selection of alternative ICM based on clinical practice reports [82–84],general
P2-NUM-109,P2,8,6818,2,,,Table 2 CMSC recommendations for the prevention of recurrent hypersensitivity reactions in adults,hypersensitivity/management
P2-NUM-110,P2,8,6818,1-4,h,within; after; ≥,In vitro tests Measure serum tryptase within 1–4 h from the start of all moderate-to-severe immediate hypersensitivity reactions to contrast media. A second measurement after ≥ 24 h serves as a baseline for further allergologic examinations.,hypersensitivity/management; documentation
P2-NUM-111,P2,8,6818,24,h,within; after; ≥,Measure serum tryptase within 1–4 h from the start of all moderate-to-severe immediate hypersensitivity reactions to contrast media. A second measurement after ≥ 24 h serves as a baseline for further allergologic examinations.,hypersensitivity/management; documentation
P2-NUM-112,P2,8,6818,6,months,within; after,"During the allergy assessment, test for the suspected culprit contrast agent and several commonly used alternatives, ideally within 6 months after the hypersensitivity reaction.",hypersensitivity/management
P2-NUM-113,P2,8,6818,1,,,"Always specify the used contrast medium in the referral to the drug allergy specialist. A detailed documentation about the culprit contrast agent and the severity of the reaction, including a grading scheme, is mandatory (see Part 1).",documentation
P2-NUM-114,P2,8,6818,1,,,patient. Never deny a patient a clinically well-indicated enhanced examination if alternative imaging strategies are not available. See also Figs. 1 and 4,general
P2-NUM-115,P2,8,6818,4,,,patient. Never deny a patient a clinically well-indicated enhanced examination if alternative imaging strategies are not available. See also Figs. 1 and 4,general
P2-NUM-116,P2,8,6818,30,min,at least,"choose a different iodine-based contrast medium or gadolinium-based contrast agent if the culprit contrast agent is known* • When the contrast medium is administered, observe the patient for at least 30 min with the IV line in place • Be prepared and vigilant for a recurring immediate hypersensitivity reaction",hypersensitivity/management
P2-NUM-117,P2,8,6818,30,min,at least,"• Apply the advice of the drug allergy specialist for a safe iodine-based contrast medium or gadolinium-based contrast agent • When the contrast medium is administered, observe the patient for at least 30 min with the IV line in place",general
P2-NUM-118,P2,9,6819,30,min,at least,"• Choose a different iodine-based contrast medium or gadolinium-based contrast agent if the culprit contrast medium is known* • When the contrast medium is administered, observe the patient for at least 30 min with the IV line in place • Be prepared and vigilant for a recurring immediate hypersensitivity reaction",hypersensitivity/management
P2-NUM-119,P2,9,6819,30,min,at least,"• Apply the advice of the drug allergy specialist for a safe iodine-based contrast medium or gadolinium-based contrast agent • When the contrast medium is administered, observe the patient for at least 30 min with the IV line in place • Be prepared and vigilant for a recurring immediate hypersensitivity reaction",hypersensitivity/management
P2-NUM-120,P2,9,6819,50,mg,before; ≥,Emergency premedication protocol: • 50 mg prednisolone IV (or equivalent): ≥ 30 min before contrast medium administration • 2 mg clemastine IV (or equivalent): ≥ 30 min before contrast medium administration,hypersensitivity/management; premedication
P2-NUM-121,P2,9,6819,30,min,before; ≥,Emergency premedication protocol: • 50 mg prednisolone IV (or equivalent): ≥ 30 min before contrast medium administration • 2 mg clemastine IV (or equivalent): ≥ 30 min before contrast medium administration,hypersensitivity/management; premedication
P2-NUM-122,P2,9,6819,2,mg,before; ≥,• 50 mg prednisolone IV (or equivalent): ≥ 30 min before contrast medium administration • 2 mg clemastine IV (or equivalent): ≥ 30 min before contrast medium administration,hypersensitivity/management
P2-NUM-123,P2,9,6819,30,min,before; ≥,• 50 mg prednisolone IV (or equivalent): ≥ 30 min before contrast medium administration • 2 mg clemastine IV (or equivalent): ≥ 30 min before contrast medium administration,hypersensitivity/management
P2-NUM-124,P2,9,6819,50,mg,equivalent to,Note: 50 mg prednisolone IV is equivalent to: • 40 mg methylprednisolone IV,general
P2-NUM-125,P2,9,6819,40,mg,equivalent to,Note: 50 mg prednisolone IV is equivalent to: • 40 mg methylprednisolone IV • 8 mg dexamethasone IV,general
P2-NUM-126,P2,9,6819,8,mg,,• 40 mg methylprednisolone IV • 8 mg dexamethasone IV • 200 mg hydrocortisone IV,general
P2-NUM-127,P2,9,6819,200,mg,,• 8 mg dexamethasone IV • 200 mg hydrocortisone IV,general
P2-NUM-128,P2,9,6819,2,mg,equivalent to,Note: 2 mg clemastine IV is equivalent to: • 50 mg diphenhydramine IV,hypersensitivity/management
P2-NUM-129,P2,9,6819,50,mg,equivalent to,Note: 2 mg clemastine IV is equivalent to: • 50 mg diphenhydramine IV • 20 mg chlorphenamine IV,hypersensitivity/management
P2-NUM-130,P2,9,6819,20,mg,,• 50 mg diphenhydramine IV • 20 mg chlorphenamine IV • 10 mg cetirizine IV,hypersensitivity/management
P2-NUM-131,P2,9,6819,10,mg,,• 20 mg chlorphenamine IV • 10 mg cetirizine IV,hypersensitivity/management
P2-NUM-132,P2,10,6820,30,min,at least,"choose a different Iodine-based contrast medium or gadolinium-based contrast agent if the culprit contrast agent is known* • When the contrast medium is administered, observe the patient for at least 30 min with the IV line in place • Give the patient written instructions for a possible repeat non-immediate hypersensitivity reaction",hypersensitivity/management
P2-NUM-133,P2,10,6820,"2,3",,,"Based on current knowledge, it can occur with a higher frequency among: • Iodine-based contrast media with a N-(2,3-hydroxypropyl)-carbamoyl sidechain* • Macrocyclic gadolinium-based contrast agents",general
P2-NUM-134,P2,11,6821,75,%,,"The potential high reactivity of CM complicates a rate of HR decreases by 75% when a GBCA with a chelate change based on practical experience. Several studies have with a different molecular structure is administered [71],",general
P2-NUM-135,P2,11,6821,86-89,,,"ings are contradictory, making it difﬁcult to draw clear ST-negative GBCA [40, 41]. conclusions [30, 31, 86–89]. Switching to an iso-osmolar CR between linear and macrocyclic GBCA appears to be ICM may signiﬁcantly increase the risk of inducing NIHR very low [10, 41], while CR seems to be higher among",general
P2-NUM-136,P2,11,6821,"2,3",,,"deducing their level of CR. In various classiﬁcations, one been complicated by the current European restriction on group sharing a common N-(2,3-dihydroxypropyl)-carba- the use of linear GCBA, related to concerns about their moyl sidechain is deﬁned [30, 87–90], while other authors risk for nephrogenic systemic ﬁbrosis and long-term",general
P2-NUM-137,P2,11,6821,87-90,,,"group sharing a common N-(2,3-dihydroxypropyl)-carba- the use of linear GCBA, related to concerns about their moyl sidechain is deﬁned [30, 87–90], while other authors risk for nephrogenic systemic ﬁbrosis and long-term discriminate another group sharing an N-(2,3-dihydrox- gadolinium deposition. DPT would facilitate the selection",general
P2-NUM-138,P2,11,6821,"2,3",,,"moyl sidechain is deﬁned [30, 87–90], while other authors risk for nephrogenic systemic ﬁbrosis and long-term discriminate another group sharing an N-(2,3-dihydrox- gadolinium deposition. DPT would facilitate the selection ypropyl)-N-methyl-carbamoyl sidechain and a residual of an alternative GBCA [32, 47, 52].",general
P2-NUM-139,P2,11,6821,2,,within,"similar sidechain may be insufﬁcient [22, 77–79, 92]. It 88, 92, 93, 98]. A new, non-validated classiﬁcation of ICM cannot be inferred from these classiﬁcations that CR (Fig. 2) and GBCA (Fig. 3) has recently been published, within the same group is complete, nor that in the event of based on previous clinical data on CM tolerance and",general
P2-NUM-140,P2,11,6821,3,,within,"similar sidechain may be insufﬁcient [22, 77–79, 92]. It 88, 92, 93, 98]. A new, non-validated classiﬁcation of ICM cannot be inferred from these classiﬁcations that CR (Fig. 2) and GBCA (Fig. 3) has recently been published, within the same group is complete, nor that in the event of based on previous clinical data on CM tolerance and",general
P2-NUM-141,P2,11,6821,1,,after,"group can be safely used. CR is more complex, with pos- also includes suggestions regarding the selection of an sible relevance to the 3D conformation of the epitope as alternative CM (Table 1) [90] but remains optional. uncommon associations in CR were seen after IHR However, the CMSC is currently unable to provide deﬁ-",general
P2-NUM-142,P2,11,6821,7.7,,after,"uncommon associations in CR were seen after IHR However, the CMSC is currently unable to provide deﬁ- between ioxitalamate and amidotrizoate (OR 7.7; 95% CI, nitive evidence-based recommendations on how to 1.18–49.84) and after NIHR between amidotrizoate and change CM based solely on practical experience. In",general
P2-NUM-143,P2,11,6821,95,%,after,"uncommon associations in CR were seen after IHR However, the CMSC is currently unable to provide deﬁ- between ioxitalamate and amidotrizoate (OR 7.7; 95% CI, nitive evidence-based recommendations on how to 1.18–49.84) and after NIHR between amidotrizoate and change CM based solely on practical experience. In",general
P2-NUM-144,P2,11,6821,1.18-49.84,,after,"between ioxitalamate and amidotrizoate (OR 7.7; 95% CI, nitive evidence-based recommendations on how to 1.18–49.84) and after NIHR between amidotrizoate and change CM based solely on practical experience. In iopamidol (OR 20.9; 95% CI, 2.21–197.5) and amido- situations without allergic test support, early recognition",general
P2-NUM-145,P2,11,6821,20.9,,after,"1.18–49.84) and after NIHR between amidotrizoate and change CM based solely on practical experience. In iopamidol (OR 20.9; 95% CI, 2.21–197.5) and amido- situations without allergic test support, early recognition trizoate and ioxitalamate (OR 21.4; 95% CI, 2.26–201.71) of an IHR is important and physicians should use their",general
P2-NUM-146,P2,11,6821,95,%,after,"1.18–49.84) and after NIHR between amidotrizoate and change CM based solely on practical experience. In iopamidol (OR 20.9; 95% CI, 2.21–197.5) and amido- situations without allergic test support, early recognition trizoate and ioxitalamate (OR 21.4; 95% CI, 2.26–201.71) of an IHR is important and physicians should use their",general
P2-NUM-147,P2,11,6821,2.21-197.5,,after,"1.18–49.84) and after NIHR between amidotrizoate and change CM based solely on practical experience. In iopamidol (OR 20.9; 95% CI, 2.21–197.5) and amido- situations without allergic test support, early recognition trizoate and ioxitalamate (OR 21.4; 95% CI, 2.26–201.71) of an IHR is important and physicians should use their",general
P2-NUM-148,P2,11,6821,21.4,,,"iopamidol (OR 20.9; 95% CI, 2.21–197.5) and amido- situations without allergic test support, early recognition trizoate and ioxitalamate (OR 21.4; 95% CI, 2.26–201.71) of an IHR is important and physicians should use their [91]. Of note, several studies reported greater tolerance for available choices of alternative CM, adhere to local/",general
P2-NUM-149,P2,11,6821,95,%,,"iopamidol (OR 20.9; 95% CI, 2.21–197.5) and amido- situations without allergic test support, early recognition trizoate and ioxitalamate (OR 21.4; 95% CI, 2.26–201.71) of an IHR is important and physicians should use their [91]. Of note, several studies reported greater tolerance for available choices of alternative CM, adhere to local/",general
P2-NUM-150,P2,11,6821,2.26-201.71,,,"iopamidol (OR 20.9; 95% CI, 2.21–197.5) and amido- situations without allergic test support, early recognition trizoate and ioxitalamate (OR 21.4; 95% CI, 2.26–201.71) of an IHR is important and physicians should use their [91]. Of note, several studies reported greater tolerance for available choices of alternative CM, adhere to local/",general
P2-NUM-151,P2,11,6821,6-8,,,"[91]. Of note, several studies reported greater tolerance for available choices of alternative CM, adhere to local/ iobitridol when it is chosen based on practical experience national guidelines [6–8, 99], and provide that patients get as an alternative ICM, and a lower risk of ST positivity for optimal surveillance by staff trained in treatment of HR to",general
P2-NUM-152,P2,11,6821,0.2,,,"as an alternative ICM, and a lower risk of ST positivity for optimal surveillance by staff trained in treatment of HR to iobitridol in case of positive ST for iomeprol (OR 0.2; 95% CM, if needed with rapid response team (anesthesiologist CI 0.06–0.85) [91], although it remains to be determined if + anesthesiology nurse) support (see Part 1 [1]).",general
P2-NUM-153,P2,11,6821,95,%,,"as an alternative ICM, and a lower risk of ST positivity for optimal surveillance by staff trained in treatment of HR to iobitridol in case of positive ST for iomeprol (OR 0.2; 95% CM, if needed with rapid response team (anesthesiologist CI 0.06–0.85) [91], although it remains to be determined if + anesthesiology nurse) support (see Part 1 [1]).",general
P2-NUM-154,P2,11,6821,0.06-0.85,,,"iobitridol in case of positive ST for iomeprol (OR 0.2; 95% CM, if needed with rapid response team (anesthesiologist CI 0.06–0.85) [91], although it remains to be determined if + anesthesiology nurse) support (see Part 1 [1]). this is related to the presence of N-(2,3-dihydroxypropyl)-",general
P2-NUM-155,P2,11,6821,"2,3",,,"CI 0.06–0.85) [91], although it remains to be determined if + anesthesiology nurse) support (see Part 1 [1]). this is related to the presence of N-(2,3-dihydroxypropyl)- N-methyl-carbamoyl sidechains [93–95]. Conclusion",general
P2-NUM-156,P2,12,6822,4,,after,"Fig. 4 What to do after a previous non-immediate hypersensitivity reaction (NIHR). # Classiﬁcation taken from Brockow et al [28]. CM, contrast medium/ media; EHR, electronic health record; GBCA, gadolinium-based contrast agent; ICM, iodine-based contrast medium; NIHR, non-immediate hypersensitivity",hypersensitivity/management; documentation
P2-NUM-157,P2,12,6822,10.1007,,,The online version contains supplementary material available at https://doi. org/10.1007/s00330-025-11676-0. Abbreviations,general
P2-NUM-158,P2,12,6822,025-11676,,,The online version contains supplementary material available at https://doi. org/10.1007/s00330-025-11676-0. Abbreviations,general
P2-NUM-159,P2,13,6823,209,,,"Department of Radiology, BioMaps, Le Kremlin-Bicêtre, France. 7Department of 14. Laroche D (2005) Immediate reactions to contrast media: mediator Radiology, Cattinara Hospital, University of Trieste, Trieste, Italy. 8Department of release and value of diagnostic testing. Toxicology 209:193–194 Clinical Science, Intervention and Technology, Unit of Radiology, Karolinska 15. Schwartz LB (2006) Diagnostic value of trypt",hypersensitivity/management; CA-AKI/renal; documentation
P2-NUM-160,P2,13,6823,193-194,,,"Department of Radiology, BioMaps, Le Kremlin-Bicêtre, France. 7Department of 14. Laroche D (2005) Immediate reactions to contrast media: mediator Radiology, Cattinara Hospital, University of Trieste, Trieste, Italy. 8Department of release and value of diagnostic testing. Toxicology 209:193–194 Clinical Science, Intervention and Technology, Unit of Radiology, Karolinska 15. Schwartz LB (2006) Diagnostic value of trypt",hypersensitivity/management; CA-AKI/renal; documentation
P2-NUM-161,P2,13,6823,15,,,"Radiology, Cattinara Hospital, University of Trieste, Trieste, Italy. 8Department of release and value of diagnostic testing. Toxicology 209:193–194 Clinical Science, Intervention and Technology, Unit of Radiology, Karolinska 15. Schwartz LB (2006) Diagnostic value of tryptase in anaphylaxis and Institute and Department of Radiology, Karolinska University Hospital in mastocytosis. Immunol Allergy Clin North Am 26:451",hypersensitivity/management; CA-AKI/renal; documentation
P2-NUM-162,P2,13,6823,26,,,"Clinical Science, Intervention and Technology, Unit of Radiology, Karolinska 15. Schwartz LB (2006) Diagnostic value of tryptase in anaphylaxis and Institute and Department of Radiology, Karolinska University Hospital in mastocytosis. Immunol Allergy Clin North Am 26:451–463 Huddinge, Stockholm, Sweden. 9Université de Paris, AP-HP, Hôpital Européen 16. Golden DBK, Wang J, Waserman S et al (2024) Anaphylaxis: a 2023",hypersensitivity/management; CA-AKI/renal; documentation
P2-NUM-163,P2,13,6823,451-463,,,"Clinical Science, Intervention and Technology, Unit of Radiology, Karolinska 15. Schwartz LB (2006) Diagnostic value of tryptase in anaphylaxis and Institute and Department of Radiology, Karolinska University Hospital in mastocytosis. Immunol Allergy Clin North Am 26:451–463 Huddinge, Stockholm, Sweden. 9Université de Paris, AP-HP, Hôpital Européen 16. Golden DBK, Wang J, Waserman S et al (2024) Anaphylaxis: a 2023",hypersensitivity/management; CA-AKI/renal; documentation
P2-NUM-164,P2,13,6823,1,,,"Neuroradiology, University Clinic Bonn, and German Center for and perspectives. Front Immunol 10:494 Neurodegenerative Diseases, DZNE, Bonn, Germany. 12Athinoula A. Martinos 18. Sprung J, Weingarten TN, Schwartz LB (2015) Presence or absence of Center for Biomedical Imaging, Massachusetts General Hospital, Charlestown, elevated acute total serum tryptase by itself is not a deﬁnitive marker for",CA-AKI/renal; documentation; paediatric
P2-NUM-165,P2,13,6823,18,,,"Neuroradiology, University Clinic Bonn, and German Center for and perspectives. Front Immunol 10:494 Neurodegenerative Diseases, DZNE, Bonn, Germany. 12Athinoula A. Martinos 18. Sprung J, Weingarten TN, Schwartz LB (2015) Presence or absence of Center for Biomedical Imaging, Massachusetts General Hospital, Charlestown, elevated acute total serum tryptase by itself is not a deﬁnitive marker for",CA-AKI/renal; documentation; paediatric
P2-NUM-166,P2,13,6823,1,,,"Center for Biomedical Imaging, Massachusetts General Hospital, Charlestown, elevated acute total serum tryptase by itself is not a deﬁnitive marker for MA, USA. 13Department of Radiology, Landesklinikum St Pölten, St Pölten, an allergic reaction. Anaesthesiology 122:713–714 Austria. 14Department of Diagnostic and Interventional Radiology, Marburg 19. Valent P, Akin C, Arock M et al (2012) Deﬁnitions, criteria, and gl",documentation
P2-NUM-167,P2,13,6823,122,,,"Center for Biomedical Imaging, Massachusetts General Hospital, Charlestown, elevated acute total serum tryptase by itself is not a deﬁnitive marker for MA, USA. 13Department of Radiology, Landesklinikum St Pölten, St Pölten, an allergic reaction. Anaesthesiology 122:713–714 Austria. 14Department of Diagnostic and Interventional Radiology, Marburg 19. Valent P, Akin C, Arock M et al (2012) Deﬁnitions, criteria, and gl",documentation
P2-NUM-168,P2,13,6823,713-714,,,"Center for Biomedical Imaging, Massachusetts General Hospital, Charlestown, elevated acute total serum tryptase by itself is not a deﬁnitive marker for MA, USA. 13Department of Radiology, Landesklinikum St Pölten, St Pölten, an allergic reaction. Anaesthesiology 122:713–714 Austria. 14Department of Diagnostic and Interventional Radiology, Marburg 19. Valent P, Akin C, Arock M et al (2012) Deﬁnitions, criteria, and gl",documentation
P2-NUM-169,P2,15,6825,29,,,"localization in hypersensitivity reactions to iodinated contrast media. J 98. Mervak BM, McDonald JS (2024) Iodine and gadolinium contrast reac- Invest Allergol Clin Immunol 29:82–83 tions: what is the risk and role of premedication, abbreviated protocols, 83. Gómez E, Ruano M, Somoza ML, Fernández J, Blanca-López N (2019) Role prior history of reactions, and cross-reactivity? Radiol Clin N Am",hypersensitivity/management; premedication; cross-reactivity
P2-NUM-170,P2,15,6825,82-83,,,"localization in hypersensitivity reactions to iodinated contrast media. J 98. Mervak BM, McDonald JS (2024) Iodine and gadolinium contrast reac- Invest Allergol Clin Immunol 29:82–83 tions: what is the risk and role of premedication, abbreviated protocols, 83. Gómez E, Ruano M, Somoza ML, Fernández J, Blanca-López N (2019) Role prior history of reactions, and cross-reactivity? Radiol Clin N Am",hypersensitivity/management; premedication; cross-reactivity
P2-NUM-171,P2,15,6825,83,,,"Invest Allergol Clin Immunol 29:82–83 tions: what is the risk and role of premedication, abbreviated protocols, 83. Gómez E, Ruano M, Somoza ML, Fernández J, Blanca-López N (2019) Role prior history of reactions, and cross-reactivity? Radiol Clin N Am of T cells in non-immediate drug allergy reactions. Curr Opin Allergy Clin 62:949–957",premedication; cross-reactivity
P2-NUM-172,P2,15,6825,62,,,"83. Gómez E, Ruano M, Somoza ML, Fernández J, Blanca-López N (2019) Role prior history of reactions, and cross-reactivity? Radiol Clin N Am of T cells in non-immediate drug allergy reactions. Curr Opin Allergy Clin 62:949–957 Immunol 19:294–301 99. Vega F (2024) Adverse reactions to radiological contrast media: preven-",cross-reactivity
P2-NUM-173,P2,15,6825,949-957,,,"83. Gómez E, Ruano M, Somoza ML, Fernández J, Blanca-López N (2019) Role prior history of reactions, and cross-reactivity? Radiol Clin N Am of T cells in non-immediate drug allergy reactions. Curr Opin Allergy Clin 62:949–957 Immunol 19:294–301 99. Vega F (2024) Adverse reactions to radiological contrast media: preven-",cross-reactivity
