atlas_id,source_id,physical_pdf_page,printed_page_numbers,exact_phrase,surrounding_context,section_topic
V10EN-REC-001,V10EN,3,2,may,"the literature whenever possible. Where there is insufficient published evidence, guidelines are based on clinical consensus within the Committee. Some CMSC guidelines may differ from the Summary of Product Characteristics (SPC, label), and/or guidelines drawn up by national and other radiological bodies. LEGAL NOTICE: The Committee and",PREFACE
V10EN-REC-002,V10EN,5,4,SHOULD,GADOLINIUM-BASED CONTRAST AGENTS SAFELY BE GIVEN ON THE SAME DAY FOR ROUTINE EXAMINATIONS? 24 B.7. HOW LONG SHOULD THERE BE BETWEEN TWO IODINE-BASED CONTRAST MEDIUM INJECTIONS FOR ROUTINE EXAMINATIONS? 25 B.8. HOW LONG SHO,B.7. HOW LONG SHOULD THERE BE BETWEEN
V10EN-REC-003,V10EN,5,4,SHOULD,ULD THERE BE BETWEEN TWO IODINE-BASED CONTRAST MEDIUM INJECTIONS FOR ROUTINE EXAMINATIONS? 25 B.8. HOW LONG SHOULD THERE BE BETWEEN TWO GADOLINIUM-BASED CONTRAST AGENT INJECTIONS FOR ROUTINE EXAMINATIONS? 25 4 CONTENTS,B.8. HOW LONG SHOULD THERE BE BETWEEN TWO
V10EN-REC-004,V10EN,6,5,should,"d for X-ray, MR and ultrasound contrast compounds. A contrast medium is a substance which alters the contrast in X-ray images by altering transmission of the X-ray beam. This term should be reserved for X-ray contrast compounds, e.g. iodine-based, barium, air and carbon dioxide. CONTENTS 5",E. APPENDIX 40
V10EN-REC-005,V10EN,7,6,may,"and lowest after ultrasound agents. Classification Acute reactions are either allergy-like, hypersensitivity reactions or chemotoxic responses. Allergy-like reactions may or may not be true IgE mediated allergy. Hypersensitivity/ Grade Chemotoxic Allergy-like (Ring and",A.1. ACUTE ADVERSE REACTIONS
V10EN-REC-006,V10EN,7,6,may not,"west after ultrasound agents. Classification Acute reactions are either allergy-like, hypersensitivity reactions or chemotoxic responses. Allergy-like reactions may or may not be true IgE mediated allergy. Hypersensitivity/ Grade Chemotoxic Allergy-like (Ring and",A.1. ACUTE ADVERSE REACTIONS
V10EN-REC-007,V10EN,7,6,may,Respiratory arrest Grade 4 Convulsion Cardiac arrest Grade 4 Note: • Be aware that what at first appears to be a mild reaction may develop into a more serious reaction. • Not all symptoms experienced by patients in the hour after contrast agent injections are adverse reactions to the contrast,A.1. ACUTE ADVERSE REACTIONS
V10EN-REC-008,V10EN,7,6,may,"rious reaction. • Not all symptoms experienced by patients in the hour after contrast agent injections are adverse reactions to the contrast agent. • Patient anxiety may cause symptoms after contrast agent administation (Lalli effect). • When a new contrast agent is first introduced to a department, adverse effects tend to be over-",A.1. ACUTE ADVERSE REACTIONS
V10EN-REC-009,V10EN,8,7,Consider,ular agents. To reduce the risk of an acute reaction to iodine- and gadolinium-based agents For all patients • Use a non-ionic iodine-based contrast medium. For patients at • Consider an alternative test not requiring a increased risk of contrast agent of similar class. reaction (see risk • For previous contrast agent reactors: use factors above) a d,A.1.1. Acute adverse reactions to iodine- and gadolinium-
V10EN-REC-010,V10EN,8,7,preferably,"requiring a increased risk of contrast agent of similar class. reaction (see risk • For previous contrast agent reactors: use factors above) a different contrast agent, preferably after consultation with a specialist in drug allergy. • Premedication is not recommended because there is not good e",A.1.1. Acute adverse reactions to iodine- and gadolinium-
V10EN-REC-011,V10EN,8,7,is not recommended,"rs: use factors above) a different contrast agent, preferably after consultation with a specialist in drug allergy. • Premedication is not recommended because there is not good evidence of its effectiveness Be prepared for an acute reaction For all patients • Have the drugs and equipment for resuscitation",A.1.1. Acute adverse reactions to iodine- and gadolinium-
V10EN-REC-012,V10EN,9,8,should,"fter iodine- and gadolinium-based and ultrasound contrast agents. A.1.2.1. Be prepared to treat acute adverse reactions First line emergency drugs and equipment which should be in the examination room: Oxygen Adrenaline 1:1,000 Antihistamine H1 - suitable for injection Atropine ß2-agonist metered dose inhaler I.V. flu",A.1.2.1. Be prepared to treat acute adverse reactions
V10EN-REC-013,V10EN,9,8,should,luids - normal saline or Ringer‘s solution Anti-convulsive drugs (diazepam) Sphygmomanometer One-way mouth ‚breather‘ apparatus • Resuscitation trolley should be available in the department. • Emergency numbers for the hospital resuscitation team should be in the examination room. • Medical and tech,A.1.2.1. Be prepared to treat acute adverse reactions
V10EN-REC-014,V10EN,9,8,should,‚breather‘ apparatus • Resuscitation trolley should be available in the department. • Emergency numbers for the hospital resuscitation team should be in the examination room. • Medical and technical staff should receive regular education in the management of acute adverse reactions and,A.1.2.1. Be prepared to treat acute adverse reactions
V10EN-REC-015,V10EN,9,8,should,e in the department. • Emergency numbers for the hospital resuscitation team should be in the examination room. • Medical and technical staff should receive regular education in the management of acute adverse reactions and in resuscitation technique. • Equipment for collecting blood for,A.1.2.1. Be prepared to treat acute adverse reactions
V10EN-REC-016,V10EN,9,8,should,nagement of acute adverse reactions and in resuscitation technique. • Equipment for collecting blood for tryptase and histamine measurement should be readily available. • Keep the patient in a medical environment for 30 minutes after contrast agent injection. A.1.2.2. Simple guidelines for first,A.1.2.1. Be prepared to treat acute adverse reactions
V10EN-REC-017,V10EN,10,9,should,"Nausea/vomiting Transient: supportive treatment. Severe, protracted: appropriate antiemetic drugs should be considered. Note: severe vomiting may occur during anaphylaxis. Urticaria Scattered, transient: supportive treatment including observation. Scattered, protracted or generalized",
V10EN-REC-018,V10EN,10,9,may,"Nausea/vomiting Transient: supportive treatment. Severe, protracted: appropriate antiemetic drugs should be considered. Note: severe vomiting may occur during anaphylaxis. Urticaria Scattered, transient: supportive treatment including observation. Scattered, protracted or generalized or angioedema: appropriate H1-antihistam",
V10EN-REC-019,V10EN,10,9,should,"ur during anaphylaxis. Urticaria Scattered, transient: supportive treatment including observation. Scattered, protracted or generalized or angioedema: appropriate H1-antihistamine should be given intramuscularly or intravenously. Drowsiness and/or hypotension may occur. After administration of anithistamines, the patient may no longer be insured to drive a car or",
V10EN-REC-020,V10EN,10,9,may,"uding observation. Scattered, protracted or generalized or angioedema: appropriate H1-antihistamine should be given intramuscularly or intravenously. Drowsiness and/or hypotension may occur. After administration of anithistamines, the patient may no longer be insured to drive a car or operate machinery. Bronchospasm 1. Oxygen by mask (6-10 l/min). 2. β-2-agonis",
V10EN-REC-021,V10EN,10,9,may,"oedema: appropriate H1-antihistamine should be given intramuscularly or intravenously. Drowsiness and/or hypotension may occur. After administration of anithistamines, the patient may no longer be insured to drive a car or operate machinery. Bronchospasm 1. Oxygen by mask (6-10 l/min). 2. β-2-agonist metered dose inhaler (2-3 deep inhalations). 3. Adrenaline No",
V10EN-REC-022,V10EN,11,10,necessary,"ction (hypotension and bradycardia) 1. Elevate patient’s legs. 2. Oxygen by mask (6-10 l/min). 3. Atropine 0.6-1.0 mg intravenously - repeat if necessary after 3-5 min, to 3 mg total (0.04 mg/kg) in adults. In pediatric patients give 0.02 mg/kg intravenously (max 0.6 mg per dose) - repea",
V10EN-REC-023,V10EN,11,10,necessary,"r 3-5 min, to 3 mg total (0.04 mg/kg) in adults. In pediatric patients give 0.02 mg/kg intravenously (max 0.6 mg per dose) - repeat if necessary to 2 mg total. 4. Intravenous fluids: rapidly, normal saline or Ringer’s solution, up to 2 litres. 5. If the patient does not respond to the",
V10EN-REC-024,V10EN,11,10,should,1 and 2 hours after contrast agent administration and at 24 hours if the patient is still in the hospital. • 1 to 6 months after the reaction the patient should be referred to a specialist in drug allergy to have skin testing. Prick and intradermal tests should be used to check for evidence of tru,A.1.2.3. After a moderate or severe acute adverse reaction
V10EN-REC-025,V10EN,11,10,should,• 1 to 6 months after the reaction the patient should be referred to a specialist in drug allergy to have skin testing. Prick and intradermal tests should be used to check for evidence of true allergy to the contrast agent and for evidence of cross-reactivity to other contrast agents. • An exa,A.1.2.3. After a moderate or severe acute adverse reaction
V10EN-REC-026,V10EN,12,11,should,"• If the reaction is severe or unusual, report it to the national pharmacovigilance authority. A.1.2.4. Review of treatment protocols Radiologists and their staff should review treatment protocols regularly (e.g. at 12 monthly intervals), so that each can accomplish their role efficiently. Knowledge, training, and preparation",A.1.2.4. Review of treatment protocols
V10EN-REC-027,V10EN,12,11,may,"ne-based contrast medium before administration • Appears to make the patient more comfortable, based on clinical observation. • Reduces viscosity and may reduce the risk of contrast medium extravasation. • May reduce the rate of general adverse events, but data on this is limited. • Is widely regarde",A.1.3. Warming iodine-based contrast medium before
V10EN-REC-028,V10EN,12,11,May,"o make the patient more comfortable, based on clinical observation. • Reduces viscosity and may reduce the risk of contrast medium extravasation. • May reduce the rate of general adverse events, but data on this is limited. • Is widely regarded as best practice. A.1.4. Extravascular administration of an iodine-ba",A.1.3. Warming iodine-based contrast medium before
V10EN-REC-029,V10EN,12,11,recommended,venous administration of contrast agents dates from the time when high-osmolar iodine-based contrast media were used and many patients vomited. Fasting is not recommended before administration of low- or iso-osmolar non-ionic iodine-based contrast media or of gadolinium-based agents. A. GENER,A.1.5. Fasting before administration of contrast agents
V10EN-REC-030,V10EN,13,12,should,"s and emollients. Recommendations Patients who have had a previous contrast medium reaction, or who are on interleukin-2 treatment should be advised that a late skin reaction is possible and that they should contact a doctor if they have a problem.",A.2. LATE ADVERSE REACTIONS
V10EN-REC-031,V10EN,13,12,should,"medium reaction, or who are on interleukin-2 treatment should be advised that a late skin reaction is possible and that they should contact a doctor if they have a problem. Patch and delayed reading intradermal tests may be useful to confi",A.2. LATE ADVERSE REACTIONS
V10EN-REC-032,V10EN,13,12,may,e and that they should contact a doctor if they have a problem. Patch and delayed reading intradermal tests may be useful to confirm a late skin reaction to contrast medium and to study cross-reactivity patterns with other agents.,A.2. LATE ADVERSE REACTIONS
V10EN-REC-033,V10EN,13,12,Avoid,"To reduce the risk of repeat reaction, use a contrast medium other than that which precipitated the first reaction. Avoid agents which have shown cross-reactivity on skin testing. Drug prophylaxis is generally not recommended. Note: Late s",A.2. LATE ADVERSE REACTIONS
V10EN-REC-034,V10EN,13,12,not recommended,precipitated the first reaction. Avoid agents which have shown cross-reactivity on skin testing. Drug prophylaxis is generally not recommended. Note: Late skin reactions of the type which occur after iodine-based contrast media have not been described after gadolinium-based and ultraso,A.2. LATE ADVERSE REACTIONS
V10EN-REC-035,V10EN,14,13,should,are elderly and/or live in an area of dietary iodine deficiency. Not at risk Patients with normal thyroid function. Recommendations Iodine-based contrast media should not be given to patients with manifest hyperthyroidism. • In patients suspected of being at risk of thyrotoxicosi,A.3.1. Very late adverse reactions to iodine-based contrast
V10EN-REC-036,V10EN,14,13,may,"t be given to patients with manifest hyperthyroidism. • In patients suspected of being at risk of thyrotoxicosis, TSH measurement may be helpful. • In selected high-risk patients, prophylactic treatment may be given by an endocrinologist. • Pati",A.3.1. Very late adverse reactions to iodine-based contrast
V10EN-REC-037,V10EN,14,13,may,"k of thyrotoxicosis, TSH measurement may be helpful. • In selected high-risk patients, prophylactic treatment may be given by an endocrinologist. • Patients at risk should be closely monitored by endocrinologists after iodine-based contrast",A.3.1. Very late adverse reactions to iodine-based contrast
V10EN-REC-038,V10EN,14,13,should,"helpful. • In selected high-risk patients, prophylactic treatment may be given by an endocrinologist. • Patients at risk should be closely monitored by endocrinologists after iodine-based contrast medium injection. • Intravenous cholangiographic contrast",A.3.1. Very late adverse reactions to iodine-based contrast
V10EN-REC-039,V10EN,14,13,should not,endocrinologists after iodine-based contrast medium injection. • Intravenous cholangiographic contrast media should not be given to patients at risk. A. GENERAL ADVERSE REACTIONS 13,A.3.1. Very late adverse reactions to iodine-based contrast
V10EN-REC-040,V10EN,15,14,should,m-based contrast agents: nephrogenic systemic fibrosis (NSF) Diagnosis A diagnosis of nephrogenic systemic fibrosis (NSF) should only be made if the Yale NSF Registry clinical and histopathological criteria are met (J Am Acad Dermatol 2011; 65: 1095-,A.3.2. Very late adverse reactions to gadolinium-based
V10EN-REC-041,V10EN,15,14,may,"Later changes include fibrotic thickening of the skin and subcutaneous tissues and limb contractures may occur. Fibrosis of internal organs, e.g. muscle, diaphragm, heart, liver, lungs may also occur.",A.3.2. Very late adverse reactions to gadolinium-based
V10EN-REC-042,V10EN,15,14,may,"contractures may occur. Fibrosis of internal organs, e.g. muscle, diaphragm, heart, liver, lungs may also occur. There may be death if involvement of internal organs is severe. RISK FACTORS Patient related •",A.3.2. Very late adverse reactions to gadolinium-based
V10EN-REC-043,V10EN,15,14,may,"Fibrosis of internal organs, e.g. muscle, diaphragm, heart, liver, lungs may also occur. There may be death if involvement of internal organs is severe. RISK FACTORS Patient related • Reduced renal function, particularly if eGFR",A.3.2. Very late adverse reactions to gadolinium-based
V10EN-REC-044,V10EN,15,14,may,"dimeglumine and gadoversetamide. • Risk increases with increasing contrast agent dose, but NSF may occur after a single dose. Estimated incidence • 3-18 % after gadodiamide. in patients with • 0.1-1 % after gadopentetate dimeglum",A.3.2. Very late adverse reactions to gadolinium-based
V10EN-REC-045,V10EN,16,15,may,keting Authorization Holder has withdrawn Optimark® from the European market. • EMA states that Magnevist® may be used for arthrography. • CMSC supports these recommendations. Intermediate risk of NSF Contrast agents Gadobenate dimeglu,GADOLINIUM-BASED CONTRAST AGENTS:
V10EN-REC-046,V10EN,17,16,should,clic chelate (DOTA) Gadoteridol (Prohance®) Ligand: Non-ionic cyclic chelate (HP-DO3A) Recommendations • These agents should be used with CAUTION in patients with GFR < 30 ml/min. There should be at least 7 days between two,
V10EN-REC-047,V10EN,17,16,should,late (HP-DO3A) Recommendations • These agents should be used with CAUTION in patients with GFR < 30 ml/min. There should be at least 7 days between two injections. • Pregnant women: these agents can be used to give ess,
V10EN-REC-048,V10EN,17,16,at least,O3A) Recommendations • These agents should be used with CAUTION in patients with GFR < 30 ml/min. There should be at least 7 days between two injections. • Pregnant women: these agents can be used to give essential diagn,
V10EN-REC-049,V10EN,17,16,necessary,"• Lactating women: discarding the breast milk in the 24 hours after contrast medium is not considered necessary, but the patient can discuss with the doctor whether she wishes to do this. • Laboratory testing",
V10EN-REC-050,V10EN,17,16,necessary,ly well-indicated for all patients enhanced MR-examination. In all patients use the smallest amount of contrast medium necessary for a diagnostic result. Always record the name and dose of the contrast agent used in the patient re,
V10EN-REC-051,V10EN,18,17,recommended,"a- renal arteries. B.1. MEASUREMENT OF RENAL FUNCTION • Estimated glomerular filtration rate (eGFR), calculated from the serum creatinine, is the recommended method to estimate renal function before contrast agent administration. • In adults ≥ 18 years the CKD-EPI formula is recommended",B.1. MEASUREMENT OF RENAL FUNCTION
V10EN-REC-052,V10EN,18,17,is recommended,"atinine, is the recommended method to estimate renal function before contrast agent administration. • In adults ≥ 18 years the CKD-EPI formula is recommended to calculate eGFR. eGFR (ml/min/1.73 m2) = Female sCr ≤ 62 µmol/l: 144 x (sCr / 62)-0.329 x 0.993Age Female sCr > 62 µmol/l: 14",B.1. MEASUREMENT OF RENAL FUNCTION
V10EN-REC-053,V10EN,18,17,recommended,"3Age (sCr in µmol/l; age in years) All equations x 1.159 if African American race. • In children, the revised Schwartz formula is recommended to calculate eGFR eGFR (ml/min/1.73 m2) = 36.5 x length / sCr (sCr in µmol/l; length in cm) Note: Neither serum nor plasma creatinine is an id",B.1. MEASUREMENT OF RENAL FUNCTION
V10EN-REC-054,V10EN,18,17,may,"73 m2) = 36.5 x length / sCr (sCr in µmol/l; length in cm) Note: Neither serum nor plasma creatinine is an ideal indicator of renal function and may miss decreased renal function. B. RENAL ADVERSE REACTIONS (POST-CONTRAST ACUTE KIDNEY INJURY, PC-AKI) 17",B.1. MEASUREMENT OF RENAL FUNCTION
V10EN-REC-055,V10EN,20,19,Consider,ial administration with second pass renal exposure as closely as clinical circumstances permit. B.2.2. Before the Examination ELECTIVE EXAMINATION At-risk patients • Consider an alternative imaging method not (see above) using iodine-based contrast media. • Intravenous saline and bicarbonate protoc,B.2.2. Before the Examination
V10EN-REC-056,V10EN,20,19,should,ine 0.9 % for 3-4 hours before and 4-6 hours after contrast medium. • The clinician responsible for patient care should individualize preventive hydration in patients with severe congestive heart failure (NYHA grade 3-4) or patients with end-stage,B.2.2. Before the Examination
V10EN-REC-057,V10EN,20,19,is not recommended,"t failure (NYHA grade 3-4) or patients with end-stage renal failure (eGFR < 15 ml/min/1.73 m2). • Oral hydration is not recommended as the sole method of preventive hydration. B. RENAL ADVERSE REACTIONS (POST-CONTRAST ACUTE KIDNEY INJURY, PC-AKI) 19",B.2.2. Before the Examination
V10EN-REC-058,V10EN,21,20,Consider,EMERGENCY EXAMINATION At-risk patients • Consider an alternative imaging method not (see above) using iodine-based contrast media. • Use preventive hydration before contrast,
V10EN-REC-059,V10EN,21,20,at least,"medium administration. • If at 48 hours there is a diagnosis of PC-AKI, monitor the patient clinically for at least 30 days and determine eGFR at regular intervals. Note: No pharmacological prophylaxis (with statins, renal",B.2.4. After the Examination
V10EN-REC-060,V10EN,22,21,should,e myeloma patients often have hypercalcemia which can increase the risk of kidney damage. Correction of hypercalcemia before contrast medium administration should be discussed with the hematologist. • Assessment for Bence Jones proteinuria before contrast medium administration is not necessary. B.3. R,B.2.5. Multiple myeloma patients
V10EN-REC-061,V10EN,22,21,necessary,m administration should be discussed with the hematologist. • Assessment for Bence Jones proteinuria before contrast medium administration is not necessary. B.3. RENAL ADVERSE REACTIONS TO GADOLINIUM- BASED CONTRAST MEDIA MR-EXAMINATIONS • The risk of PC-AKI is very low when gadolinium-based,B.2.5. Multiple myeloma patients
V10EN-REC-062,V10EN,22,21,should not,RADIOGRAPHIC EXAMINATIONS • Gadolinium-based contrast agents are not approved for radiographic examinations. • Gadolinium-based contrast agents should not be used for radiographic examinations in patients with renal impairment (eGFR < 60 ml/min/1.73 m2). • Gadolinium-based contrast agents are more n,B.3. RENAL ADVERSE REACTIONS TO GADOLINIUM-
V10EN-REC-063,V10EN,23,22,necessary,and restart metformin if renal function has not changed significantly. B.4.2. Gadolinium-based contrast media No special precautions are necessary when diabetic patients on metformin are given gadolinium-based contrast agents as the risk of PC-AKI is very low. 22 B. RENAL ADVERSE REACTIONS (POS,B.4.2. Gadolinium-based contrast media
V10EN-REC-064,V10EN,24,23,avoid,"hemodialysis protects patients with impaired renal function from post contrast acute kidney injury or nephrogenic systemic fibrosis. In all patients, avoid osmotic and fluid overload. To avoid the risk of NSF refer to A.3.2. PATIENTS ON DIALYSIS Patients on Iodine-based contrast medium hemodialysis • C",B.5. DIALYSIS AND CONTRAST MEDIUM
V10EN-REC-065,V10EN,24,23,avoid,"mpaired renal function from post contrast acute kidney injury or nephrogenic systemic fibrosis. In all patients, avoid osmotic and fluid overload. To avoid the risk of NSF refer to A.3.2. PATIENTS ON DIALYSIS Patients on Iodine-based contrast medium hemodialysis • Correlation of time of the contrast medium",B.5. DIALYSIS AND CONTRAST MEDIUM
V10EN-REC-066,V10EN,24,23,recommended,rast agent • Correlation of time of the contrast agent injection with the hemodialysis session is recommended. • Extra hemodialysis session to remove contrast agent as soon as possible after it has been admi,B.5. DIALYSIS AND CONTRAST MEDIUM
V10EN-REC-067,V10EN,24,23,is recommended,• Extra hemodialysis session to remove contrast agent as soon as possible after it has been administered is recommended. Patients on Iodine-based contrast medium continuous Hemodialysis to remove the contrast medium ambulatory is unnecessary. peritonea,B.5. DIALYSIS AND CONTRAST MEDIUM
V10EN-REC-068,V10EN,24,23,should,"dium ambulatory is unnecessary. peritoneal dialysis Gadolinium-based contrast agent The need for hemodialysis should be discussed with the referring physician. B. RENAL ADVERSE REACTIONS (POST-CONTRAST ACUTE KIDNEY INJURY, PC-AKI) 23",B.5. DIALYSIS AND CONTRAST MEDIUM
V10EN-REC-069,V10EN,25,24,may,B.6. CAN IODINE- AND GADOLINIUM-BASED CONTRAST AGENTS SAFELY BE GIVEN ON THE SAME DAY FOR ROUTINE EXAMINATIONS? Efficient practice may involve giving iodine- and gadolinium-based contrast agents for enhanced CT and MR on the same day. To reduce any potential for nephrotoxicity the followin,B.6. CAN IODINE- AND GADOLINIUM-BASED CONTRAST
V10EN-REC-070,V10EN,25,24,recommended,dine- and gadolinium-based contrast agents for enhanced CT and MR on the same day. To reduce any potential for nephrotoxicity the following are recommended: 1. Patients with normal renal function or moderately reduced (GFR > 30 ml/min/1.73 m2). 75 % of both gadolinium- and iodine-based contra,B.6. CAN IODINE- AND GADOLINIUM-BASED CONTRAST
V10EN-REC-071,V10EN,25,24,should,(GFR > 30 ml/min/1.73 m2). 75 % of both gadolinium- and iodine-based contrast agents are excreted by 4 hours after administration. There should be 4 hours between injections of iodine- and gadolinium-based contrast agents. 2. Patients with severely reduced renal function,B.6. CAN IODINE- AND GADOLINIUM-BASED CONTRAST
V10EN-REC-072,V10EN,25,24,should,um-based contrast agents. 2. Patients with severely reduced renal function (GFR < 30 ml/min/1.73 m2 or on dialysis). There should be 7 days between injections of iodine- and gadolinium-based contrast agents. Note: Gadolinium-based contrast agents attenuate X-rays well a,B.6. CAN IODINE- AND GADOLINIUM-BASED CONTRAST
V10EN-REC-073,V10EN,25,24,may,"7 days between injections of iodine- and gadolinium-based contrast agents. Note: Gadolinium-based contrast agents attenuate X-rays well and may be misinterpreted on CT when they have been excreted into the urinary tract. For abdominal examinations, enhanced CT should be done before enhanced MR. For",B.6. CAN IODINE- AND GADOLINIUM-BASED CONTRAST
V10EN-REC-074,V10EN,25,24,should,"enuate X-rays well and may be misinterpreted on CT when they have been excreted into the urinary tract. For abdominal examinations, enhanced CT should be done before enhanced MR. For chest and brain examinations, either CT or MR may be done first. 24 B. RENAL ADVERSE REACTIONS (POST-CONTRAST ACUTE KIDNEY INJUR",B.6. CAN IODINE- AND GADOLINIUM-BASED CONTRAST
V10EN-REC-075,V10EN,25,24,may,"creted into the urinary tract. For abdominal examinations, enhanced CT should be done before enhanced MR. For chest and brain examinations, either CT or MR may be done first. 24 B. RENAL ADVERSE REACTIONS (POST-CONTRAST ACUTE KIDNEY INJURY, PC-AKI)",B.6. CAN IODINE- AND GADOLINIUM-BASED CONTRAST
V10EN-REC-076,V10EN,26,25,SHOULD,B.7. HOW LONG SHOULD THERE BE BETWEEN TWO IODINE-BASED CONTRAST MEDIUM INJECTIONS FOR ROUTINE EXAMINATIONS? 1. Patients with normal or moderately reduced renal,B.7. HOW LONG SHOULD THERE BE BETWEEN
V10EN-REC-077,V10EN,26,25,should,ly reduced renal function (GFR > 30 ml/min/1.73 m2). 75 % of iodine-based contrast medium is excreted by 4 hours after administration. There should be 4 hours between injections of iodine-based contrast medium. 2. Patients with severely reduced renal function (GFR < 30 ml/min/1.73 m2).,B.7. HOW LONG SHOULD THERE BE BETWEEN
V10EN-REC-078,V10EN,26,25,should,between injections of iodine-based contrast medium. 2. Patients with severely reduced renal function (GFR < 30 ml/min/1.73 m2). There should be 48 hours between injections of iodine-based contrast medium. 3. Patients on dialysis. If there is remnant renal function there should be at,B.7. HOW LONG SHOULD THERE BE BETWEEN
V10EN-REC-079,V10EN,26,25,should,There should be 48 hours between injections of iodine-based contrast medium. 3. Patients on dialysis. If there is remnant renal function there should be at least 48 hours between injections of iodine-based contrast medium. B.8. HOW LONG SHOULD THERE BE BETWEEN TWO GADOLINIUM-BASED CONTRAST AGENT,B.7. HOW LONG SHOULD THERE BE BETWEEN
V10EN-REC-080,V10EN,26,25,at least,uld be 48 hours between injections of iodine-based contrast medium. 3. Patients on dialysis. If there is remnant renal function there should be at least 48 hours between injections of iodine-based contrast medium. B.8. HOW LONG SHOULD THERE BE BETWEEN TWO GADOLINIUM-BASED CONTRAST AGENT INJEC,B.7. HOW LONG SHOULD THERE BE BETWEEN
V10EN-REC-081,V10EN,26,25,SHOULD,on dialysis. If there is remnant renal function there should be at least 48 hours between injections of iodine-based contrast medium. B.8. HOW LONG SHOULD THERE BE BETWEEN TWO GADOLINIUM-BASED CONTRAST AGENT INJECTIONS FOR ROUTINE EXAMINATIONS? 1. Patients with normal or moderately reduced renal functio,B.8. HOW LONG SHOULD THERE BE BETWEEN
V10EN-REC-082,V10EN,26,25,should,(GFR > 30 ml/min/1.73 m2). 75 % of extracellular gadolinium-based contrast agents are excreted by 4 hours after administration. There should be 4 hours between injections of gadolinium- based contrast agent. 2. Patients with severely reduced renal function (GFR < 30 ml/min/1.73 m2) o,B.8. HOW LONG SHOULD THERE BE BETWEEN
V10EN-REC-083,V10EN,26,25,should,"gadolinium- based contrast agent. 2. Patients with severely reduced renal function (GFR < 30 ml/min/1.73 m2) or on dialysis. There should be 7 days between injections of gadolinium- based contrast agent B. RENAL ADVERSE REACTIONS (POST-CONTRAST ACUTE KIDNEY INJURY, PC-AKI) 25",B.8. HOW LONG SHOULD THERE BE BETWEEN
V10EN-REC-084,V10EN,27,26,optimal,"soft-tissue necrosis, and compartment syndrome. RISK FACTORS Technique-related • Use of a power injector. • Less optimal injection sites including lower limb and small distal veins. • Large volume of contrast medium. • H",C.1. CONTRAST MEDIUM EXTRAVASATION
V10EN-REC-085,V10EN,27,26,should,• Compromised lymphatic and/or venous drainage. • Obesity. To reduce the risk • Intravenous technique should always be meticulous using an appropriate sized plastic cannula placed in a suitable vein to handle,C.1. CONTRAST MEDIUM EXTRAVASATION
V10EN-REC-086,V10EN,27,26,Consider,ed plastic cannula placed in a suitable vein to handle the flow rate used during the injection. • Consider use of cannulas with sideholes. • Test injection with normal saline. • Use non-ionic iodine-based contrast,C.1. CONTRAST MEDIUM EXTRAVASATION
V10EN-REC-087,V10EN,27,26,may,"Management • Documenting the extravasation with a plain radiograph, CT scan or MR scan of the affected region may be helpful. • Conservative management is adequate in most cases. • Limb elevation",C.1. CONTRAST MEDIUM EXTRAVASATION
V10EN-REC-088,V10EN,28,27,Avoid,History of pulmonary hypertension. • Incipient cardiac failure. To reduce the risk of • Use low- or iso-osmolar contrast media. pulmonary adverse • Avoid large doses of contrast media. effects C.3. EFFECTS OF CONTRAST MEDIA ON BLOOD AND ENDOTHELIUM C.3.1. Thrombosis C.3.1.1. Iodine-based contrast media The clini,C.2. PULMONARY EFFECTS OF IODINE-BASED
V10EN-REC-089,V10EN,28,27,may,"thrombosis. It is recognized that: • All contrast media have anticoagulant properties, especially ionic agents. • High-osmolar ionic contrast media may induce thrombosis due to endothelial damage, particularly in phlebographic procedures. • Drugs and interventional devices that decrease the risk",C.3.1.1. Iodine-based contrast media
V10EN-REC-090,V10EN,28,27,should,culous angiographic technique is mandatory and is the most important factor in reducing thromboembolic complications. • Low- or iso-osmolar contrast media should be used for diagnostic and interventional angiographic procedures including phlebography. C. MISCELLANEOU,C.3.1.1. Iodine-based contrast media
V10EN-REC-091,V10EN,29,28,may,"C.3.2. Sickle Cell Disease C.3.2.1. Iodine-based contrast media • In patients with sickle cell disease, high-osmolar iodine- based contrast media may cause red cell sickling, leading to hemolysis and small vessel occlusion. • Low- or iso-osmolar iodine-based contrast media produce no more",C.3.2.1. Iodine-based contrast media
V10EN-REC-092,V10EN,29,28,necessary,been reported after gadolinium-based contrast agents. Guidelines • Use any gadolinium-based contrast agent. • No special preparation is necessary. C.4. CONTRAST AGENTS AND CATECHOLAMINE PRODUCING TUMORS (PHEOCHROMOCYTOMA AND PARAGANGLIOMA) Preparation a) Before intrav,C.3.2.2. Gadolinium-based contrast media
V10EN-REC-093,V10EN,29,28,required,OCYTOMA AND PARAGANGLIOMA) Preparation a) Before intravenous iodine- or gadolinium-based contrast agent: no special preparation is required. b) Before intra-arterial iodine-based contrast medium: α and β-adrenergic blockade with orally administered drugs under the supervision of the,C.4. CONTRAST AGENTS AND CATECHOLAMINE
V10EN-REC-094,V10EN,29,28,is recommended,re intra-arterial iodine-based contrast medium: α and β-adrenergic blockade with orally administered drugs under the supervision of the referring physician is recommended. Type of contrast agent which should be used • Iodine-based: non-ionic agent. • Gadolinium-based: any agent. 28 C. MISCELLANEOUS,C.4. CONTRAST AGENTS AND CATECHOLAMINE
V10EN-REC-095,V10EN,29,28,should,α and β-adrenergic blockade with orally administered drugs under the supervision of the referring physician is recommended. Type of contrast agent which should be used • Iodine-based: non-ionic agent. • Gadolinium-based: any agent. 28 C. MISCELLANEOUS,C.4. CONTRAST AGENTS AND CATECHOLAMINE
V10EN-REC-096,V10EN,30,29,may,"the smallest possible essential, iodine- dose of a macrocyclic based contrast media gadolinium contrast may be given to the agent (see A.3.2. pregnant female. Agents with lowest b) Following risk of NSF) may be",C.5. PREGNANCY AND LACTATION
V10EN-REC-097,V10EN,30,29,may,may be given to the agent (see A.3.2. pregnant female. Agents with lowest b) Following risk of NSF) may be administration of given to the pregnant iodine-based contrast female. media to the mother b) Follow,C.5. PREGNANCY AND LACTATION
V10EN-REC-098,V10EN,30,29,should,"ia to the mother b) Following during pregnancy, administration of thyroid function gadolinium-based should be checked in agents to the mother the neonate during during pregnancy, no the first week. neonatal tests are",C.5. PREGNANCY AND LACTATION
V10EN-REC-099,V10EN,30,29,necessary,"ther the neonate during during pregnancy, no the first week. neonatal tests are necessary. Lactation Breast feeding may Breast feeding may be continued normally be continued normally when iodine-based whe",C.5. PREGNANCY AND LACTATION
V10EN-REC-100,V10EN,30,29,may,"during pregnancy, no the first week. neonatal tests are necessary. Lactation Breast feeding may Breast feeding may be continued normally be continued normally when iodine-based when macrocyclic contra",C.5. PREGNANCY AND LACTATION
V10EN-REC-101,V10EN,30,29,may,the first week. neonatal tests are necessary. Lactation Breast feeding may Breast feeding may be continued normally be continued normally when iodine-based when macrocyclic contrast media is gadoli,C.5. PREGNANCY AND LACTATION
V10EN-REC-102,V10EN,30,29,Do not,sed given to the mother. contrast agents are given to the mother. Pregnant or lactating See renal adverse Do not administer mother with renal reactions (B.2.). No gadolinium-based impairment additional precautions contrast agents. are necessary for the,C.5. PREGNANCY AND LACTATION
V10EN-REC-103,V10EN,30,29,necessary,dverse Do not administer mother with renal reactions (B.2.). No gadolinium-based impairment additional precautions contrast agents. are necessary for the fetus or neonate. C. MISCELLANEOUS 29,C.5. PREGNANCY AND LACTATION
V10EN-REC-104,V10EN,31,30,Do not,"the patient’s drug history. recommendation Keep a proper record of the contrast agent injection (time, dose, name). Do not mix contrast agents with other drugs in tubes and syringes. Drugs needing special attention Metformin Refer to renal adverse reaction",C.6. INTERACTION WITH OTHER DRUGS AND
V10EN-REC-105,V10EN,31,30,recommended,Refer to renal adverse reactions section (B.4.). Nephrotoxic drugs Stopping nephrotoxic drugs before administering Cyclosporine contrast agents is not generally recommended. Cisplatin Aminoglycosides Non steroid anti- inflammatory drugs ß-blocker ß-blockers may impair the management of bronc,C.6. INTERACTION WITH OTHER DRUGS AND
V10EN-REC-106,V10EN,31,30,may,sporine contrast agents is not generally recommended. Cisplatin Aminoglycosides Non steroid anti- inflammatory drugs ß-blocker ß-blockers may impair the management of bronchospasm and the response to adrenaline. Interleukin-2 Refer to late adverse reactions section (A.2.). Non-em,C.6. INTERACTION WITH OTHER DRUGS AND
V10EN-REC-107,V10EN,31,30,Preferably,"bronchospasm and the response to adrenaline. Interleukin-2 Refer to late adverse reactions section (A.2.). Non-emergency biochemical assays Recommendation • Preferably collect urine and blood before administration of a contrast agent. • In patients with normal renal function, blood",C.6. INTERACTION WITH OTHER DRUGS AND
V10EN-REC-108,V10EN,31,30,necessary,"• In patients with normal renal function, blood can be collected 4 hours after contrast agent administration if necessary. • In patients with reduced renal function (eGFR < 45 ml/min/1.73 m2), blood collection should be de",C.6. INTERACTION WITH OTHER DRUGS AND
V10EN-REC-109,V10EN,31,30,should,"administration if necessary. • In patients with reduced renal function (eGFR < 45 ml/min/1.73 m2), blood collection should be delayed for as long as possible after contrast agent administration. • Urine collection should no",C.6. INTERACTION WITH OTHER DRUGS AND
V10EN-REC-110,V10EN,31,30,should not,on should be delayed for as long as possible after contrast agent administration. • Urine collection should not be done within 24 hours of administration of a contrast agent. • The effects of the contrast agents on the,C.6. INTERACTION WITH OTHER DRUGS AND
V10EN-REC-111,V10EN,31,30,may,24 hours of administration of a contrast agent. • The effects of the contrast agents on the analyses may differ dependent on which analytic method is used. Isotope studies and/or treatment Thyroid Patients undergoing therapy with radio,C.6. INTERACTION WITH OTHER DRUGS AND
V10EN-REC-112,V10EN,31,30,should not,analytic method is used. Isotope studies and/or treatment Thyroid Patients undergoing therapy with radioactive iodine should not have received iodine-based contrast medium for at least 2 months before treatment. Isotope imaging of the thyroid should be avoi,C.6. INTERACTION WITH OTHER DRUGS AND
V10EN-REC-113,V10EN,31,30,at least,Thyroid Patients undergoing therapy with radioactive iodine should not have received iodine-based contrast medium for at least 2 months before treatment. Isotope imaging of the thyroid should be avoided for 2 months after iodine-based contrast medium,C.6. INTERACTION WITH OTHER DRUGS AND
V10EN-REC-114,V10EN,31,30,should,"should not have received iodine-based contrast medium for at least 2 months before treatment. Isotope imaging of the thyroid should be avoided for 2 months after iodine-based contrast medium injection. Bone, red blood Avoid iodine-based contrast med",C.6. INTERACTION WITH OTHER DRUGS AND
V10EN-REC-115,V10EN,31,30,Avoid,"e imaging of the thyroid should be avoided for 2 months after iodine-based contrast medium injection. Bone, red blood Avoid iodine-based contrast medium injection for cell labelling at least 24 hours before the isotope study. 30 C. MISCELLANEOUS",C.6. INTERACTION WITH OTHER DRUGS AND
V10EN-REC-116,V10EN,31,30,at least,"months after iodine-based contrast medium injection. Bone, red blood Avoid iodine-based contrast medium injection for cell labelling at least 24 hours before the isotope study. 30 C. MISCELLANEOUS",C.6. INTERACTION WITH OTHER DRUGS AND
V10EN-REC-117,V10EN,32,31,may,"een these appearances and gadolinium- based contrast agents was first noted in 2014. C.7.1.2. Characteristics • The signal intensity changes are not specific and may occur after manganese, iron, calcium etc. • MR is less sensitive for detecting gadolinium in the brain than tissue analysis after biopsy. • It",C.7.1.2. Characteristics
V10EN-REC-118,V10EN,33,32,May,skin C.7.2.1. Detection • Requires biopsy and tissue analysis. C.7.2.2. Characteristics • Occurs independent of renal function. • May occur after any agent but greater amounts are retained after non-ionic linear agents. • Cannot be detected by MRI. • The amounts deposited,C.7.2.2. Characteristics
V10EN-REC-119,V10EN,33,32,do not,"onic linear agents. • Cannot be detected by MRI. • The amounts deposited are small but greater than in the brain. • Bone and liver retention do not produce clinical symptoms. • Skin deposition causes red skin plaques similar to those seen in NSF. • Apart from NSF, the clinical conseque",C.7.2.2. Characteristics
V10EN-REC-120,V10EN,34,33,Avoid,agent related events in critically ill patients and patients with acute coronary disease is limited. Contraindication • Avoid ultrasound contrast agents in the 24 hours before extracorporeal shock wave treatment. Type and severity of • The majority of r,C.8. SAFETY OF ULTRASOUND CONTRAST AGENTS
V10EN-REC-121,V10EN,35,34,Recommended,C.9. SAFETY OF BARIUM CONTRAST MEDIA Statements Recommended action Contraindications Integrity of gut wall Use iodine-based water- compromised soluble contrast media.,C.9. SAFETY OF BARIUM CONTRAST MEDIA
V10EN-REC-122,V10EN,35,34,Avoid,at a reaction. Cautions Bowel strictures Use only small amounts. Extensive colitis Avoid barium enemas. Complications Reduced bowel Encourage fluid intake. motility Venous intravasation • Early ident,C.9. SAFETY OF BARIUM CONTRAST MEDIA
V10EN-REC-123,V10EN,35,34,may,intravenous fluids. • Emergency treatment may be needed. Aspiration • Bronchoscopic removal for large amounts.,C.9. SAFETY OF BARIUM CONTRAST MEDIA
V10EN-REC-124,V10EN,36,35,must,"S • Safety considerations when using contrast media in neonates, infants and children are similar to, but not the same as, in adults. • Contrast agent dose must be adjusted for patient age and weight. • Age-specific normal values of serum creatinine etc. must be used. • The revised Schwartz equation is recommended",C.10. PEDIATRIC USE OF CONTRAST AGENTS
V10EN-REC-125,V10EN,36,35,must,"o, but not the same as, in adults. • Contrast agent dose must be adjusted for patient age and weight. • Age-specific normal values of serum creatinine etc. must be used. • The revised Schwartz equation is recommended to measure eGFR (see B.1.). • For iodine-based contrast media, non-ionic agents should be us",C.10. PEDIATRIC USE OF CONTRAST AGENTS
V10EN-REC-126,V10EN,36,35,is recommended,"agent dose must be adjusted for patient age and weight. • Age-specific normal values of serum creatinine etc. must be used. • The revised Schwartz equation is recommended to measure eGFR (see B.1.). • For iodine-based contrast media, non-ionic agents should be used. • For gadolinium-based contrast agents, high-risk agents sh",C.10. PEDIATRIC USE OF CONTRAST AGENTS
V10EN-REC-127,V10EN,36,35,should,"reatinine etc. must be used. • The revised Schwartz equation is recommended to measure eGFR (see B.1.). • For iodine-based contrast media, non-ionic agents should be used. • For gadolinium-based contrast agents, high-risk agents should be avoided. • The Summary of Product Characteristics for the contrast agent",C.10. PEDIATRIC USE OF CONTRAST AGENTS
V10EN-REC-128,V10EN,36,35,should,"ed to measure eGFR (see B.1.). • For iodine-based contrast media, non-ionic agents should be used. • For gadolinium-based contrast agents, high-risk agents should be avoided. • The Summary of Product Characteristics for the contrast agent should be consulted, because not all contrast agents are approved for use in",C.10. PEDIATRIC USE OF CONTRAST AGENTS
V10EN-REC-129,V10EN,36,35,should,"be used. • For gadolinium-based contrast agents, high-risk agents should be avoided. • The Summary of Product Characteristics for the contrast agent should be consulted, because not all contrast agents are approved for use in children. • If no suitable contrast agent approved for use in children is available, infor",C.10. PEDIATRIC USE OF CONTRAST AGENTS
V10EN-REC-130,V10EN,36,35,must,"contrast agents are approved for use in children. • If no suitable contrast agent approved for use in children is available, informed consent for off-label use must be obtained from the parents. However, if use of a specific contrast agent in children is absolutely contra-indicated, it may not be used, even with informed",C.10. PEDIATRIC USE OF CONTRAST AGENTS
V10EN-REC-131,V10EN,36,35,may not,"le, informed consent for off-label use must be obtained from the parents. However, if use of a specific contrast agent in children is absolutely contra-indicated, it may not be used, even with informed consent. C.11. OFF-LABEL USE OF CONTRAST AGENTS • Off-label use of diagnostic and therapeutic medication is common. • The Summ",C.10. PEDIATRIC USE OF CONTRAST AGENTS
V10EN-REC-132,V10EN,36,35,should,C.11. OFF-LABEL USE OF CONTRAST AGENTS • Off-label use of diagnostic and therapeutic medication is common. • The Summary of Product Characteristics (SPC) or label should be checked to see if the proposed contrast agent use is approved for the particular patient and indication. • Choose a contrast agent which is approved for the,C.11. OFF-LABEL USE OF CONTRAST AGENTS
V10EN-REC-133,V10EN,36,35,must,"contrast agent which is approved for the particular patient and indication whenever possible. • If there is no suitable approved contrast medium, the prescriber must tell the patient about the risks and benefits of off-label contrast agent use, and must obtain the patient’s informed consent to off-label contrast agent administrat",C.11. OFF-LABEL USE OF CONTRAST AGENTS
V10EN-REC-134,V10EN,36,35,must,"ible. • If there is no suitable approved contrast medium, the prescriber must tell the patient about the risks and benefits of off-label contrast agent use, and must obtain the patient’s informed consent to off-label contrast agent administration. C. MISCELLANEOUS 35",C.11. OFF-LABEL USE OF CONTRAST AGENTS
V10EN-REC-135,V10EN,38,37,recommended,"and performing skin testing to categorize the reaction as either allergic or non-allergic hypersensitivity, and to look for cross-reactivity so that a safer contrast agent can be recommended for future injections. Your sincerely, Dr (Name and details) D. Questionnaires/letters 37",
V10EN-REC-136,V10EN,43,42,should,"; 14: 476–481. Thomsen HS, Morcos SK, Members of Contrast Media Safety Committee of European Society of Urogenital Radiology (ESUR). In which patients should serum-creatinine be measured before contrast medium administration? Eur Radiol 2005; 15: 749–754. Thomsen HS, Morcos SK, Almén T, Bellin M-F, Bertolotto M, Bongartz G",
V10DE-REC-001,V10DE,3,,können,"er European Society of Urogenital Radiology (ESUR) freut sich, die Version Terminologie: Kontrastmittel und Röntgenkontrastmittel 10.0 der Kontrastmittel-Leitlinie vorstellen zu können. Nach der Erstausgabe 1994 erfolgte im Durchschnitt alle 2-3 Jahre Abschnitt A: Allgemeine unerwünschte Wirkungen eine Aktualisierung. Im Verlauf der Jahre wurden mehr als",Einleitung Kurza
V10DE-REC-002,V10DE,4,,sollte,unbedenklich?34 A.2. Späte unerwünschte Wirkungen 20 B.7. Wie lange sollte in der Routinediagnostik der A.3. Sehr späte unerwünschte Wirkungen  22 zeitliche Abstand zwischen zwei Untersuchungen A.3.1. Sehr späte un,B.7. Wie lange sollte in der Routinediagnostik der
V10DE-REC-003,V10DE,4,,sollte,rkungen auf mit iodiodhaltigem Röntgenkontrastmittel betragen? 35 iodhaltige Röntgenkontrastmittel: Thyreotoxikose 22 B.8. Wie lange sollte in der Routinediagnostik der A.3.2. Sehr späte unerwünschte Wirkungen auf zeitliche Abstand zwischen zwei Untersuchungen gadoliuniumha,A.3.1. Sehr späte unerwünschte Wirkungen auf mit iodiodhaltige
V10DE-REC-004,V10DE,5,,können,"Datenlage basieren die Empfehlungen auf einem klinischen Konsens des Komitees. C.7.2.2. Merkmale 43 Einige CMSC-Leitlinien können von den Fachinformationen der Produkte (SPC, Label) und/oder von Leitlinien einzelner Länder und radiologischer",C.7.2.2. Merkmale 43 Einige CMSC-Leitlinien könn
V10DE-REC-005,V10DE,6,10;11,kann,"trastmittel Bei einem Kontrastmittel handelt es sich um eine Substanz, welche unabhängig von der Modalität den Bildkontrast verändert. Dieser allgemein gehaltene Begriff kann sowohl für Röntgen-, MRT- als auch Ultraschall-Kontrastmittel verwendet werden. Unter Röntgenkontrastmittel versteht man eine Substanz, die den Kontrast in Röntgenbilder",Terminologie: Kontrastmittel und
V10DE-REC-006,V10DE,6,10;11,sollte,"Unter Röntgenkontrastmittel versteht man eine Substanz, die den Kontrast in Röntgenbildern ändert, indem sie die Transmission des Röntgenstrahls moduliert. Dieser Begriff sollte deswegen nur im Zusammenhang mit Kontrastmitteln verwendet werden, die beim Röntgen eingesetzt werden, z.B. iodhaltige Kontrastmittel, bariumhaltige Kontrastmittel, Luft",Terminologie: Kontrastmittel und
V10DE-REC-007,V10DE,7,12;13,können,Allgemeine unerwünschte Merke: Wirkungen • Anfänglich milde Symptome können in schwere Reaktionen übergehen. A.1. Akute unerwünschte Wirkungen,A. Allgemeine unerwünschte Merke:
V10DE-REC-008,V10DE,7,12;13,kann,n einer Stunde nach Kontrastmittel. Kontrastmittelgabe auftritt. • Die Angst des Patienten kann Symptome nach Kontrastmittelgabe Nach Gabe iod- und gadoliniumhaltiger Kontrastmittel sowie nach Gabe hervorrufen (Lalli-Effekt). von Ultraschall-Kontrastmitteln werd,A.1. Akute unerwünschte Wirkungen • Nicht alle Sy
V10DE-REC-009,V10DE,7,12;13,können,"iumhaltiger Kontrastmittel sitivitätsreaktionen oder chemotoxische Reaktionen. Die allergieartigen Merke: Retrospektive Studien zur Inzidenz akuter unerwünschter Wirkungen können, müssen aber nicht, einer echten IgE-vermittelten Wirkungen tendieren dazu, diese nur unzureichend zu erfassen und sind Allergie entsprechen.",A.1. Akute unerwünschte Wirkungen • Nicht alle Sy
V10DE-REC-010,V10DE,7,12;13,müssen,"ger Kontrastmittel sitivitätsreaktionen oder chemotoxische Reaktionen. Die allergieartigen Merke: Retrospektive Studien zur Inzidenz akuter unerwünschter Wirkungen können, müssen aber nicht, einer echten IgE-vermittelten Wirkungen tendieren dazu, diese nur unzureichend zu erfassen und sind Allergie entsprechen.",A.1. Akute unerwünschte Wirkungen • Nicht alle Sy
V10DE-REC-011,V10DE,8,14;15,sollten,"mente und Instrumente der ersten Wahl, die für einen Notfall im Untersuchungsraum bereitgehalten werden sollten: a) gadoliniumhaltig: • Das Nebenwirkungsrisiko hängt nicht von der Osmolalität des Kontr",
V10DE-REC-012,V10DE,8,14;15,sollte,"tmittel. Bei Patienten mit • Alternative Verfahren diskutieren, bei erhöhtem Risiko (siehe denen kein iodhaltiges Kontrastmittel der • Reanimationsausrüstung sollte in der Abteilung vorhanden sein. Risikofaktoren) gleichen Klasse benötigt wird. • Die T",
V10DE-REC-013,V10DE,8,14;15,sollten,"• Die Telefonnummern des krankenhauseigenen Reanimationsteams • Einsatz eines anderen Kontrastmittels, sollten im Untersuchungsraum ausgelegt sein. falls der Patient bereits früher Nebenwirkungen auf ein bestimmtes •",
V10DE-REC-014,V10DE,8,14;15,sollten,"falls der Patient bereits früher Nebenwirkungen auf ein bestimmtes • Medizinisches und technisches Personal sollten regelmäßig geschult Kontrastmittel entwickelt hat, werden hinsichtlich der Behandlung akuter unerwünschter Wirkungen",
V10DE-REC-015,V10DE,8,14;15,vorzugsweise,"ult Kontrastmittel entwickelt hat, werden hinsichtlich der Behandlung akuter unerwünschter Wirkungen vorzugsweise nach Rücksprache mit und Reanimation. einem Allergologen. • Materialien zur Blutentnahme zur Bestimmung von Try",
V10DE-REC-016,V10DE,8,14;15,sollten,"• Eine Prämedikation ist nicht nötig, da Histamin griffbereit halten. die klinische Evidenz für die Wirksamkeit • Patienten sollten nach einer Kontrastmittelgabe für 30 min einer Prämedikation limitiert ist. medizinisch qualifiziert überwacht werden. So lässt sich",
V10DE-REC-017,V10DE,8,14;15,sollte,"unerwünschter Wirkungen für alle Kontrastmittel • Überwachung des Patienten in der Tritt eine akute unerwünschte Wirkung auf, sollte nach folgenden Radiologie für 30 Minuten nach Zeichen geschaut werden: Kontrastmittelgabe. 14 ﻿All",
V10DE-REC-018,V10DE,9,16;17,kann,"fusion von Flüssigkeit: Zügig Kochsalz- oder Ringerlösung, bis zu 2 Litern. Merke: Bei Anaphylaxie kann heftiges Erbrechen auftreten. 4. Bei Nichtansprechen: Adrenalin 1:1.000, 0,5 ml (0,5 mg)",
V10DE-REC-019,V10DE,9,16;17,können,"dykardie) Adäquate intramuskuläre oder intravenöse Gabe eines H1- 1. Beine des Patienten hochlagern. Antihistaminkum erwägen. Benommenheit und/oder Hypotonie können 2. Sauerstoffmaske (6-10 l/min). auftreten. Nach Antihistaminikagabe sollte das Führen von Fahrzeugen 3. Atropin 0,6-1,0 mg intravenös, bei Bedarf nach 3-5 Minuten",
V10DE-REC-020,V10DE,9,16;17,sollte,"Beine des Patienten hochlagern. Antihistaminkum erwägen. Benommenheit und/oder Hypotonie können 2. Sauerstoffmaske (6-10 l/min). auftreten. Nach Antihistaminikagabe sollte das Führen von Fahrzeugen 3. Atropin 0,6-1,0 mg intravenös, bei Bedarf nach 3-5 Minuten sowie das Bedienen von Maschinen aus versicherungsrechtlichen wiederhole",
V10DE-REC-021,V10DE,9,16;17,sollte,"st Dosier-Inhalator (2-3 tiefe Inhalationen). 5. Falls der Patient nicht auf diese Behandlung ansprechen sollte, sind 3. Adrenalin (1:1.000): Maßnahmen wie bei einer Anaphylaxie zu ergreifen. Bei normalem Bl",
V10DE-REC-022,V10DE,9,16;17,erforderlich,1. Reanimationsteam verständigen. Patienten eine geringere Dosis wählen]. 2. Falls erforderlich Atemwege absaugen. Bei pädiatrischen Patienten: zwischen 6-12 Jahren 50% der Dosis eines 3. Bei Hypot,
V10DE-REC-023,V10DE,10,18;19,sollte,"oder eine Gefäßschädigung, gelten die gleichen Vorsichtsmaßnahmen • 1 und 2 Stunden nach Kontrastmittelgabe sollte eine Blutentnahme wie bei intravaskulärer Gabe. zur Bestimmung von Histamin und Tryptase erfolgen, und falls sich der Patient noch im Krankenhaus aufhält auch n",A.1.2.3. Nach einer moderaten oder schweren akuten
V10DE-REC-024,V10DE,10,18;19,sollten,"iodhaltigen Spezialisten für Allergologie zur Durchführung eines Hauttestes. Röntgenkontrastmitteln beim nüchternen Patienten Prick- und Intradermaltests sollten zum Ausschluss einer Die Empfehlung, dass Patienten vor intravenöser Kontrastmittelgabe tatsäch",A.1.2.3. Nach einer moderaten oder schweren akuten
V10DE-REC-025,V10DE,10,18;19,Empfehlung,"tmitteln beim nüchternen Patienten Prick- und Intradermaltests sollten zum Ausschluss einer Die Empfehlung, dass Patienten vor intravenöser Kontrastmittelgabe tatsächlichen Kontrastmittelallergie und zur Kreuzreaktion mit anderen",A.1.2.3. Nach einer moderaten oder schweren akuten
V10DE-REC-026,V10DE,10,18;19,sollten,"mittelgabe tatsächlichen Kontrastmittelallergie und zur Kreuzreaktion mit anderen nüchtern sein sollten, stammt aus der Zeit als hoch-osmolare Kontrastmitteln verwendet werden. iodhaltige Röntgenkont",A.1.2.3. Nach einer moderaten oder schweren akuten
V10DE-REC-027,V10DE,10,18;19,erforderlich,nicht-ionischen iodhaltigen Röntgenkontrastmitteln oder von gadoliniumhaltigen Kontrastmitteln nicht erforderlich. Dokumentation unerwünschter Reaktion • Vermerk des Kontrastmittelnamens und der -dosierung sowie der Art der Reaktion und der ergriffenen Maßnahmen in der Patientenakt,A.1.2.3. Nach einer moderaten oder schweren akuten
V10DE-REC-028,V10DE,10,18;19,sollte,"r Patientenakte. • Dokumentation der o.g. Informationen im klinikinternen Register für unerwünschte Reaktionen. • Wenn die Reaktion schwerwiegend oder ungewöhnlich ist, sollte diese der nationalen Behörde für Pharmakovigilanz gemeldet werden. A.1.2.4. Überprüfung der Behandlungsprotokolle Radiologen und ihr Team sollten die Behandlungsprotok",A.1.2.3. Nach einer moderaten oder schweren akuten
V10DE-REC-029,V10DE,10,18;19,sollten,"oder ungewöhnlich ist, sollte diese der nationalen Behörde für Pharmakovigilanz gemeldet werden. A.1.2.4. Überprüfung der Behandlungsprotokolle Radiologen und ihr Team sollten die Behandlungsprotokolle regelmäßig (z.B. alle 12 Monate) besprechen, damit im Ernstfall jede Maßnahme schnell und sicher durchgeführt werden kann. Fachwissen, Übung und",A.1.2.4. Überprüfung der Behandlungsprotokolle
V10DE-REC-030,V10DE,10,18;19,kann,"adiologen und ihr Team sollten die Behandlungsprotokolle regelmäßig (z.B. alle 12 Monate) besprechen, damit im Ernstfall jede Maßnahme schnell und sicher durchgeführt werden kann. Fachwissen, Übung und Vorbereitung sind wichtige Voraussetzungen, um unerwünschte Wirkungen von Kontrastmitteln sicher und effektiv zu behandeln. A.1.3. Dokumentation",A.1.2.4. Überprüfung der Behandlungsprotokolle
V10DE-REC-031,V10DE,10,18;19,Kann,"dies für den Patienten angenehmer zu sein scheint. • Durch Reduktion der Viskosität könnte sich das Risiko einer Röntgenkontrastmittel-Extravasation verringern. • Kann die Häufigkeit allgemeiner unerwünschter Wirkungen reduzieren, auch wenn dazu nur wenige Daten vorliegen. 18 ﻿Allgemeine unerwünschte Wirkungen",A.1.3. Dokumentation der akuten unerwünschten
V10DE-REC-032,V10DE,11,20;21,sollten,"Röntgenkontrastmittelreaktion hatten oder Definition Eine späte unerwünschte Wirkung mit Interleukin-2 therapiert werden, sollten auf intravaskulär verabreichtes informiert werden, dass Spätreaktionen an iodhaltiges Rönt",A.2. Späte unerwünschte Wirkungen Empfehlungen
V10DE-REC-033,V10DE,11,20;21,sollte,"der Haut möglich sind und beim Auftreten definitionsgemäß vor, wenn die Reaktion ein Arzt aufgesucht werden sollte. eine Stunde bis eine Woche nach Kontrastmittelgabe auftritt. Epi- und Intrakutantests",A.2. Späte unerwünschte Wirkungen Empfehlungen
V10DE-REC-034,V10DE,11,20;21,können,". eine Stunde bis eine Woche nach Kontrastmittelgabe auftritt. Epi- und Intrakutantests können dabei Reaktionen Hautreaktionen, die ähnlich aussehen wie helfen, eine späte Hautreaktion auf von anderen Medi",A.2. Späte unerwünschte Wirkungen Empfehlungen
V10DE-REC-035,V10DE,11,20;21,sollte,"geprägt und Um ein erneutes Auftreten zu verhindern, selbst-limitierend. sollte ein anderes Röntgenkontrastmittel gewählt werden als jenes, welches",A.2. Späte unerwünschte Wirkungen Empfehlungen
V10DE-REC-036,V10DE,11,20;21,sollten,"rechen, Kreuzreaktion im Hauttest gezeigt haben, muskuloskelettale Schmerzen, Fieber), sollten vermieden werden. viele von ihnen sind aber nicht durch das Röntgenkontrastmittel verursacht.",A.2. Späte unerwünschte Wirkungen Empfehlungen
V10DE-REC-037,V10DE,11,20;21,nicht empfohlen,Eine medikamentöse Prophylaxe wird im Allgemeinen nicht empfohlen. Risikofaktoren für • Frühere späte unerwünschte Reaktion Hautreaktionen auf Kontrastmittel.,A.2. Späte unerwünschte Wirkungen Empfehlungen
V10DE-REC-038,V10DE,11,20;21,können,"Merke: Späte Hautreaktionen, wie sie nach iodhaltigen • Therapie mit Interleukin-2. Röntgenkontrastmitteln auftreten können, sind bisher nach Anwendung • Anwendung nicht-ionischer Dimere. von gadoliniumhaltigen und Ultraschall-Kontrastmitteln nicht beschrieben Behand",A.2. Späte unerwünschte Wirkungen Empfehlungen
V10DE-REC-039,V10DE,12,22;23,sollte,"Systemische Fibrose (NSF) Die Diagnose Nephrogene Systemische Fibrose (NSF) sollte nur gestellt werden, wenn die klinischen und histopathologischen Kriterien des Yale Reaktionstyp",A.3. Sehr späte unerwünschte Wirkungen A.3.2. Sehr spä
V10DE-REC-040,V10DE,12,22;23,sollte,Diagnose Die Diagnose Nephrogene Systemische Fibrose (NSF) sollte nur gestellt A.3.1. Sehr späte unerwünschte Wirkungen auf iodhaltige werd,A.3. Sehr späte unerwünschte Wirkungen A.3.2. Sehr spä
V10DE-REC-041,V10DE,12,22;23,kann,• Bei Patienten mit dem Risiko einer Schwellung und Erythem der Haut. Thyreotoxikose kann die TSH- Normalerweise an den Beinen beginnend. Bestimmung sinnvoll sein.,A.3.1. Sehr späte unerwünschte Wirkungen auf iodhaltige
V10DE-REC-042,V10DE,12,22;23,kann,h verdickte • Bei ausgewählten Hochrisikopatienten Haut und subkutanes Gewebe sowie kann eine Prophylaxe durch einen Kontrakturen an den Extremitäten können Endokrinologen durchgeführt werden.,A.3.1. Sehr späte unerwünschte Wirkungen auf iodhaltige
V10DE-REC-043,V10DE,12,22;23,können,"Haut und subkutanes Gewebe sowie kann eine Prophylaxe durch einen Kontrakturen an den Extremitäten können Endokrinologen durchgeführt werden. auftreten. Fibrosierung innerer Organe, z.B. •",A.3.1. Sehr späte unerwünschte Wirkungen auf iodhaltige
V10DE-REC-044,V10DE,12,22;23,sollten,"Endokrinologen durchgeführt werden. auftreten. Fibrosierung innerer Organe, z.B. • Risikopatienten sollten nach Muskulatur, Zwerchfell, Herz, Leber, Lungen, Röntgenkontrastmittelinjektion",A.3.1. Sehr späte unerwünschte Wirkungen auf iodhaltige
V10DE-REC-045,V10DE,12,22;23,kann,"Muskulatur, Zwerchfell, Herz, Leber, Lungen, Röntgenkontrastmittelinjektion kann ebenfalls auftreten. engmaschig von einem Endokrinologen Eine ausgeprägte Beteiligung innerer",A.3.1. Sehr späte unerwünschte Wirkungen auf iodhaltige
V10DE-REC-046,V10DE,12,22;23,kann,Eine ausgeprägte Beteiligung innerer überwacht werden. Organe kann zum Tode führen. • Intravenöse cholangiographische Röntgenkontrastmittel sollten bei Risikofaktoren,A.3.1. Sehr späte unerwünschte Wirkungen auf iodhaltige
V10DE-REC-047,V10DE,12,22;23,sollten,"Organe kann zum Tode führen. • Intravenöse cholangiographische Röntgenkontrastmittel sollten bei Risikofaktoren Risikopatienten nicht verabreicht werden. Von Patientenseite • Eingeschränkte Nierenfunktion,",A.3.1. Sehr späte unerwünschte Wirkungen auf iodhaltige
V10DE-REC-048,V10DE,12,22;23,nicht verabreicht,"• Intravenöse cholangiographische Röntgenkontrastmittel sollten bei Risikofaktoren Risikopatienten nicht verabreicht werden. Von Patientenseite • Eingeschränkte Nierenfunktion, insb",A.3.1. Sehr späte unerwünschte Wirkungen auf iodhaltige
V10DE-REC-049,V10DE,13,24;25,kann,"Gadoxetat Dinatriumsalz (Primovist®) • Das Risiko steigt mit zunehmender Kontrastmittelmenge, dennoch kann Ligand: Ionisches lineares Chelat (EOB- eine NFS bereits nach einmaliger Gabe DTPA)",
V10DE-REC-050,V10DE,13,24;25,Empfehlung,Untersuchungen zugelassen sind. Nierenversagen • Die CMSC unterstützt diese Empfehlung. Gadoliniumhaltige Kontrastmittel Niedriges NSF-Risiko Risiko-Einteilung (basierend auf Laborwerten) und Empfehlungen Kontrastmitt,
V10DE-REC-051,V10DE,13,24;25,sollten,Ligand: Nicht-ionisches lineares Chelat (DTPA-BMEA) Empfehlungen • Diese Substanzen sollten mit VORSICHT Empfehlungen • Die European Medicines Agency (EMA) eingesetzt werden bei Patienten mit hat,
V10DE-REC-052,V10DE,13,24;25,sollten,"eingesetzt werden bei Patienten mit hat den Gebrauch aller intravenösen GFR < 30 ml/min/1,73m². Es sollten Kontrastmittel mit hohem Risiko mindestens sieben Tage zwischen zwei unterbunden (Om",
V10DE-REC-053,V10DE,13,24;25,mindestens,"intravenösen GFR < 30 ml/min/1,73m². Es sollten Kontrastmittel mit hohem Risiko mindestens sieben Tage zwischen zwei unterbunden (Omniscan™, Magnevist®) Injektionen liegen. und de",
V10DE-REC-054,V10DE,13,24;25,können,) Injektionen liegen. und der Zulassungsinhaber hat • Schwangere: Die Substanzen können zur OptiMark® vom europäischen Markt Gewinnung essentieller diagnostischer genommen.,
V10DE-REC-055,V10DE,13,24;25,kann,"• Die EMA gibt an, dass Magnevist® für • Stillende Frauen: Die Milch aus Arthrographien eingesetzt werden kann. den ersten 24 Stunden nach • Das CMSC unterstützt diese Kontrastmittelgabe muss",
V10DE-REC-056,V10DE,13,24;25,muss nicht,"kann. den ersten 24 Stunden nach • Das CMSC unterstützt diese Kontrastmittelgabe muss nicht Empfehlung. zwangsläufig verworfen werden, aber die",
V10DE-REC-057,V10DE,13,24;25,Empfehlung,"ersten 24 Stunden nach • Das CMSC unterstützt diese Kontrastmittelgabe muss nicht Empfehlung. zwangsläufig verworfen werden, aber die",
V10DE-REC-058,V10DE,13,24;25,kann,"zwangsläufig verworfen werden, aber die Patientin kann mit dem Arzt besprechen, ob sie dies wünscht.",
V10DE-REC-059,V10DE,13,24;25,erforderlich,• Die Bestimmung der Nierenfunktion (eGFR) ist nicht zwingend erforderlich. 24 ﻿Allgemeine unerwünschte Wirkungen ﻿Allgemeine unerwünschte Wirkungen 25,
V10DE-REC-060,V10DE,14,26;27,empfohlen,"• Bei Erwachsenen ≥ 18 Jahre wird die Verwendung der CKD-EPI Formel empfohlen eGFR (ml/min/1,73 m2) = Fra",B.1. Messung der Nierenfunktion
V10DE-REC-061,V10DE,14,26;27,kann,"Indikator für die Nierenfunktion, eine eingeschränkte Nierenfunktion kann bei Verwendung dieser Parameter übersehen werden. 26 ﻿Allgemeine unerwünschte Wirkungen ﻿Renale unerwünschte Wirkungen (Kontrastmittel-assozi",B.1. Messung der Nierenfunktion
V10DE-REC-062,V10DE,15,28;29,kann,"n die Untersuchung ohne Risiken für den Patienten solange aufgeschoben werden kann, bis das Ergebnis vorliegt.",B.2. Renale unerwünschte Wirkungen iodhaltiger
V10DE-REC-063,V10DE,15,28;29,Kann,"vorliegt. • Kann die eGFR nicht ermittelt werden, sollte man sich bei intraarterieller Gabe mi",B.2. Renale unerwünschte Wirkungen iodhaltiger
V10DE-REC-064,V10DE,15,28;29,sollte,"vorliegt. • Kann die eGFR nicht ermittelt werden, sollte man sich bei intraarterieller Gabe mit renaler Exposition im first pass so we",B.2. Renale unerwünschte Wirkungen iodhaltiger
V10DE-REC-065,V10DE,15,28;29,sollte,nöse Gabe oder die intraarterielle Gabe mit renaler Exposition im second pass sollte man sich so weit wie möglich nach dem Protokoll für Patienten mit einer eGFR,B.2. Renale unerwünschte Wirkungen iodhaltiger
V10DE-REC-066,V10DE,16,30;31,sollte,rastmittelapplikation mit Alle Patienten • Niedrig- oder iso-osmolares renalem second-pass Effekt sollte der Röntgenkontrastmittel einsetzen. Patient entweder (a) mit intravenöser,B.2.2. Vor der Untersuchung
V10DE-REC-067,V10DE,16,30;31,sollte,"applikation mit renalem first-pass mit intravenöser 0,9%iger Kochsalzlösung Effekt sollte entweder das Verhältnis 1ml/kg/h über 3-4 Stunden vor und 4-6 Röntgenkontrastmitt",B.2.2. Vor der Untersuchung
V10DE-REC-068,V10DE,16,30;31,sollte,"applikation mit renalem first-pass (in ml) / eGFR (in ml/ Effekt sollte der Patient entweder min/1,73m2) < 3.0 sein, falls eine (a) mit intravenöser 1",B.2.2. Vor der Untersuchung
V10DE-REC-069,V10DE,16,30;31,sollte,• eGFR 48 Stunden nach Röntgenkontrast- • Der behandelnde Arzt sollte die präventive mittelgabe bestimmen. Volumenexpansion bei Patienten mit,B.2.2. Vor der Untersuchung
V10DE-REC-070,V10DE,16,30;31,sollte,"en die Diagnose schwerer kongestiver Herzinsuffizienz einer PC-AKI gestellt wird, sollte der (NYHA Stadium 3-4) oder bei Patienten mit Patient für mindestens 30 Tage klinisch",B.2.2. Vor der Untersuchung
V10DE-REC-071,V10DE,16,30;31,mindestens,"C-AKI gestellt wird, sollte der (NYHA Stadium 3-4) oder bei Patienten mit Patient für mindestens 30 Tage klinisch terminaler Niereninsuffizienz (eGFR < 15 überwacht und die eGFR in",B.2.2. Vor der Untersuchung
V10DE-REC-072,V10DE,16,30;31,empfohlen,"präventiven Volumenexpansion wird nicht Merke: Bisher gibt es keine medikamentöse Prophylaxe (mit Statinen, empfohlen. renalen Vasodilatatoren, Rezeptor-Antagonisten endogener vasoaktiver",B.2.2. Vor der Untersuchung
V10DE-REC-073,V10DE,17,32;33,sollen,n ein erhöhtes PC-AKI-Risiko. mittel mit renalem second-pass Effekt erhalten sollen: Metformin kann • Patienten mit Multiplem Myelom haben häufig eine Hyperkalzämie; normal eingenommen werden. welche das Risiko einer Nie,B.2.5. Patienten mit Multiplem Myelom
V10DE-REC-074,V10DE,17,32;33,kann,AKI-Risiko. mittel mit renalem second-pass Effekt erhalten sollen: Metformin kann • Patienten mit Multiplem Myelom haben häufig eine Hyperkalzämie; normal eingenommen werden. welche das Risiko einer Nierenschädigung er,B.2.5. Patienten mit Multiplem Myelom
V10DE-REC-075,V10DE,17,32;33,kann,Patienten mit Multiplem Myelom haben häufig eine Hyperkalzämie; normal eingenommen werden. welche das Risiko einer Nierenschädigung erhöhen kann. Korrektur 2. Bei Patienten der Hyperkalzämie vor Röntgenkontrastmittelga,B.2.5. Patienten mit Multiplem Myelom
V10DE-REC-076,V10DE,17,32;33,sollte,"orrektur 2. Bei Patienten der Hyperkalzämie vor Röntgenkontrastmittelgabe sollte mit einem Hämatologen besprochen werden. (a) mit einer eGFR < 30 ml/min/1,73 m2, welche intravenös oder",B.2.5. Patienten mit Multiplem Myelom
V10DE-REC-077,V10DE,17,32;33,sollen,"-pass Effekt • Die Bestimmung einer Bence Jones Proteinurie vor erhalten sollen, Röntgenkontrastmittelgabe ist nicht erforderlich. (b) die intraarteri",B.2.5. Patienten mit Multiplem Myelom
V10DE-REC-078,V10DE,17,32;33,erforderlich,"s Proteinurie vor erhalten sollen, Röntgenkontrastmittelgabe ist nicht erforderlich. (b) die intraarterielles Röntgenkontrastmittel mit renalem first-pass",B.2.5. Patienten mit Multiplem Myelom
V10DE-REC-079,V10DE,17,32;33,soll,gadoliniumhaltiger oder Kontrastmittel (c) mit AKI: soll Metformin ab dem Zeitpunkt der Röntgenkontrast- MR-Untersuchungen mittelapplikation abgesetzt,B.3. Renale unerwünschte Wirkungen gadoliniumhaltiger
V10DE-REC-080,V10DE,17,32;33,kann,"h Röntgenkontrastmittelgabe Kontrastmittel in zugelassenen Dosen eingesetzt wird. die Nierenfunktion nicht signifikant verändert hat, kann die • Bei Patienten mit eingeschränkter Nierenfunktion die Empfehlungen der Metformineinnahme wieder begonnen werden. ESUR-Leitlinien für NSF (Ka",B.3. Renale unerwünschte Wirkungen gadoliniumhaltiger
V10DE-REC-081,V10DE,17,32;33,notwendig,"2. Gadoliniumhaltige Kontrastmittel • Gadoliniumhaltige Kontrastmittel sind bei Röntgenuntersuchungen Es sind keine besonderen Vorsichtsmaßnahmen notwendig, wenn nicht zugelassen. Diabetiker, die Metformin einnehmen, ein gadoliniumhaltiges • Bei Pat",B.3. Renale unerwünschte Wirkungen gadoliniumhaltiger
V10DE-REC-082,V10DE,17,32;33,sollten,"ten mit eingeschränkter Nierenfunktion (eGFR Kontrastmittel bekommen, da das Risiko einer PC-AKI sehr gering ist. < 60 ml/min/1,73 m2) sollten gadoliniumhaltige Kontrastmittel bei Röntgenuntersuchungen sollten nicht angewendet werden. • In Dosierungen, die zu einer vergleichbaren Röntgenschwächung führen,",B.3. Renale unerwünschte Wirkungen gadoliniumhaltiger
V10DE-REC-083,V10DE,17,32;33,sollten nicht,"Kontrastmittel bekommen, da das Risiko einer PC-AKI sehr gering ist. < 60 ml/min/1,73 m2) sollten gadoliniumhaltige Kontrastmittel bei Röntgenuntersuchungen sollten nicht angewendet werden. • In Dosierungen, die zu einer vergleichbaren Röntgenschwächung führen,",B.3. Renale unerwünschte Wirkungen gadoliniumhaltiger
V10DE-REC-084,V10DE,17,32;33,können,"alyse und Kontrastmittelgabe sind gadoliniumhaltige Kontrastmittel nephrotoxischer als iodhaltige Alle Kontrastmittel, ob iod- und gadoliniumhaltig, können durch eine Röntgenkontrastmittel. Hämodialyse oder eine Peritonealdialyse entfernt werden. Trotzdem",B.5. Dialyse und Kontrastmittelgabe
V10DE-REC-085,V10DE,17,32;33,sollte,pathie oder einer Nephrogenen Systemischen Fibrose schützt. Bei allen Patienten sollte eine osmotische und eine Überladung mit Flüssigkeit vermieden werden. Zur Verme,B.5. Dialyse und Kontrastmittelgabe
V10DE-REC-086,V10DE,18,34;35,können,"Kontrastmittel schwächen Röntgenstrahlen Dialyse-Patienten sehr gut ab und können im CT, bei Exkretion in den Harntrakt, Hämodialyse Iodhaltige Kontrastmittel missinterpretiert werden. Zur Untersuchu",
V10DE-REC-087,V10DE,18,34;35,sollten,"etion in den Harntrakt, Hämodialyse Iodhaltige Kontrastmittel missinterpretiert werden. Zur Untersuchung des Abdomens sollten • Eine Abstimmung des Zeitpunktes der kontrastmittelgestützte CT-Untersuchungen zeitlich vor MRT-Unter-",
V10DE-REC-088,V10DE,18,34;35,erforderlich,ttelinjektion mit der suchungen mit Kontrastmittel erfolgen. Bei Untersuchungen von Lunge Hämodialysesitzung ist nicht erforderlich. und Gehirn können sowohl CT als auch MRT zuerst durchgeführt werden. • Eine zusätzliche Hämodialyse zur,
V10DE-REC-089,V10DE,18,34;35,können,suchungen mit Kontrastmittel erfolgen. Bei Untersuchungen von Lunge Hämodialysesitzung ist nicht erforderlich. und Gehirn können sowohl CT als auch MRT zuerst durchgeführt werden. • Eine zusätzliche Hämodialyse zur Röntgenkontrastmi,
V10DE-REC-090,V10DE,18,34;35,notwendig,• Eine zusätzliche Hämodialyse zur Röntgenkontrastmittelelimination ist nicht notwendig. B.7. Wie lange sollte in der Routinediagnostik der,
V10DE-REC-091,V10DE,18,34;35,sollte,Röntgenkontrastmittelelimination ist nicht notwendig. B.7. Wie lange sollte in der Routinediagnostik der zeitliche Abstand zwischen zwei Untersuc,
V10DE-REC-092,V10DE,18,34;35,empfohlen,"zeitliche Abstand zwischen zwei Untersuchungen Gadoliniumhaltige Kontrastmittel • Es wird empfohlen, die Kontrastmittelgabe mit iodiodhaltigem Röntgenkontrastmittel betr",
V10DE-REC-093,V10DE,18,34;35,sollte,"abzustimmen. (GFR > 30 ml/min/1,73 m2) • Nach der Kontrastmittelgabe sollte so früh 75 % des iodhaltigen Röntgenkontrastmittels werden binnen wie möglich eine Hämodialyse durchgeführt",
V10DE-REC-094,V10DE,18,34;35,sollten,astmittels werden binnen wie möglich eine Hämodialyse durchgeführt 4 Stunden nach Kontrastmittelgabe ausgeschieden. Es sollten werden. 4 Stunden zwischen den Untersuchungen mit iodhaltigen Kontinuierliche,
V10DE-REC-095,V10DE,18,34;35,notwendig,"ialyse elimination ist nach iodhaltigen (GFR < 30ml/min/1,73 m2) (CAPD) Röntgenkontrastmitteln nicht notwendig. Es sollte ein Abstand von 48 Stunden zwischen zwei Applikationen Gadoliniumhaltige Kontrastmittel",
V10DE-REC-096,V10DE,18,34;35,sollte,"nach iodhaltigen (GFR < 30ml/min/1,73 m2) (CAPD) Röntgenkontrastmitteln nicht notwendig. Es sollte ein Abstand von 48 Stunden zwischen zwei Applikationen Gadoliniumhaltige Kontrastmittel iodhaltiger Röntgenko",
V10DE-REC-097,V10DE,18,34;35,sollte,"oliniumhaltige Kontrastmittel iodhaltiger Röntgenkontrastmittel liegen. • Die Notwendigkeit einer Hämodialyse sollte 3. Dialysepatienten mit dem überweisenden Arzt besprochen Falls es eine Restdiurese gibt, sollte",
V10DE-REC-098,V10DE,18,34;35,sollte,"sollte 3. Dialysepatienten mit dem überweisenden Arzt besprochen Falls es eine Restdiurese gibt, sollte zwischen zwei Applikationen werden. iodhaltiger Kontrastmittel ein Abstand von minde",
V10DE-REC-099,V10DE,18,34;35,mindestens,ollte zwischen zwei Applikationen werden. iodhaltiger Kontrastmittel ein Abstand von mindestens 48 Stunden liegen. B.6. Ist bei Routineuntersuchungen die Gabe iod,
V10DE-REC-100,V10DE,18,34;35,sollte,liegen. B.6. Ist bei Routineuntersuchungen die Gabe iod- und B.8. Wie lange sollte in der Routinediagnostik der gadoliniumhaltiger Kontrastmittel am selben Tag zeitliche Abstand zwischen zwei Untersuc,B.6. Ist bei Routineuntersuchungen die Gabe iod- und
V10DE-REC-101,V10DE,18,34;35,kann,"unbedenklich? mit gadoliniumhaltigem Kontrastmittel betragen? Aus Effizienzgründen kann es vorkommen, dass am selben Tag iod- und 1. Patienten mit normaler oder modera",B.6. Ist bei Routineuntersuchungen die Gabe iod- und
V10DE-REC-102,V10DE,18,34;35,sollten,"astmittels werden binnen 4 Um das Risiko einer Nephrotoxizität zu minimieren, empfiehlt sich folgendes: Stunden nach Kontrastmittelgabe ausgeschieden. Es sollten 4 Stunden zwischen den Untersuchungen mit gadoliniumhaltigen 1. Patiente",B.6. Ist bei Routineuntersuchungen die Gabe iod- und
V10DE-REC-103,V10DE,18,34;35,sollten,"(GFR < 30ml/min/1,73 m2) oder mit Dialyse binnen 4 Stunden nach Kontrastmittelgabe ausgeschieden. Es sollten 4 Stunden zwischen der Gabe von iod- und gadoliniumhaltigen Es sollte ein A",B.6. Ist bei Routineuntersuchungen die Gabe iod- und
V10DE-REC-104,V10DE,18,34;35,sollte,sollten 4 Stunden zwischen der Gabe von iod- und gadoliniumhaltigen Es sollte ein Abstand von 7 Tagen zwischen der Gabe Kontrastmitteln liegen. 2. Patienten mit hochgradig eingeschränkter Nierenfunktion ga,B.6. Ist bei Routineuntersuchungen die Gabe iod- und
V10DE-REC-105,V10DE,18,34;35,sollte,"radig eingeschränkter Nierenfunktion gadoliniumhaltiger Kontrastmittel liegen. (GFR < 30ml/min/1,73 m2 oder Dialysepflicht) Es sollte ein Abstand von 7 Tagen zwischen der Gabe von iod- und gadoliniumhaltiger Kontrastmittel liegen. 34 ﻿Renale unerwünschte Wirkungen (Kontrastmittel-assoziierte akute Nierensc",B.6. Ist bei Routineuntersuchungen die Gabe iod- und
V10DE-REC-106,V10DE,19,36;37,vermeiden,kleine distale Lunge reduzieren • Hohe Röntgenkontrastmitteldosen Venen). vermeiden. • Hohes Röntgenkontrastmittelvolumen. • Hoch-osmolares Röntgenkontrastmittel. • Hoch-visköses Rön,C.1. Kontrastmittel-Extravasate
V10DE-REC-107,V10DE,19,36;37,sollten,venöse Drainage. • Adipositas. C.3.1.1. Iodhaltige Kontrastmittel Risikoreduktion • Intravenöse Techniken sollten immer sorgfältig durchgeführt werden – Die klinisch wichtige unerwünschte Wirkung iodhaltiger ausreichende Kanül,C.1. Kontrastmittel-Extravasate
V10DE-REC-108,V10DE,19,36;37,sollte,"torische Eigenschaften, • Der Einsatz von Kanülen mit insbesondere ionische Kontrastmittel. Seitenöffnungen sollte erwogen werden. • Hoch-osmolare ionische Röntgenkontrastmittel können eine • Testinjektion mit Kochsalzlösung. Thrombose durch Endothelschä",C.1. Kontrastmittel-Extravasate
V10DE-REC-109,V10DE,19,36;37,können,"len mit insbesondere ionische Kontrastmittel. Seitenöffnungen sollte erwogen werden. • Hoch-osmolare ionische Röntgenkontrastmittel können eine • Testinjektion mit Kochsalzlösung. Thrombose durch Endothelschädigung verursachen, insbesondere bei • Einsatz",C.1. Kontrastmittel-Extravasate
V10DE-REC-110,V10DE,19,36;37,kann,"n, minimieren das Ausmaß unerwünschter eine MRT-Untersuchung der betroffenen Röntgenkontrastmittelwirkungen. Region kann hilfreich sein. • Meist reicht eine konservative Behandlung Leitlinien",C.1. Kontrastmittel-Extravasate
V10DE-REC-111,V10DE,19,36;37,erforderlich,"Behandlung Leitlinien ◦◦ Hochlagern der Extremitäten • Eine sorgfältige angiographische Technik ist zwingend erforderlich, ◦◦ Eispackungen sie ist die wichtigste Maßnahme zur Vermeidung thromboembolischer ◦◦ Sorgfäl",C.1. Kontrastmittel-Extravasate
V10DE-REC-112,V10DE,19,36;37,sollte,"Komplikationen. • Bei Verdacht auf schwere Schäden, • Für diagnostische und interventionelle angiographische sollte eine chirurgische Vorstellung Untersuchungen, inklusive Phlebographie, sollten niedrig- oder iso- erfolgen. o",C.1. Kontrastmittel-Extravasate
V10DE-REC-113,V10DE,19,36;37,sollten,"• Für diagnostische und interventionelle angiographische sollte eine chirurgische Vorstellung Untersuchungen, inklusive Phlebographie, sollten niedrig- oder iso- erfolgen. osmolare Röntgenkontrastmittel verwendet werden. 36 ﻿Verschiedenes",C.1. Kontrastmittel-Extravasate
V10DE-REC-114,V10DE,20,38;39,können,2.1. Iodhaltige Röntgenkontrastmittel Vorbereitung • Hoch-osmolare iodhaltige Röntgenkontrastmittel können bei Patienten a) Vor intravenöser Kontrastmittelgabe (iod- oder mit Sichelzellanämie die roten Blutkörperchen sichelzellartig gadoliniumhaltig,C.3.2.1. Iodhaltige Röntgenkontrastmittel
V10DE-REC-115,V10DE,20,38;39,notwendig,"llartig gadoliniumhaltige): sind keine speziellen verformen, was zu einer Hämolyse und Verstopfung der kleinen Vorbereitungsmaßnahmen notwendig. Gefäße führen kann. b) Vor intraarterieller Gabe eines iodhaltigen • Niedrig- oder iso",C.3.2.1. Iodhaltige Röntgenkontrastmittel
V10DE-REC-116,V10DE,20,38;39,kann,"doliniumhaltige): sind keine speziellen verformen, was zu einer Hämolyse und Verstopfung der kleinen Vorbereitungsmaßnahmen notwendig. Gefäße führen kann. b) Vor intraarterieller Gabe eines iodhaltigen • Niedrig- oder iso-osmolare iodhaltige Rönt",C.3.2.1. Iodhaltige Röntgenkontrastmittel
V10DE-REC-117,V10DE,20,38;39,empfohlen,n oralen Medikamenten unter Beobachtung des überweisenden Wirkungen als in einer normalen Population. Arztes wird empfohlen. Leitlinien Geeignete Kontrastmittel • Niedrig- und iso-osmolare iodhaltige Röntgenkontrastmittel einsetzen.,C.3.2.1. Iodhaltige Röntgenkontrastmittel
V10DE-REC-118,V10DE,20,38;39,sollte,"Schwangerschaft a) Schwangeren b) Wenn eine • Bisher gibt es keine Berichte zur unerwünschten Verformung der roten sollte nur in zwingende Blutzellen nach gadoliniumhaltigen Kontrastmitteln. Ausnahmefällen, Indikation für eine",C.5. Schwangerschaft und Stillzeit
V10DE-REC-119,V10DE,20,38;39,sollte,"n eine kontrastverstärkte radiologische MRT besteht, sollte Leitlinien Untersuchung Schwangeren nur • Es kann jedes gad",C.5. Schwangerschaft und Stillzeit
V10DE-REC-120,V10DE,20,38;39,kann,"esteht, sollte Leitlinien Untersuchung Schwangeren nur • Es kann jedes gadoliniumhaltige Kontrastmittel eingesetzt werden. wirklich notwendig",C.5. Schwangerschaft und Stillzeit
V10DE-REC-121,V10DE,20,38;39,notwendig,"• Es kann jedes gadoliniumhaltige Kontrastmittel eingesetzt werden. wirklich notwendig die kleinstmögliche • Eine besondere Vorbereitung ist nicht erforderlich. ist, iodhaltiges Dosis eines",C.5. Schwangerschaft und Stillzeit
V10DE-REC-122,V10DE,20,38;39,erforderlich,"wirklich notwendig die kleinstmögliche • Eine besondere Vorbereitung ist nicht erforderlich. ist, iodhaltiges Dosis eines",C.5. Schwangerschaft und Stillzeit
V10DE-REC-123,V10DE,20,38;39,sollte,"kontrastmittel Risiko,) verabreicht bekommen, sollte werden. beim Neugeborenen",C.5. Schwangerschaft und Stillzeit
V10DE-REC-124,V10DE,20,38;39,erforderlich,dem Neugeborenen erforderlich. 38 ﻿Verschiedenes ﻿Verschiedenes 39,C.5. Schwangerschaft und Stillzeit
V10DE-REC-125,V10DE,21,40;41,können,Stillzeit Mütter können Stillen kann Laborchemische Proben in der Routinediagnostik nach Gabe eines nach Gabe eines,
V10DE-REC-126,V10DE,21,40;41,kann,Stillzeit Mütter können Stillen kann Laborchemische Proben in der Routinediagnostik nach Gabe eines nach Gabe eines,
V10DE-REC-127,V10DE,21,40;41,Empfehlung,che Proben in der Routinediagnostik nach Gabe eines nach Gabe eines Empfehlung • Vorzugsweise Urin- und Blutproben vor iodhaltigen Röntgen- makrozyklischen,
V10DE-REC-128,V10DE,21,40;41,Vorzugsweise,agnostik nach Gabe eines nach Gabe eines Empfehlung • Vorzugsweise Urin- und Blutproben vor iodhaltigen Röntgen- makrozyklischen,
V10DE-REC-129,V10DE,21,40;41,kann,erden. • Bei Patienten mit normaler Nierenfunktion kann bei Bedarf 4 Schwangere oder Siehe renale Keine Stund,
V10DE-REC-130,V10DE,21,40;41,müssen,Blutentnahme erfolgen. eingeschränkter Wirkungen (B.2.). Kontrastmittel Es müssen anwenden. • Bei Patienten mit reduzierter Nierenfunktion,
V10DE-REC-131,V10DE,21,40;41,sollten,"unktion (eGFR keine weiteren Vorsichtsmaßnahmen < 45 ml/min/1,73 m2) sollten für den Fetus oder Blutentnahmen so lange wie möglich Neugeborenen",
V10DE-REC-132,V10DE,21,40;41,sollte,werden. werden. • Sammelurin sollte für 24 Stunden unterbleiben. C.6. Wechselwirkungen mit anderen Wirkstoff,
V10DE-REC-133,V10DE,21,40;41,können,• Die Effekte eines Kontrastmittels auf klinischen Tests die Laborauswertungen können je nach Auswertmethode differieren. Generelle Medikament,C.6. Wechselwirkungen mit anderen Wirkstoffen und
V10DE-REC-134,V10DE,21,40;41,sollten,"Schilddrüse Patienten, die mit radioaktivem Iod Kontrastmittelgabe (Zeit, Dosierung, therapiert werden, sollten mindestens zwei Name). Monate vorher kein Röntgenkontrastmittel",C.6. Wechselwirkungen mit anderen Wirkstoffen und
V10DE-REC-135,V10DE,21,40;41,mindestens,"lddrüse Patienten, die mit radioaktivem Iod Kontrastmittelgabe (Zeit, Dosierung, therapiert werden, sollten mindestens zwei Name). Monate vorher kein Röntgenkontrastmittel Kont",C.6. Wechselwirkungen mit anderen Wirkstoffen und
V10DE-REC-136,V10DE,21,40;41,dürfen nicht,Name). Monate vorher kein Röntgenkontrastmittel Kontrastmittel dürfen nicht mit anderen bekommen haben. Wirkstoffen in Schläuchen oder Spritzen Eine Isotopen-Bildgebung d,C.6. Wechselwirkungen mit anderen Wirkstoffen und
V10DE-REC-137,V10DE,21,40;41,sollte,"oder Spritzen Eine Isotopen-Bildgebung der vermischt werden. Schilddrüse sollte zwei Monate nach Wirkstoffe, die besonders beachtet werden müssen Röntgenkontrastmittelgabe wenn möglich",C.6. Wechselwirkungen mit anderen Wirkstoffen und
V10DE-REC-138,V10DE,21,40;41,müssen,"vermischt werden. Schilddrüse sollte zwei Monate nach Wirkstoffe, die besonders beachtet werden müssen Röntgenkontrastmittelgabe wenn möglich",C.6. Wechselwirkungen mit anderen Wirkstoffen und
V10DE-REC-139,V10DE,21,40;41,sollte,"Knochen, Erythrozyten- Iodhaltiges Röntgenkontrastmittel Markierung sollte mindestens 24 Stunden vor einer Nephrotoxische Das Absetzen nephrotoxischer geplanten Isotopen-Untersuchung nicht Medikame",C.6. Wechselwirkungen mit anderen Wirkstoffen und
V10DE-REC-140,V10DE,21,40;41,mindestens,"Knochen, Erythrozyten- Iodhaltiges Röntgenkontrastmittel Markierung sollte mindestens 24 Stunden vor einer Nephrotoxische Das Absetzen nephrotoxischer geplanten Isotopen-Untersuchung nicht Medikamente",C.6. Wechselwirkungen mit anderen Wirkstoffen und
V10DE-REC-141,V10DE,21,40;41,notwendig,rsuchung nicht Medikamente Medikamente vor Kontrastmittelgabe ist mehr gegeben werden. Cyclosporin nicht zwingend notwendig. Cisplatin Aminoglykoside Nichtsteroidale antiinflammatorische Medikamente (NSAD) ß-Blocker ß-Blocker können die Behandlung eines,C.6. Wechselwirkungen mit anderen Wirkstoffen und
V10DE-REC-142,V10DE,21,40;41,können,nicht zwingend notwendig. Cisplatin Aminoglykoside Nichtsteroidale antiinflammatorische Medikamente (NSAD) ß-Blocker ß-Blocker können die Behandlung eines Bronchospasmus und das Ansprechen auf Adrenalin beeinträchtigen. Interleukin-2,C.6. Wechselwirkungen mit anderen Wirkstoffen und
V10DE-REC-143,V10DE,22,42;43,Kann,"rhöhter Signalintensität in den tiefen • Das Auftreten ist unabhängig von der Nierenfunktion. zerebralen Kerngebieten in nativen T1 gewichteten MRT-Sequenzen. • Kann bei jedem Kontrastmittel vorkommen, dennoch lagern • Der Zusammenhang zwischen diesen Veränderungen und sich größere Mengen nach Gabe von nichtionischen-l",C.7.1.1. Nachweis C.7.2.2. Merkmale
V10DE-REC-144,V10DE,22,42;43,Kann nicht,"ren gadoliniumhaltigen Kontrastmittel wurde zuerst 2014 berichtet. Kontrastmitteln ab. • Kann nicht durch MRT nachgewiesen werden. • Die abgelagerte Menge ist gering, jedoch größer als im Gehirn. C.7.",C.7.1.1. Nachweis C.7.2.2. Merkmale
V10DE-REC-145,V10DE,22,42;43,können,"• Ablagerungen in Knochen und Leber rufen keine klinischen Symptome • Die Signalveränderungen sind nicht spezifisch und können ebenfalls hervor. bei Mangan, Eisen, Calcium, etc. auftreten. • Kutane Ablagerungen verursachen rote Hautplaques, welche • MRT ist zur Det",C.7.1.2. Merkmale
V10DE-REC-146,V10DE,22,42;43,sollte,". • In Hirngewebsuntersuchungen konnte Gadolinium nach Gabe • Um ein mögliches Risiko zu minimieren, sollte der Gadolinium-Spiegel aller gadoliniumhaltiger Kontrastmittel nachgewiesen werden, die im Wasse",C.7.1.3. Zusammenhang mit gadoliniumhaltigen Oberflächen- un
V10DE-REC-147,V10DE,23,44;45,Empfehlung,C.9. Sicherheit von bariumhaltigen Röntgenkontrastmitteln Generelle Aussage • Ultraschall-Kontrastmittel sind für Empfehlung gewöhnlich sicher. Kontraindikationen Darmwandintegrität • Iodhaltige wasser- • Für schwerkra,C.8. Weitere Aspekte bezüglich Gadolinium C.9. Sicherheit v
V10DE-REC-148,V10DE,23,44;45,sollte,Risiko einer extrakorporaler Stoßwellen-Therapie Leckagein das Me- sollte kein Ultraschall-Kontrastmittel diastinum und/oder gegeben werden.,C.8. Weitere Aspekte bezüglich Gadolinium C.9. Sicherheit v
V10DE-REC-149,V10DE,23,44;45,vermeiden,"Ausgedehnter Colitis Bariumeinläufe vermeiden. Behandlung • Tritt ein schweres Ereignis ein, siehe Kapitel zur Behandlung akuter Komplikationen Verminderte",C.8. Weitere Aspekte bezüglich Gadolinium C.9. Sicherheit v
V10DE-REC-150,V10DE,23,44;45,erforderlich,• Notfallbehandlung könnte erforderlich werden.,C.8. Weitere Aspekte bezüglich Gadolinium C.9. Sicherheit v
V10DE-REC-151,V10DE,24,46;47,muss,"Erwachsenen. D.1. Beispiel eines geeigneten Schreibens für den • Die Kontrastmitteldosierung muss an Patientenalter und -gewicht Patienten zur Konsultation beim Allergologen: angepasst werden. • Es müssen die altersadaptierten Normwerte, beispielswei",D.1. Beispiel eines geeigneten Schreibens für den
V10DE-REC-152,V10DE,24,46;47,müssen,"eibens für den • Die Kontrastmitteldosierung muss an Patientenalter und -gewicht Patienten zur Konsultation beim Allergologen: angepasst werden. • Es müssen die altersadaptierten Normwerte, beispielsweise für Sehr geehrter Herr/Frau Kollege/in, Serum-Kreatinin, herangezogen werden.",D.1. Beispiel eines geeigneten Schreibens für den
V10DE-REC-153,V10DE,24,46;47,sollten nicht,"sich die überarbeitete Schwartz Überempfindlichkeitsreaktion nach Kontrastmittelgabe (Datum einfügen). Formel (siehe B.1). • Als iodhaltiges Röntgenkontrastmittel sollten nicht-ionische Untersuchungsmodalität (z.B. CT, MRT, …): Substanzen eingesetzt werden. Bei den gadoliniumhaltigen Kontrast- mitteln sollten keine Substanzen mit h",D.1. Beispiel eines geeigneten Schreibens für den
V10DE-REC-154,V10DE,24,46;47,sollten,"enkontrastmittel sollten nicht-ionische Untersuchungsmodalität (z.B. CT, MRT, …): Substanzen eingesetzt werden. Bei den gadoliniumhaltigen Kontrast- mitteln sollten keine Substanzen mit hohem Risiko verwendet werden. Kontrastmittelart: • iodhaltig • gadoliniumhaltig • Ultraschall • In der Fachinformation des Kontrastmittels steht, ob",D.1. Beispiel eines geeigneten Schreibens für den
V10DE-REC-155,V10DE,24,46;47,müssen,"Verabreichte Dosis: ml • Steht für einen speziellen Untersuchungsfall kein Kontrastmittel mit Kinderzulassung zur Verfügung, müssen die Eltern über den Off-Label- Applikationsweg (z.B. intravenös (i.v.), intraarteriell (i.a.), intraartikulär, Einsatz aufgeklärt werden und eine Einwilligung unterschre",D.1. Beispiel eines geeigneten Schreibens für den
V10DE-REC-156,V10DE,24,46;47,darf,"ell (i.a.), intraartikulär, Einsatz aufgeklärt werden und eine Einwilligung unterschreiben. Ist ein oral, lokal …): Kontrastmittel bei Kindern absolut kontraindiziert, darf es auch nicht bei Vorliegen einer Einwilligungserklärung gegeben werden. Zeit zwischen Applikation und dem Beginn der klinischen Symptomatik:",D.1. Beispiel eines geeigneten Schreibens für den
V10DE-REC-157,V10DE,24,46;47,sollte,"Auskunft, für welche Patienten und Indikationen es zugelassen ist. m Grad 3 • Wenn immer möglich, sollte ein Kontrastmittel gewählt werden, das für den speziellen Patienten und die Indikation zugelassen ist. m Grad 4 • Gibt es kein geeignetes zugelassenes Kontra",C.11. Off-Label-Einsatz von Kontrastmitteln
V10DE-REC-158,V10DE,24,46;47,muss,"astmittel gewählt werden, das für den speziellen Patienten und die Indikation zugelassen ist. m Grad 4 • Gibt es kein geeignetes zugelassenes Kontrastmittel, muss der Patient über die Risiken und die Vorteile des Off-Label-Einsatzes aufgeklärt werden. Der Patient muss dem Off-Label-Gebrauch des Kontrastmittels zustimmen.",C.11. Off-Label-Einsatz von Kontrastmitteln
V10DE-REC-159,V10DE,24,46;47,muss,"rad 4 • Gibt es kein geeignetes zugelassenes Kontrastmittel, muss der Patient über die Risiken und die Vorteile des Off-Label-Einsatzes aufgeklärt werden. Der Patient muss dem Off-Label-Gebrauch des Kontrastmittels zustimmen. 46 ﻿Verschiedenes",C.11. Off-Label-Einsatz von Kontrastmitteln
V10DE-REC-160,V10DE,25,48;49,kann,Grad kutan abdominell respiratorisch kardiovaskulär Dadurch kann für zukünftige Untersuchungen eine Empfehlung für ein sichereres Kontrastmittels gegeben werden.,
V10DE-REC-161,V10DE,25,48;49,Empfehlung,bdominell respiratorisch kardiovaskulär Dadurch kann für zukünftige Untersuchungen eine Empfehlung für ein sichereres Kontrastmittels gegeben werden. 1 Juckreiz Erythem,
BK25-REC-001,BK25,3,3,"The guidelines should be understood as a permanent work in progress, continuously evolving over time","d annually. Consequently, following Version 10, the 2025 version of the guidelines is now released. The guidelines should be understood as a permanent work in progress, continuously evolving over time.",general
BK25-REC-002,BK25,3,3,"pdated sections on contrast agent hypersensitivity and extravasation as well as recommended waiting times between successive contrast agent administrations, analytical interference of contrast agents with lab tests and safe use of contrast agents for hysterosalpingography and in patients wi","The 2025 version of the guidelines includes, among others, updated sections on contrast agent hypersensitivity and extravasation as well as recommended waiting times between successive contrast agent administrations, analytical interference of contrast agents with lab tests and safe use of contrast agents for hysterosalpingography and in patients with myasthenia gravis.",hypersensitivity/management; waiting times; extravasation
BK25-REC-003,BK25,3,3,"Where there is insufficient published evidence, recommendations are based on clinical consensus within the Committee","Note: CMSC guidelines are based on evidence in the literature whenever possible. Where there is insufficient published evidence, recommendations are based on clinical consensus within the Committee.",general
BK25-REC-004,BK25,3,3,These guidelines summarize the key recommendations,"These guidelines summarize the key recommendations. For a complete understanding of the respective topic, readers are encouraged to consult the origin",general
BK25-REC-005,BK25,4,4,23 Recommended delay in blood collection after administration of contrast agents:,nalytical interference of intravascular contrast agents with clinical laboratory tests. ........... 23 Recommended delay in blood collection after administration of contrast agents:.............................23 Recommended delay in urine collection after administration of contra,lab interference
BK25-REC-006,BK25,4,4,23 Recommended delay in urine collection after administration of contrast agents:,nded delay in blood collection after administration of contrast agents:.............................23 Recommended delay in urine collection after administration of contrast agents:..............................23 Risk classification of gadolinium-based contrast agents and recomme,lab interference
BK25-REC-007,BK25,4,4,23 Risk classification of gadolinium-based contrast agents and recommendations,ded delay in urine collection after administration of contrast agents:..............................23 Risk classification of gadolinium-based contrast agents and recommendations. .............................25 Safe use of contrast agents in pregnancy and lactation. ..........,lab interference; pregnancy/lactation
BK25-REC-008,BK25,5,5,30 Miscellaneous recommendations and topics,t agents. ..........................................................................................30 Miscellaneous recommendations and topics..............................................................................31 Safety of CO2 as an,general
BK25-REC-009,BK25,6,6,"This term should be reserved for X-ray contrast compounds, e","s a substance which alters the contrast in X-ray images by altering transmission of the X-ray beam. This term should be reserved for X-ray contrast compounds, e.g. iodine-based, barium, air and carbon dioxide.",general
BK25-REC-010,BK25,6,6,"For classification of immediate hypersensitivity reactions, the CMSC endorses both the Radiological classification of the American College of Radiology (ACR) and the Allergological classification of Ring and Messmer","For classification of immediate hypersensitivity reactions, the CMSC endorses both the Radiological classification of the American College of Radiology (ACR) and the Allergological classification of Ring and Messmer.",hypersensitivity/management
BK25-REC-011,BK25,7,7,"Be prepared to treat acute adverse reactions: be knowledgeable about the risks and potential reactions, and participate regularly in continuous medical education","• Be prepared to treat acute adverse reactions: be knowledgeable about the risks and potential reactions, and participate regularly in continuous medical education",general
BK25-REC-012,BK25,7,7,Know your patient and evaluate the risk/ benefit ratio and consider imaging alternatives,• Know your patient and evaluate the risk/ benefit ratio and consider imaging alternatives,general
BK25-REC-013,BK25,7,7,"the specific agent that elicited the previous reaction, and if the injection is mandatory, choose an alternative contrast agent","• If the patient has experienced a previous hypersensitivity reaction, identify the specific agent that elicited the previous reaction, and if the injection is mandatory, choose an alternative contrast agent.",hypersensitivity/management
BK25-REC-014,BK25,7,7,"Schedule the patient during daytime hours, when most personnel are present, preferably in a hospital-based CT or MRI facility","• Schedule the patient during daytime hours, when most personnel are present, preferably in a hospital-based CT or MRI facility.",general
BK25-REC-015,BK25,7,7,A regularly maintained resuscitation trolley should be available in the department,• A regularly maintained resuscitation trolley should be available in the department,general
BK25-REC-016,BK25,7,7,Emergency numbers for the hospital resuscitation team should be in the examination room,• Emergency numbers for the hospital resuscitation team should be in the examination room,general
BK25-REC-017,BK25,7,7,Equipment for collecting blood for tryptase measurement should be readily available,• Equipment for collecting blood for tryptase measurement should be readily available,general
BK25-REC-018,BK25,7,7,The following first-line emergency equipment and medications should be available in the examination room:,• The following first-line emergency equipment and medications should be available in the examination room: • Oxygen • IV fluids: normal saline or Ringer lactate (stock at least 2L) • Sphygmomanometer • One-,pregnancy/lactation
BK25-REC-019,BK25,7,7,"Observe closely for mucosal oedema of the nose, mouth, throat, or larynx","• Observe closely for mucosal oedema of the nose, mouth, throat, or larynx.",general
BK25-REC-020,BK25,7,7,"If there is an increased risk of an adverse reaction, a venous access should be kept in place","• If there is an increased risk of an adverse reaction, a venous access should be kept in place.",general
BK25-REC-021,BK25,7,7,"If marked bradycardia is present, consider treatment of a vasovagal reaction (atropine)","• If marked bradycardia is present, consider treatment of a vasovagal reaction (atropine)",general
BK25-REC-022,BK25,8,8,"Consider measuring serum tryptase as soon as practical, but certainly within 4h after start of the reaction","• Consider measuring serum tryptase as soon as practical, but certainly within 4h after start of the reaction",general
BK25-REC-023,BK25,8,8,Call the CPR team,• Call the CPR team.,general
BK25-REC-024,BK25,8,8,Call rapid response team,• Call rapid response team.,general
BK25-REC-025,BK25,8,8,Give oxygen 10 to 15 L/min with non-rebreathing mask,• Give oxygen 10 to 15 L/min with non-rebreathing mask.,general
BK25-REC-026,BK25,8,8,"Give 0.5mg adrenaline IM in lateral upper thigh, repeat as necessary, guided by heart rate","• Give 0.5mg adrenaline IM in lateral upper thigh, repeat as necessary, guided by heart rate.",hypersensitivity/management
BK25-REC-027,BK25,8,8,"Give fluid bolus of crystalloid 500 ml IV in 10 minutes, repeat as necessary","• Give fluid bolus of crystalloid 500 ml IV in 10 minutes, repeat as necessary.",general
BK25-REC-028,BK25,8,8,Consider adding corticosteroid (for example prednisolone 50 mg IV*),• Consider adding corticosteroid (for example prednisolone 50 mg IV*),general
BK25-REC-029,BK25,8,8,Consider transferring the patient to a department with facilities for monitoring of vital functions,Consider transferring the patient to a department with facilities for monitoring of vital functions.,NSF/GBCA risk
BK25-REC-030,BK25,9,9,5 mg IM and consider consulting the rapid response team,• In case of deterioration give adrenaline 0.5 mg IM and consider consulting the rapid response team.,hypersensitivity/management
BK25-REC-031,BK25,9,9,"When bronchospasm increases in severity, consider repeating adrenaline 0","• When bronchospasm increases in severity, consider repeating adrenaline 0.5mg IM, guided by heart rate.",hypersensitivity/management
BK25-REC-032,BK25,9,9,Give oxygen 10 to 15 L/min via a non-rebreathing mask,• Give oxygen 10 to 15 L/min via a non-rebreathing mask.,general
BK25-REC-033,BK25,9,9,Do not remove IV access during observation,• Do not remove IV access during observation.,general
BK25-REC-034,BK25,9,9,Patients experiencing a greater but non-life-threatening reaction should be observed for 4-6 hours after successful treatment before condisdering discharge,• Patients experiencing a greater but non-life-threatening reaction should be observed for 4-6 hours after successful treatment before condisdering discharge.,general
BK25-REC-035,BK25,9,9,Patients being discharged having had antihistamine medication should be advised not to drive,• Patients being discharged having had antihistamine medication should be advised not to drive,general
BK25-REC-036,BK25,9,9,Patients experiencing a life-threatening reaction should be admitted and observed,• Patients experiencing a life-threatening reaction should be admitted and observed.,general
BK25-REC-037,BK25,10,10,"Warn patients who have had a previous non-immediate hypersensitivity reaction to contrast agents, that a repeat non-immediate hypersensitivity reaction may be possible, usually a skin reaction","Warn patients who have had a previous non-immediate hypersensitivity reaction to contrast agents, that a repeat non-immediate hypersensitivity reaction may be possible, usually a skin reaction.",hypersensitivity/management
BK25-REC-038,BK25,10,10,Patients should be informed to contact their general practitioner if they have a non- immediate hypersensitivity reaction after contrast media administration,Patients should be informed to contact their general practitioner if they have a non- immediate hypersensitivity reaction after contrast media administration.,hypersensitivity/management
BK25-REC-039,BK25,10,10,Consider informing the radiology department where the contrast agent was administered about the occurrence and symptoms of a non-immediate hypersensitivity reaction after contrast agent administration,Consider informing the radiology department where the contrast agent was administered about the occurrence and symptoms of a non-immediate hypersensitivity reaction after contrast agent administration.,hypersensitivity/management
BK25-REC-040,BK25,10,10,"of a non-immediate hypersensitivity reaction are mild, a wait-and-see approach can be justified","When the symptoms of a non-immediate hypersensitivity reaction are mild, a wait-and-see approach can be justified.",hypersensitivity/management
BK25-REC-041,BK25,10,10,Treat non-immediate hypersensitivity reactions symptomatically,Treat non-immediate hypersensitivity reactions symptomatically. Consider treatment of skin reactions with oral or topical corticosteroids.,hypersensitivity/management
BK25-REC-042,BK25,10,10,Consider treatment of skin reactions with oral or topical corticosteroids,Treat non-immediate hypersensitivity reactions symptomatically. Consider treatment of skin reactions with oral or topical corticosteroids.,hypersensitivity/management
BK25-REC-043,BK25,10,10,the physician responsible for its administration or the drug allergy specialist should report all details of such a reaction to Marketing Authorization Holder and/or the National Pharmacovigilance Authority,"If a HR to a contrast agent is serious or unexpected, the physician responsible for its administration or the drug allergy specialist should report all details of such a reaction to Marketing Authorization Holder and/or the National Pharmacovigilance Authority.",general
BK25-REC-044,BK25,11,11,Measure serum tryptase within 4 hours from the start of all moderate to severe immediate hypersensitivity reactions to contrast agents,Measure serum tryptase within 4 hours from the start of all moderate to severe immediate hypersensitivity reactions to contrast agents. A second measurement after ≥ 24 hours serves as a baseline for further allergologic examinations.,hypersensitivity/management
BK25-REC-045,BK25,11,11,Refer the following patients to a drug allergy specialist for an allergy assessment:,Refer the following patients to a drug allergy specialist for an allergy assessment:,general
BK25-REC-046,BK25,11,11,Always specify the used contrast agent in the referral to the drug allergy specialist,Always specify the used contrast agent in the referral to the drug allergy specialist.,general
BK25-REC-047,BK25,11,11,"contrast agent and the severity of the reaction, including a grading scheme, is mandatory (see Management of Hypersensitivity Reactions)","A detailed documentation about the culprit contrast agent and the severity of the reaction, including a grading scheme, is mandatory (see Management of Hypersensitivity Reactions).",hypersensitivity/management; documentation
BK25-REC-048,BK25,11,11,"action to an iodine-based contrast medium or a gadolinium-based contrast agent, consider an alternative imaging modality, or consider performing an unenhanced exam if the diagnostic yield is sufficient for the correct management of the patient","In all patients with a history of a hypersensitivity reaction to an iodine-based contrast medium or a gadolinium-based contrast agent, consider an alternative imaging modality, or consider performing an unenhanced exam if the diagnostic yield is sufficient for the correct management of the patient. Never deny a patient a clinically well-indicated enhanced examination if alternative imaging strat",hypersensitivity/management
BK25-REC-049,BK25,11,11,Never deny a patient a clinically well-indicated enhanced examination if alternative imaging strategies are not available,an unenhanced exam if the diagnostic yield is sufficient for the correct management of the patient. Never deny a patient a clinically well-indicated enhanced examination if alternative imaging strategies are not available.,general
BK25-REC-050,BK25,12,12,Be prepared and vigilant for a recurring immediate hypersensitivity reaction,• Be prepared and vigilant for a recurring immediate hypersensitivity reaction,hypersensitivity/management
BK25-REC-051,BK25,12,12,"iate hypersensitivity reaction recurs, referral to a drug allergy specialist is mandatory","• If an immediate hypersensitivity reaction recurs, referral to a drug allergy specialist is mandatory",hypersensitivity/management
BK25-REC-052,BK25,13,13,Be prepared and vigilant for a recurring immediate hypersensitivity reaction,• Be prepared and vigilant for a recurring immediate hypersensitivity reaction,hypersensitivity/management
BK25-REC-053,BK25,13,13,"iate hypersensitivity reaction recurs, referral to a drug allergy specialist is mandatory","• If an immediate hypersensitivity reaction recurs, referral to a drug allergy specialist is mandatory",hypersensitivity/management
BK25-REC-054,BK25,13,13,Consider administration of premedication (EAACI guidelines),• Consider administration of premedication (EAACI guidelines),premedication
BK25-REC-055,BK25,14,14,"iate hypersensitivity reaction recurs, referral to a drug allergy specialist is mandatory","• If a non-immediate hypersensitivity reaction recurs, referral to a drug allergy specialist is mandatory",hypersensitivity/management
BK25-REC-056,BK25,14,14,DO NOT give the group of contrast agent to which the severe skin reaction has occurred:,DO NOT give the group of contrast agent to which the severe skin reaction has occurred:,general
BK25-REC-057,BK25,14,14,Avoid all iodine-based contrast media after a severe non-immediate hypersensitivity reaction to an iodine-based contrast medium,• Avoid all iodine-based contrast media after a severe non-immediate hypersensitivity reaction to an iodine-based contrast medium,hypersensitivity/management
BK25-REC-058,BK25,14,14,Avoid all gadolinium-based contrast agents after a severe non-immediate hypersensitivity reaction to a gadolinium-based contrast agent,• Avoid all gadolinium-based contrast agents after a severe non-immediate hypersensitivity reaction to a gadolinium-based contrast agent,hypersensitivity/management
BK25-REC-059,BK25,14,14,* Consider cross-reactivity of contrast media and an increased risk for non-immediate hyper- sensitivity reaction with use of iso-osmolar dimeric iodine-based contrast media ** Danger signs: erosive and/or haem,"* Consider cross-reactivity of contrast media and an increased risk for non-immediate hyper- sensitivity reaction with use of iso-osmolar dimeric iodine-based contrast media ** Danger signs: erosive and/or haemorrhagic lesions, blistering and skin disruption, mucosal involvement, extracutaneous organ involvem",cross-reactivity
BK25-REC-060,BK25,15,15,CMSC cannot make evidence-based recommendations on a robust scientific basis for change to an alternative contrast agent based on practical experience,CMSC cannot make evidence-based recommendations on a robust scientific basis for change to an alternative contrast agent based on practical experience.,general
BK25-REC-061,BK25,15,15,"Imaging physicians should use their available choices of alternative contrast agents, adhere to local or national guidelines, and ensure that patients get optimal surveillance by adequately trained staff, if needed with rapid","Imaging physicians should use their available choices of alternative contrast agents, adhere to local or national guidelines, and ensure that patients get optimal surveillance by adequately trained staff, if needed with rapid response (or resuscitation) team support.",general
BK25-REC-062,BK25,15,15,"g iodine-based contrast media Note: From 2025 onwards, the CMSC will follow the recommendations by the ACR/NKF Consensus 2020, and therefore the older term post-contrast acute kidney injury (PC-AKI) has been updated to contrast-associated acute kidney injury (CA-AKI)","Prevention of contrast-associated acute kidney injury (CA-AKI) when administering iodine-based contrast media Note: From 2025 onwards, the CMSC will follow the recommendations by the ACR/NKF Consensus 2020, and therefore the older term post-contrast acute kidney injury (PC-AKI) has been updated to contrast-associated acute kidney injury (CA-AKI).",CA-AKI
BK25-REC-063,BK25,15,15,"ular filtration rate (eGFR), calculated from the serum creatinine (sCr), is the recommended method to estimate renal function before contrast agent administration","Estimated glomerular filtration rate (eGFR), calculated from the serum creatinine (sCr), is the recommended method to estimate renal function before contrast agent administration.",CA-AKI
BK25-REC-064,BK25,16,16,In adults ≥ 18 years the creatinine-based 2009 CKD-EPI formula is recommended to calculate eGFR: eGFR (ml/min/1,• In adults ≥ 18 years the creatinine-based 2009 CKD-EPI formula is recommended to calculate eGFR: eGFR (ml/min/1.73 m²) = Female sCr ≤ 62 μmol/l: 144 x (sCr / 62)- 0.329 x 0.993Age Female sCr > 62 μmol/l: 144 x (,CA-AKI
BK25-REC-065,BK25,16,16,"In children, the revised Schwartz formula is recommended to calculate eGFR: eGFR (ml/min/1",")- 1.209 x 0.993Age (sCr in μmol/l; age in years) All equations x 1.159 if African American race. • In children, the revised Schwartz formula is recommended to calculate eGFR: eGFR (ml/min/1.73 m²) = 36.5 x length / sCr (sCr in μmol/l; length in cm)",CA-AKI; paediatric
BK25-REC-066,BK25,16,16,The person requesting the investigation or procedure should discuss the benefits and risks of administering iodine- based contrast in the context of the patient’s residual urine output, eGFR is not useful in patients with end stage kidney disease who are receiving dialysis treatment. The person requesting the investigation or procedure should discuss the benefits and risks of administering iodine- based contrast in the context of the patient’s residual urine output.,CA-AKI; dialysis
BK25-REC-067,BK25,17,17,Consider an alternative imaging method not using iodine-based contrast media,At-risk patients (see above) • Consider an alternative imaging method not using iodine-based contrast media. • Intravenous saline and bicarbonate protocols have similar efficacy for preventive hydration. • F,CA-AKI
BK25-REC-068,BK25,17,17,intra- arterial contrast medium administration with second pass renal exposure hydrate the patient either (a) with intravenous sodium bicarbonate 1,ate protocols have similar efficacy for preventive hydration. • For intravenous contrast medium and intra- arterial contrast medium administration with second pass renal exposure hydrate the patient either (a) with intravenous sodium bicarbonate 1.4 % (or 154 mmol/l in dextrose 5 % water): 3 ml/kg/h for 1 hour before contrast medium or (b) with ,CA-AKI
BK25-REC-069,BK25,17,17,or intra-arterial contrast medium administration with first pass renal exposure hydrate the patient either with (a) intravenous sodium bicarbonate 1,ith intravenous saline 0.9 % 1 ml/kg/h for 3-4 hours before and 4-6 hours after contrast medium. • For intra-arterial contrast medium administration with first pass renal exposure hydrate the patient either with (a) intravenous sodium bicarbonate 1.4 % (or 154 mmol/l in dextrose 5 % water): 3 ml/kg/h for 1 hour before followed by 1 ml/kg/h for 4-,general
BK25-REC-070,BK25,17,17,The referring physician responsible for patient care should individualize preventive hydration in patients with severe congestive heart failure (NYHA grade 3-4) or patients with end-stage renal failure (eGFR < 15 ml/min/1,um or (b) with intravenous saline 0.9 % for 3-4 hours before and 4-6 hours after contrast medium. • The referring physician responsible for patient care should individualize preventive hydration in patients with severe congestive heart failure (NYHA grade 3-4) or patients with end-stage renal failure (eGFR < 15 ml/min/1.73 m2). • Oral hydration is not recommended as the sole method of preventive hydration.,CA-AKI
BK25-REC-071,BK25,17,17,Oral hydration is not recommended as the sole method of preventive hydration,art failure (NYHA grade 3-4) or patients with end-stage renal failure (eGFR < 15 ml/min/1.73 m2). • Oral hydration is not recommended as the sole method of preventive hydration.,CA-AKI
BK25-REC-072,BK25,18,18,Use low- or iso-osmolar contrast media,All patients • Use low- or iso-osmolar contrast media. • Use the lowest dose of contrast medium consistent with a diagnostic result. • For intra-arterial,general
BK25-REC-073,BK25,18,18,Use the lowest dose of contrast medium consistent with a diagnostic result,"All patients • Use low- or iso-osmolar contrast media. • Use the lowest dose of contrast medium consistent with a diagnostic result. • For intra-arterial administration of iodine-based contrast media with first-pass renal exposure,",general
BK25-REC-074,BK25,18,18,"nistration of iodine-based contrast media with first-pass renal exposure, it is recommended to maintain either of the following when using a contrast medium concentration of 350 mg iodine/ml:","se the lowest dose of contrast medium consistent with a diagnostic result. • For intra-arterial administration of iodine-based contrast media with first-pass renal exposure, it is recommended to maintain either of the following when using a contrast medium concentration of 350 mg iodine/ml: • the ratio of contrast medium dose (grams of iodine) to absolute eGFR (ml/min) below 1.1, or • the",CA-AKI
BK25-REC-075,BK25,18,18,Correction of hypercalcemia before contrast medium administration should be discussed with the haematologist,• Multiple myeloma patients often have hypercalcemia which can increase the risk of kidney damage. Correction of hypercalcemia before contrast medium administration should be discussed with the haematologist.,general
BK25-REC-076,BK25,18,18,Assessment for Bence Jones proteinuria before contrast medium administration is not recommended,• Assessment for Bence Jones proteinuria before contrast medium administration is not recommended.,general
BK25-REC-077,BK25,19,19,"In all patients, avoid osmotic and fluid overload","th impaired renal function from post contrast acute kidney injury or nephrogenic systemic fibrosis. In all patients, avoid osmotic and fluid overload.",general
BK25-REC-078,BK25,19,19,tion of time of the contrast medium injection with the haemodialysis session(s) is unnecessary,• Coordination of time of the contrast medium injection with the haemodialysis session(s) is unnecessary. • Extra haemodialysis session(s) to remove contrast medium is not recommended.,dialysis
BK25-REC-079,BK25,19,19,Extra haemodialysis session(s) to remove contrast medium is not recommended,nation of time of the contrast medium injection with the haemodialysis session(s) is unnecessary. • Extra haemodialysis session(s) to remove contrast medium is not recommended.,dialysis
BK25-REC-080,BK25,19,19,An immediate dialysis session is not needed after macrocyclic gadolinium-based contrast agents but is indicated after linear agents (e,"An immediate dialysis session is not needed after macrocyclic gadolinium-based contrast agents but is indicated after linear agents (e.g., liver-specific agents) and needs to be repeated on the following two days.",dialysis
BK25-REC-081,BK25,19,19,Additional haemodialysis to remove the contrast medium is unnecessary,Additional haemodialysis to remove the contrast medium is unnecessary.,dialysis
BK25-REC-082,BK25,19,19,An immediate dialysis session is not needed after macrocyclic gadolinium-based contrast agents,An immediate dialysis session is not needed after macrocyclic gadolinium-based contrast agents.,dialysis
BK25-REC-083,BK25,19,19,The risk of NSF due to linear gadolinium-based contrast agents should be weighed against the risk of placement of a temporary haemodialysis catheter (in consultation with the referring physician),The risk of NSF due to linear gadolinium-based contrast agents should be weighed against the risk of placement of a temporary haemodialysis catheter (in consultation with the referring physician).,NSF/GBCA risk; dialysis
BK25-REC-084,BK25,20,20,These will require close monitoring and physician assessment is advised to assess for any neurovascular compromise by checking peripheral pulse and sensation distal in the affected limb,"ma or swelling, no skin changes. • Moderate: Skin blistering, progressive oedema and/or ulceration. These will require close monitoring and physician assessment is advised to assess for any neurovascular compromise by checking peripheral pulse and sensation distal in the affected limb",general
BK25-REC-085,BK25,21,21,Patient information leaflet should be given to patient,"ecord extravasation as a complication in radiology report and the local incident reporting system • Patient information leaflet should be given to patient • Follow-up appointment, if necessary Involving a surgeon • If severe injury is suspected, then urg",extravasation
BK25-REC-086,BK25,21,21,Surgical opinion also recommended for extravasate >150 ml,"ssary Involving a surgeon • If severe injury is suspected, then urgently seek advice of a surgeon • Surgical opinion also recommended for extravasate >150 ml",extravasation
BK25-REC-087,BK25,21,21,"73 m²), consider a waiting time between elective contrast-enhanced MRI with GBCA administration and contrast-enhanced CT or (coronary) angiography with iodine-based contrast medium administration of optimally 6 h (ne","In patients with normal renal function (eGFR >60 mL/min/1.73 m²), consider a waiting time between elective contrast-enhanced MRI with GBCA administration and contrast-enhanced CT or (coronary) angiography with iodine-based contrast medium administration of optimally 6 h (near complete clearance of the effects of the previously administered GBCA) and minimally 2 h (if clin",CA-AKI; waiting times
BK25-REC-088,BK25,22,22,73 m²): Consider a waiting time between administrations of optimally 12 h (near complete clearance of the previously administered iodine-based contrast media) and minimally 4h (if clinical indication requires rapid f,Patients with normal renal function (GFR > 60 ml/min/1.73 m²): Consider a waiting time between administrations of optimally 12 h (near complete clearance of the previously administered iodine-based contrast media) and minimally 4h (if clinical indication requires rapid follow-up).,waiting times
BK25-REC-089,BK25,22,22,73 m²): Consider a waiting time between administrations of optimally 48 h (near complete clearance of the previously administered iodine-based contrast media) and minimally 16 h (if clinical indication requires rapid,Patients with moderate renal impairment (GFR 30-60 ml/min/1.73 m²): Consider a waiting time between administrations of optimally 48 h (near complete clearance of the previously administered iodine-based contrast media) and minimally 16 h (if clinical indication requires rapid follow-up).,waiting times
BK25-REC-090,BK25,22,22,73 m2): Consider a waiting time between administrations of optimally 7 days / 168h (near complete clearance of the previously administered iodine-based contrast media) and minimally 2,ly reduced renal function and (pre)dialysis patients with remnant renal function (GFR < 30 ml/min/1.73 m2): Consider a waiting time between administrations of optimally 7 days / 168h (near complete clearance of the previously administered iodine-based contrast media) and minimally 2.5 days / 60h (if clinical indication requires rapid follow-up).,waiting times; dialysis
BK25-REC-091,BK25,22,22,Patients on dialysis with no remnant renal function: Consider a waiting time between successive iodine-based contrast media administrations of at least 3 dialysis sessions,Patients on dialysis with no remnant renal function: Consider a waiting time between successive iodine-based contrast media administrations of at least 3 dialysis sessions.,waiting times; dialysis
BK25-REC-092,BK25,22,22,"In patients without known renal impairment, consider a waiting time between elective contrast-enhanced MRIs with successive GBCA administrations of optimally 12h (near complete clearance of the previously administered iodine-based contrast media) and m","In patients without known renal impairment, consider a waiting time between elective contrast-enhanced MRIs with successive GBCA administrations of optimally 12h (near complete clearance of the previously administered iodine-based contrast media) and minimally 4h (if clinical indication requires rapid follow-up).",waiting times
BK25-REC-093,BK25,22,22,"73 m2), consider a waiting time between elective contrast-enhanced MRI with successive GBCA administrations of optimally 48h (near complete clearance of the previously administered iodine-based contrast media) and mi","In patients with moderate renal impairment (if available: eGFR 30–60 mL/min/1.73 m2), consider a waiting time between elective contrast-enhanced MRI with successive GBCA administrations of optimally 48h (near complete clearance of the previously administered iodine-based contrast media) and minimally 16h (if clinical indication requires rapid follow- up)",CA-AKI; waiting times
BK25-REC-094,BK25,23,23,"73 m2), consider a waiting time between elective contrast-enhanced MRI with successive GBCA administrations of optimally 7 days / 168h (near complete clearance of the previously administered iodine-based contrast med"," severe renal impairment and (pre)dialysis patients with remnant renal function (eGFR < 30 mL/min/1.73 m2), consider a waiting time between elective contrast-enhanced MRI with successive GBCA administrations of optimally 7 days / 168h (near complete clearance of the previously administered iodine-based contrast media) and minimally 2.5 days / 60h (if clinical indication requires rapid follow-up).",CA-AKI; waiting times; dialysis
BK25-REC-095,BK25,23,23,In patients on dialysis with no remnant renal function consider a waiting time between successive gadolinium-based contrast agent administrations of at least 3 dialysis sessions,In patients on dialysis with no remnant renal function consider a waiting time between successive gadolinium-based contrast agent administrations of at least 3 dialysis sessions.,waiting times; dialysis
BK25-REC-096,BK25,23,23,Recommended delay in blood collection after administration of contrast agents:,Recommended delay in blood collection after administration of contrast agents:,lab interference
BK25-REC-097,BK25,23,23,Recommended delay in urine collection after administration of contrast agents:,Recommended delay in urine collection after administration of contrast agents:,lab interference
BK25-REC-098,BK25,24,24,mic Fibrosis (NSF) Diagnosis A diagnosis of nephrogenic systemic fibrosis (NSF) should only be made if the Yale NSF Registry clinical and histopathological criteria are met (J Am Acad Dermatol 2011,Prevention of Nephrogenic Systemic Fibrosis (NSF) Diagnosis A diagnosis of nephrogenic systemic fibrosis (NSF) should only be made if the Yale NSF Registry clinical and histopathological criteria are met (J Am Acad Dermatol 2011; 65: 1095- 1106). The association between nephrogenic systemic fibrosis (NSF) and gadolinium-based ,NSF/GBCA risk
BK25-REC-099,BK25,24,24,Recommendations for all patients, • 3-18 % in association with gadodiamide. • 0.1-1 % in association with gadopentetate dimeglumine. Recommendations for all patients • Never deny a patient a clinically well-indicated enhanced MR-examination. • In all patients use t,NSF/GBCA risk
BK25-REC-100,BK25,24,24,Never deny a patient a clinically well-indicated enhanced MR-examination,iamide. • 0.1-1 % in association with gadopentetate dimeglumine. Recommendations for all patients • Never deny a patient a clinically well-indicated enhanced MR-examination. • In all patients use the smallest amount of contrast necessary for a diagnostic result. This incl,general
BK25-REC-101,BK25,24,24,This includes considering for example the use of authority-approved software to enhance contrast signal and/or enable dose reduction of contrast agents and / or the use of high-relaxivity contrast agents,amination. • In all patients use the smallest amount of contrast necessary for a diagnostic result. This includes considering for example the use of authority-approved software to enhance contrast signal and/or enable dose reduction of contrast agents and / or the use of high-relaxivity contrast agents. • Always record the name and dose of the contrast agent used in the patient records.,general
BK25-REC-102,BK25,24,24,Always record the name and dose of the contrast agent used in the patient records,/or enable dose reduction of contrast agents and / or the use of high-relaxivity contrast agents. • Always record the name and dose of the contrast agent used in the patient records.,general
BK25-REC-103,BK25,25,25,Risk classification of gadolinium-based contrast agents and recommendations Highest risk of NSF,Risk classification of gadolinium-based contrast agents and recommendations Highest risk of NSF,NSF/GBCA risk
BK25-REC-104,BK25,25,25,Recommendations,Recommendations • European Medicines Agency (EMA) has suspended intravenous use of all high- risk agents (Omniscan®,NSF/GBCA risk
BK25-REC-105,BK25,25,25,EMA states that Magnevist® may be used for arthrography,nevist®) and the Marketing Authorization Holder has withdrawn Optimark® from the European market. • EMA states that Magnevist® may be used for arthrography. • CMSC supports these recommendations.,general
BK25-REC-106,BK25,25,25,CMSC supports these recommendations,wn Optimark® from the European market. • EMA states that Magnevist® may be used for arthrography. • CMSC supports these recommendations.,general
BK25-REC-107,BK25,25,25,"doxetate disodium (Primovist®, Eovist®) Ligand: Ionic linear chelate (EOB-DTPA) Recommendations","lular and liver specific agent with 2-3% albumin binding. In man ~4% is excreted via the liver. • Gadoxetate disodium (Primovist®, Eovist®) Ligand: Ionic linear chelate (EOB-DTPA) Recommendations • EMA states that intermediate risk agents (Multihance®, Primovist®) are approved for hepato-biliar",general
BK25-REC-108,BK25,25,25,"EMA states that intermediate risk agents (Multihance®, Primovist®) are approved for hepato-biliary imaging only","Gadoxetate disodium (Primovist®, Eovist®) Ligand: Ionic linear chelate (EOB-DTPA) Recommendations • EMA states that intermediate risk agents (Multihance®, Primovist®) are approved for hepato-biliary imaging only. • CMSC supports this recommendation.",general
BK25-REC-109,BK25,25,25,CMSC supports this recommendation," intermediate risk agents (Multihance®, Primovist®) are approved for hepato-biliary imaging only. • CMSC supports this recommendation.",general
BK25-REC-110,BK25,26,26,Recommendations,Recommendations • Laboratory testing of renal function (eGFR) prior to contrast agent use is not mandatory. • In pa,CA-AKI; lab interference
BK25-REC-111,BK25,26,26,Laboratory testing of renal function (eGFR) prior to contrast agent use is not mandatory,"Recommendations • Laboratory testing of renal function (eGFR) prior to contrast agent use is not mandatory. • In patients with a known or suspected GFR < 30 mL/min, the use of these contrast agents should f",CA-AKI; lab interference
BK25-REC-112,BK25,26,26,"nts with a known or suspected GFR < 30 mL/min, the use of these contrast agents should follow standard risk–benefit considerations, considering the indication, expected benefit, and risk of NSF","Laboratory testing of renal function (eGFR) prior to contrast agent use is not mandatory. • In patients with a known or suspected GFR < 30 mL/min, the use of these contrast agents should follow standard risk–benefit considerations, considering the indication, expected benefit, and risk of NSF. • Pregnant women: these agents can be used to give essential diagnostic information. • Lactating w",CA-AKI; NSF/GBCA risk; lab interference
BK25-REC-113,BK25,26,26,"ctating women: discarding the breast milk in the 24 hours after contrast is not considered necessary, but the patient can discuss with the doctor whether she wishes to do this","sk of NSF. • Pregnant women: these agents can be used to give essential diagnostic information. • Lactating women: discarding the breast milk in the 24 hours after contrast is not considered necessary, but the patient can discuss with the doctor whether she wishes to do this.",NSF/GBCA risk; pregnancy/lactation
BK25-REC-114,BK25,26,26,"ances, when radiographic examination is essential, iodine- based contrast media may be given to the pregnant female","In exceptional circumstances, when radiographic examination is essential, iodine- based contrast media may be given to the pregnant female.",pregnancy/lactation
BK25-REC-115,BK25,26,26,"of iodine-based contrast media to the mother during pregnancy, thyroid function should be checked in the neonate during the first week (neonatal testing of thyroid function is universal and routine in European countries)","Following administration of iodine-based contrast media to the mother during pregnancy, thyroid function should be checked in the neonate during the first week (neonatal testing of thyroid function is universal and routine in European countries).",pregnancy/lactation; thyroid
BK25-REC-116,BK25,26,26,"nced MRI, the smallest possible dose of a macrocyclic gadolinium contrast agent may be given to the pregnant female","When there is a very strong indication for enhanced MRI, the smallest possible dose of a macrocyclic gadolinium contrast agent may be given to the pregnant female.",pregnancy/lactation
BK25-REC-117,BK25,26,26,Breast feeding may be continued normally when iodine-based contrast media are given to the mother,Breast feeding may be continued normally when iodine-based contrast media are given to the mother.,pregnancy/lactation
BK25-REC-118,BK25,27,27,Breast feeding may be continued normally when macrocyclic gadolinium-based contrast agents are given to the mother,Breast feeding may be continued normally when macrocyclic gadolinium-based contrast agents are given to the mother.,pregnancy/lactation
BK25-REC-119,BK25,27,27,Do not administer gadolinium-based contrast agents,Do not administer gadolinium-based contrast agents.,general
BK25-REC-120,BK25,27,27,"Safety considerations when using contrast agents in neonates, infants and children are like, but not the same as, in adults","• Safety considerations when using contrast agents in neonates, infants and children are like, but not the same as, in adults.",paediatric
BK25-REC-121,BK25,27,27,Contrast agent dose must be adjusted for patient age and weight,• Contrast agent dose must be adjusted for patient age and weight.,general
BK25-REC-122,BK25,27,27,The revised Schwartz equation is recommended to measure eGFR,• The revised Schwartz equation is recommended to measure eGFR.,CA-AKI; paediatric
BK25-REC-123,BK25,27,27,"The Summary of Product Characteristics for the contrast agent should be consulted, because not all contrast agents are approved for use in children","• The Summary of Product Characteristics for the contrast agent should be consulted, because not all contrast agents are approved for use in children.",paediatric
BK25-REC-124,BK25,27,27,"t approved for use in children is available, informed consent for off-label use must be obtained from parents/guardians","• If no suitable contrast agent approved for use in children is available, informed consent for off-label use must be obtained from parents/guardians. However, if use of a specific contrast agent in children is contra-indicated, it may not be used, ",paediatric
BK25-REC-125,BK25,27,27,intravenous or intra- arterial contrast medium with second pass renal exposure: Continue taking metformin normally,"Patients with eGFR > 30 ml/min/1.73 m2 and no evidence of AKI, receiving either intravenous or intra- arterial contrast medium with second pass renal exposure: Continue taking metformin normally.",CA-AKI; metformin
BK25-REC-126,BK25,28,28,With acute kidney injury: Stop taking metformin from the time of contrast medium administration,• With acute kidney injury: Stop taking metformin from the time of contrast medium administration. Measure eGFR within 48 hours and restart metformin if renal function has not changed significantly,CA-AKI; metformin
BK25-REC-127,BK25,28,28,Recommendations,n area of dietary iodine deficiency. Patients not at risk: • Patients with normal thyroid function. Recommendations • Iodine-based contrast media should not be given to patients with manifest hyperthyroidism. • In p,thyroid
BK25-REC-128,BK25,28,28,Iodine-based contrast media should not be given to patients with manifest hyperthyroidism,"iodine deficiency. Patients not at risk: • Patients with normal thyroid function. Recommendations • Iodine-based contrast media should not be given to patients with manifest hyperthyroidism. • In patients suspected of being at risk of thyrotoxicosis, TSH measurement may be helpful. • In s",thyroid
BK25-REC-129,BK25,28,28,"In selected high-risk patients, prophylactic treatment may be given by an endocrinologist","dism. • In patients suspected of being at risk of thyrotoxicosis, TSH measurement may be helpful. • In selected high-risk patients, prophylactic treatment may be given by an endocrinologist. • Patients at risk should be closely monitored by endocrinologists after iodine-based contrast med",general
BK25-REC-130,BK25,28,28,Patients at risk should be closely monitored by endocrinologists after iodine-based contrast medium injection,"ful. • In selected high-risk patients, prophylactic treatment may be given by an endocrinologist. • Patients at risk should be closely monitored by endocrinologists after iodine-based contrast medium injection.",general
BK25-REC-131,BK25,28,28,intravenous iodine- or gadolinium-based contrast agent: no special preparation is required,Preparation • Before intravenous iodine- or gadolinium-based contrast agent: no special preparation is required. • Before intra-arterial iodine-based contrast medium: α- and β-adrenergic blockade with orally adm,general
BK25-REC-132,BK25,28,28,h orally administered drugs under the supervision of the referring physician is recommended, is required. • Before intra-arterial iodine-based contrast medium: α- and β-adrenergic blockade with orally administered drugs under the supervision of the referring physician is recommended.,general
BK25-REC-133,BK25,30,30,Bone and liver retention do not produce clinical symptoms, Cannot be detected by MRI. • The amounts deposited are very small but greater than in the brain. • Bone and liver retention do not produce clinical symptoms. • Skin deposition has been associated with development of red skin plaques similar to those seen i,general
BK25-REC-134,BK25,30,30,Contraindication,gent related events in critically ill patients and patients with acute coronary disease is limited. Contraindication • Avoid ultrasound contrast agents in the 24 hours before extracorporeal shock wave treatment. Type,ultrasound CA
BK25-REC-135,BK25,30,30,Avoid ultrasound contrast agents in the 24 hours before extracorporeal shock wave treatment," in critically ill patients and patients with acute coronary disease is limited. Contraindication • Avoid ultrasound contrast agents in the 24 hours before extracorporeal shock wave treatment. Type and severity of adverse reactions • Most reactions are minor (e.g. headache, nausea, sensatio",ultrasound CA
BK25-REC-136,BK25,31,31,Miscellaneous recommendations and topics,Miscellaneous recommendations and topics,general
BK25-REC-137,BK25,31,31,"risk of CA-AKI, especially in peripheral arterial disease (PAD) procedures when considering specific contraindications and safety measures and the higher incidence of non-serious adverse events"," a safe alternative to iodine-based contrast media in vascular procedures, potentially reducing the risk of CA-AKI, especially in peripheral arterial disease (PAD) procedures when considering specific contraindications and safety measures and the higher incidence of non-serious adverse events. However, more large-scale RCTs are needed to confirm these findings and further investigate risk f",CA-AKI
BK25-REC-138,BK25,31,31,Caution should be taken when using oil-based contrast media in HSG,"ry effect on the peritoneum than water-based contrast media. The clinical consequences are unknown. Caution should be taken when using oil-based contrast media in HSG. • Subclinical hypothyroidism occurs more often after HSG with oil-based contrast media. Therefore,",HSG; thyroid
BK25-REC-139,BK25,31,31,"Therefore, in every woman receiving oil-based contrast media, thyroid function should be tested before HSG and monitored for 6 months after HSG with oil-based contrast media","dia in HSG. • Subclinical hypothyroidism occurs more often after HSG with oil-based contrast media. Therefore, in every woman receiving oil-based contrast media, thyroid function should be tested before HSG and monitored for 6 months after HSG with oil-based contrast media. • Routine additional neonatal thyroid function tests after HSG are not indicated.",HSG; thyroid
BK25-REC-140,BK25,31,31,"Fasting is not recommended before administration of low- or iso-osmolar non-ionic iodine-based contrast media, gadolinium-based agents or ultrasound contrast agents","s from the time when high- osmolar iodine-based contrast media were used and many patients vomited. Fasting is not recommended before administration of low- or iso-osmolar non-ionic iodine-based contrast media, gadolinium-based agents or ultrasound contrast agents.",ultrasound CA
BK25-REC-141,BK25,32,32,The Summary of Product Characteristics (SPC) or label should be checked to see if the proposed contrast agent use is approved for the particular patient and indication,• Off-label use of diagnostic and therapeutic medication is common. • The Summary of Product Characteristics (SPC) or label should be checked to see if the proposed contrast agent use is approved for the particular patient and indication. • Choose a contrast agent which is approved for the particular patient and indication whenever pos,general
BK25-REC-142,BK25,32,32,"If there is no suitable approved contrast agent, the prescriber must tell the patient about the risks and benefits of off-label contrast agent use and obtain the patient’s informed consent to off-label contrast agent administration","e a contrast agent which is approved for the particular patient and indication whenever possible. • If there is no suitable approved contrast agent, the prescriber must tell the patient about the risks and benefits of off-label contrast agent use and obtain the patient’s informed consent to off-label contrast agent administration.",general
BK25-REC-143,BK25,32,32,Contraindications,Contraindications • Integrity of gut wall compromised: Use iodine-based water- soluble contrast media. In neonates an,general
BK25-REC-144,BK25,32,32,In neonates and patients at risk of leakage into mediastinum and/or lungs use low- or iso-osmolar contrast media,traindications • Integrity of gut wall compromised: Use iodine-based water- soluble contrast media. In neonates and patients at risk of leakage into mediastinum and/or lungs use low- or iso-osmolar contrast media. • Previous allergic reactions to barium products: Use iodine-based water- soluble contrast media a,general
BK25-REC-145,BK25,32,32,eactions to barium products: Use iodine-based water- soluble contrast media and be prepared to treat a reaction, leakage into mediastinum and/or lungs use low- or iso-osmolar contrast media. • Previous allergic reactions to barium products: Use iodine-based water- soluble contrast media and be prepared to treat a reaction. Cautions • Bowel strictures: Use only small amounts. • Extensive colitis: Avoid barium enemas. Com,general
BK25-REC-146,BK25,32,32,Extensive colitis: Avoid barium enemas,t media and be prepared to treat a reaction. Cautions • Bowel strictures: Use only small amounts. • Extensive colitis: Avoid barium enemas. Complications • Reduced bowel motility: Encourage fluid intake. • Venous intravasation: Early iden,general
BK25-REC-147,BK25,33,33,Use low- or iso-osmolar contrast media,To reduce the risk of pulmonary adverse effects • Use low- or iso-osmolar contrast media. • Avoid large doses of contrast media.,general
BK25-REC-148,BK25,33,33,Avoid large doses of contrast media,To reduce the risk of pulmonary adverse effects • Use low- or iso-osmolar contrast media. • Avoid large doses of contrast media.,general
BK25-REC-149,BK25,35,35,"itivity, and to look for cross-reactivity so that a safer contrast agent can be recommended for future injections"," and performing skin testing to categorize the reaction as either allergic or non-allergic hypersensitivity, and to look for cross-reactivity so that a safer contrast agent can be recommended for future injections.",hypersensitivity/management; cross-reactivity
BK25-REC-150,BK25,36,36,"s” to one of the questions, the possibility of performing the procedure will be considered in the Radiology Department and the exam could be postponed awaiting for the results of the allergy consultation or for the evaluation of the Referring Physician or other Specialists","If you selected one of the disease or answered “yes” to one of the questions, the possibility of performing the procedure will be considered in the Radiology Department and the exam could be postponed awaiting for the results of the allergy consultation or for the evaluation of the Referring Physician or other Specialists.",general
BK25-REC-151,BK25,36,36,"Please remember that premedication is not recommended, unless prescribed by the Allergologist","Please remember that premedication is not recommended, unless prescribed by the Allergologist.",premedication
BK25-REC-152,BK25,37,37,swered “yes” to one of the questions remember that serum creatinine measurement must be available within 3 months at the procedure time in risk patients,If you answered “yes” to one of the questions remember that serum creatinine measurement must be available within 3 months at the procedure time in risk patients.,CA-AKI
BK25-REC-153,BK25,37,37,"enous administration of contrast media (CT, contrast enhanced mammography-CESM) are required to contact the Radiology Department where the procedure is planned – as soon as it is scheduled – in order to organize an adequate iv hydration","• Outpatients with eGFR<30 ml/min and scheduled examinations with intravenous administration of contrast media (CT, contrast enhanced mammography-CESM) are required to contact the Radiology Department where the procedure is planned – as soon as it is scheduled – in order to organize an adequate iv hydration. • Patients with eGFR<45 ml/min who should undergo intra-arterial administration need to refer to t",CA-AKI
BK25-REC-154,BK25,37,37,Patients with eGFR<45 ml/min who should undergo intra-arterial administration need to refer to the Radiology Department/Referring Physician,rocedure is planned – as soon as it is scheduled – in order to organize an adequate iv hydration. • Patients with eGFR<45 ml/min who should undergo intra-arterial administration need to refer to the Radiology Department/Referring Physician. • • If METFORMIN is given with eGFR<30 ml/min and an examination with intravenous administration o,CA-AKI; metformin
BK25-REC-155,BK25,37,37,"ministration of contrast medium is scheduled (CT, CESM) the Referring Physician is required to stop metformin at the time of contrast administration","ring Physician. • • If METFORMIN is given with eGFR<30 ml/min and an examination with intravenous administration of contrast medium is scheduled (CT, CESM) the Referring Physician is required to stop metformin at the time of contrast administration; the drug can be resumed 48 hours later if renal function has not changed significantly.",CA-AKI; metformin
BK25-REC-156,BK25,37,37,eukin-2) is not required unless the Nephrologist and/or the Referring Physician considers it is appropriate,"iviral drugs, beta-blockers, biguanides, loop diuretics, non-steroid anti-inflammatory drugs, interleukin-2) is not required unless the Nephrologist and/or the Referring Physician considers it is appropriate.",general
BK25-REC-157,BK25,38,38,General recommendations for scheduled procedures (not in emergency):,General recommendations for scheduled procedures (not in emergency): • Fasting is not required; it could be considered only for some exams (i.e. heart and abdomen studi,general
BK25-REC-158,BK25,38,38,it could be considered only for some exams (i,General recommendations for scheduled procedures (not in emergency): • Fasting is not required; it could be considered only for some exams (i.e. heart and abdomen studies) as clarified in their informative forms; • Continue with the assumpti,general
BK25-REC-159,BK25,39,39,"s” to one of the questions, the possibility of performing the procedure will be considered in the Radiology Department and the exam could be postponed awaiting for the results of the Allergology consultation or for the evaluation of the Referring Physician or other Specialists","activity limitation because of asthma? ☐ YES ☐ NO If you selected one of the disease or answered “yes” to one of the questions, the possibility of performing the procedure will be considered in the Radiology Department and the exam could be postponed awaiting for the results of the Allergology consultation or for the evaluation of the Referring Physician or other Specialists. Please remember that premedication is not recommended, unless prescribed by the Allergologist. Ser",premedication
BK25-REC-160,BK25,39,39,"Please remember that premedication is not recommended, unless prescribed by the Allergologist","the Allergology consultation or for the evaluation of the Referring Physician or other Specialists. Please remember that premedication is not recommended, unless prescribed by the Allergologist. Serum creatinine measurement is no longer required.",CA-AKI; premedication
BK25-REC-161,BK25,40,40,General recommendations for scheduled procedures (not in emergency):,General recommendations for scheduled procedures (not in emergency): • Fasting is not required; it could be considered only for some exams (i.e. heart and abdomen studi,general
BK25-REC-162,BK25,40,40,it could be considered only for some exams (i,General recommendations for scheduled procedures (not in emergency): • Fasting is not required; it could be considered only for some exams (i.e. heart and abdomen studies) as clarified in their informative forms; • Continue with the assumpti,general
BK25-REC-163,BK25,43,43,Reducing the risk of iodine-based and MRI contrast media administration: Recommendation for a questionnaire at the time of booking,"lmén T, Aspelin P, Heinz-Peer G, Jakobsen JÅ, Liss P, Oyen R, Stacul F, Van der Molen AJ, Webb JAW. Reducing the risk of iodine-based and MRI contrast media administration: Recommendation for a questionnaire at the time of booking. Eur J Radiol 2008; 66: 225-229.",questionnaire
P1-REC-001,P1,1,6798,"During treatment, the stability or progression of the reaction should be constantly assessed, assigning a speciﬁc task to each team member","buterol. As these reactions occur infrequently, these situations often create stress and confusion. During treatment, the stability or progression of the reaction should be constantly assessed, assigning a speciﬁc task to each team member. In addition, detailed documentation and correct classiﬁcation of the severity of such reactions wi",documentation
P1-REC-002,P1,1,6798,lar hands-on training for all personnel involved in managing these reactions is mandatory,"the severity of such reactions will help improve the risk management in future imaging studies. Regular hands-on training for all personnel involved in managing these reactions is mandatory. To help, the ESUR Contrast Media Safety Committee has reviewed the literature on hypersensitivity ",hypersensitivity/management
P1-REC-003,P1,1,6798,Findings Clear treatment protocols with cards or ﬂowcharts are mandatory,to prevent further damage to the patient. Guidance on management would help improving preparedness. Findings Clear treatment protocols with cards or ﬂowcharts are mandatory. Intramuscular adrenaline is the most important drug for treatment. Documentation should be agent-s,hypersensitivity/management; documentation
P1-REC-004,P1,1,6798,Documentation should be agent-speciﬁc and standardized,ards or ﬂowcharts are mandatory. Intramuscular adrenaline is the most important drug for treatment. Documentation should be agent-speciﬁc and standardized. Clinical relevance The ESUR Contrast Media Safety Committee has updated its guidance on how to app,hypersensitivity/management; documentation
P1-REC-005,P1,2,6799,- Terminology and classiﬁcation of hypersensitivity dardized risk assessment is mandatory prior to the reactions to contrast media examination,"usion. In Radiology, most of them are mild to moderate, while severe reactions are very rare. A stan- Terminology and classiﬁcation of hypersensitivity dardized risk assessment is mandatory prior to the reactions to contrast media examination. Treatment of a (potentially serious) HR may An adverse drug reaction (ADR) after CM administration",hypersensitivity/management
P1-REC-006,P1,2,6799,"Recommendations on Type to appropriately manage, treat and document IHR and A reactions to CM are available in other CMSC documents"," focus on The purpose of Part 1 of this guideline is to outline how HR, excluding Type A reactions. Recommendations on Type to appropriately manage, treat and document IHR and A reactions to CM are available in other CMSC documents. NIHR to contrast media, and to promote standardized HR are classiﬁed based on timing: IHR occurs w",documentation
P1-REC-007,P1,2,6799,Cross- from those that do not,"learly discriminates reactions that require action was added using multiple non-systematic reviews. Cross- from those that do not. referencing was used when appropriate, and major CM guidelines were added. The literature searches",general
P1-REC-008,P1,4,6801,"Most available data do not clearly Urticaria distinguish between ADR and HR, and are derived from Angioedema non-controlled, retrospective observational studies that lack comparisons with appropriately matched control Classiﬁc","tors. These factors are not yet fully deﬁned and remain a Flush Defecation topic of ongoing debate. Most available data do not clearly Urticaria distinguish between ADR and HR, and are derived from Angioedema non-controlled, retrospective observational studies that lack comparisons with appropriately matched control Classiﬁcation according to the most severe symptom, no symptom is mandatory bpm beats per minute, Hg mercury",general
P1-REC-009,P1,4,6801,"ation according to the most severe symptom, no symptom is mandatory bpm beats per minute, Hg mercury groups","etrospective observational studies that lack comparisons with appropriately matched control Classiﬁcation according to the most severe symptom, no symptom is mandatory bpm beats per minute, Hg mercury groups. Although multiple potential risk factors for HR have been described, it must be emphasized that mo",general
P1-REC-010,P1,4,6801,"Although multiple potential risk factors for HR have been described, it must be emphasized that most patients with these risk factors do not experience any Immediate hypersensitivity reactions (IHR) to reaction upon administration of CM [21]","ording to the most severe symptom, no symptom is mandatory bpm beats per minute, Hg mercury groups. Although multiple potential risk factors for HR have been described, it must be emphasized that most patients with these risk factors do not experience any Immediate hypersensitivity reactions (IHR) to reaction upon administration of CM [21]. contrast media In an overview of risk factors for HR after ICM use Pathophysiology (Online Supplem",hypersensitivity/management
P1-REC-011,P1,5,6802,"e to a lack of well-designed comparative studies, Management of NIHR management recommendations can only be based on There are no comparative study data with a control group results of observational studies and reviews [42–48], and on different management strategies for NIHR to contrast on the","n of reactions are mechanistically unrelated [56]. symptoms needing longer than 24 h [15, 39–41]. Due to a lack of well-designed comparative studies, Management of NIHR management recommendations can only be based on There are no comparative study data with a control group results of observational studies and reviews [42–48], and on different management strategies for NIHR to contrast on the recommendations in other guidelines, such as the media. In many patients, there are non-speciﬁc sym",general
P1-REC-012,P1,5,6802,"recommendations in other guidelines, such as the media","nal studies and reviews [42–48], and on different management strategies for NIHR to contrast on the recommendations in other guidelines, such as the media. In many patients, there are non-speciﬁc symptoms, American College of Radiology Manual on Contrast",general
P1-REC-013,P1,5,6802,"Clinical Immunology (EAACI) Anaphylaxis Guidelines Discrimination should be made between mild-to- 2021 [49], and the Resuscitation Council UK guidelines moderate reactions and the very rare SCAR with danger on anaphylaxis [50] (see Fig","ds [17], the European Association for Allergy and usually self-limiting, and resolve within 1 week. Clinical Immunology (EAACI) Anaphylaxis Guidelines Discrimination should be made between mild-to- 2021 [49], and the Resuscitation Council UK guidelines moderate reactions and the very rare SCAR with danger on anaphylaxis [50] (see Fig. 2). It is important to realize signs, such as acute generalized exanthematous pustulosis that such",hypersensitivity/management
P1-REC-014,P1,7,6804,"Anti- pyretics may be given for fever, and anti-emetics for nausea","in combination with topical corticosteroid creams or foams, can be used to alleviate MPE reactions. Anti- pyretics may be given for fever, and anti-emetics for nausea. Any patient with (suspicion of) a SCAR should be promptly referred to a dermatologist (or drug all",general
P1-REC-015,P1,7,6804,"Any patient with (suspicion of) a SCAR should be promptly referred to a dermatologist (or drug allergy specialist) for diagnosis, treatment, and advice on CM use for future imaging","sed to alleviate MPE reactions. Anti- pyretics may be given for fever, and anti-emetics for nausea. Any patient with (suspicion of) a SCAR should be promptly referred to a dermatologist (or drug allergy specialist) for diagnosis, treatment, and advice on CM use for future imaging.",general
P1-REC-016,P1,7,6804,"NF-κB, nuclear factor guidelines, and most of these recommend an adult dose of kappa-B 0","rst-line drug in severe IHR (anaphylaxis) in most Fig. 4 Effects of H1-antihistamines. Ca, calcium; NF-κB, nuclear factor guidelines, and most of these recommend an adult dose of kappa-B 0.5 mg IM [7, 8, 50, 62]. Because of the diminished fre- quency of IHR and lack of experience in trea",hypersensitivity/management
P1-REC-017,P1,7,6804,"nished fre- quency of IHR and lack of experience in treatment, major guidelines recommend restricting adrenaline administra- basophils secrete various other active mediators that are tion by non-experienced users to IM administration",", and most of these recommend an adult dose of kappa-B 0.5 mg IM [7, 8, 50, 62]. Because of the diminished fre- quency of IHR and lack of experience in treatment, major guidelines recommend restricting adrenaline administra- basophils secrete various other active mediators that are tion by non-experienced users to IM administration. not blocked. H1-antihistamines can reduce mast cell Instead of adrenaline 1 mg/mL for IM administr",hypersensitivity/management
P1-REC-018,P1,8,6805,Table 3 Recommendations of the ESUR Contrast Media Safety Committee (based on the reaction severity classiﬁcation of the ACR),Table 3 Recommendations of the ESUR Contrast Media Safety Committee (based on the reaction severity classiﬁcation of the ACR),general
P1-REC-019,P1,8,6805,"Be prepared to treat acute adverse reactions: be knowledgeable about the risks and potential reactions, and participate regularly in continuous medical education","Immediate/acute hypersensitivity reactions in adults What to do before the examination: • Be prepared to treat acute adverse reactions: be knowledgeable about the risks and potential reactions, and participate regularly in continuous medical education. • Know your patient and evaluate the risk/beneﬁt ratio and consider imaging alternatives. • If the",hypersensitivity/management
P1-REC-020,P1,8,6805,Know your patient and evaluate the risk/beneﬁt ratio and consider imaging alternatives,"out the risks and potential reactions, and participate regularly in continuous medical education. • Know your patient and evaluate the risk/beneﬁt ratio and consider imaging alternatives. • If the patient has experienced a previous hypersensitivity reaction, identify the speciﬁc agent ",hypersensitivity/management
P1-REC-021,P1,8,6805,"the speciﬁc agent that elicited the previous reaction, and if the injection is mandatory, choose an alternative contrast agent (see further in Part 2)","aging alternatives. • If the patient has experienced a previous hypersensitivity reaction, identify the speciﬁc agent that elicited the previous reaction, and if the injection is mandatory, choose an alternative contrast agent (see further in Part 2). • Schedule the patient during daytime hours, when most personnel are present, preferably in a hosp",hypersensitivity/management
P1-REC-022,P1,8,6805,"Schedule the patient during daytime hours, when most personnel are present, preferably in a hospital-based CT or MRI facility"," and if the injection is mandatory, choose an alternative contrast agent (see further in Part 2). • Schedule the patient during daytime hours, when most personnel are present, preferably in a hospital-based CT or MRI facility. • A regularly maintained resuscitation trolley should be available in the department. • The follow",general
P1-REC-023,P1,8,6805,A regularly maintained resuscitation trolley should be available in the department,"aytime hours, when most personnel are present, preferably in a hospital-based CT or MRI facility. • A regularly maintained resuscitation trolley should be available in the department. • The following ﬁrst-line emergency equipment and medications should be available in the examinati",general
P1-REC-024,P1,8,6805,The following ﬁrst-line emergency equipment and medications should be available in the examination room: Oxygen IV ﬂuids: normal saline or Ringer lactate (stock at least 2L) Sphygmomanometer One-way mouth rebreather apparatus Adrenaline 1 mg/mL (1:1000) H1-Antihista,I facility. • A regularly maintained resuscitation trolley should be available in the department. • The following ﬁrst-line emergency equipment and medications should be available in the examination room: Oxygen IV ﬂuids: normal saline or Ringer lactate (stock at least 2L) Sphygmomanometer One-way mouth rebreather apparatus Adrenaline 1 mg/mL (1:1000) H1-Antihistamine suitable for injection Atropine Short-acting β2-agonist metered dose inhaler or nebulizer Anti-,hypersensitivity/management; pregnancy/lactation
P1-REC-025,P1,8,6805,Emergency numbers for the hospital resuscitation team should be in the examination room,opine Short-acting β2-agonist metered dose inhaler or nebulizer Anti-convulsive drugs (midazolam) • Emergency numbers for the hospital resuscitation team should be in the examination room. • Adhere to local protocols for accessibility of a resuscitation and emergency response team. • Eq,general
P1-REC-026,P1,8,6805,Equipment for collecting blood for tryptase measurement should be readily available (see Part 2),"om. • Adhere to local protocols for accessibility of a resuscitation and emergency response team. • Equipment for collecting blood for tryptase measurement should be readily available (see Part 2). Note: In patients that are premedicated with beta-blockers (cardiac imaging), adrenaline may not b",hypersensitivity/management; premedication
P1-REC-027,P1,8,6805,"Observe closely for mucosal edema of the nose, mouth, throat, or larynx"," during the examination: • Monitor the patient closely and judge for progression of the reaction. • Observe closely for mucosal edema of the nose, mouth, throat, or larynx. • If there is an increased risk of an adverse reaction, a venous access should be kept in place. •",general
P1-REC-028,P1,8,6805,"If there is an increased risk of an adverse reaction, a venous access should be kept in place","ssion of the reaction. • Observe closely for mucosal edema of the nose, mouth, throat, or larynx. • If there is an increased risk of an adverse reaction, a venous access should be kept in place. • In case of symptoms, check heart rate, arterial blood pressure, and consciousness. • If marked b",general
P1-REC-029,P1,8,6805,"If marked bradycardia is present, consider treatment of a vasovagal reaction (atropine)","pt in place. • In case of symptoms, check heart rate, arterial blood pressure, and consciousness. • If marked bradycardia is present, consider treatment of a vasovagal reaction (atropine). • Be aware that a patient with impaired vision or hearing, neurological disease, psychiatric illne",general
P1-REC-030,P1,8,6805,"Consider measuring serum tryptase, ideally 1–2 h after start of the reaction","ea or stridor: let the patient sit up. • Hypotension: keep patient in prone position, raise legs. • Consider measuring serum tryptase, ideally 1–2 h after start of the reaction. • Record acute allergic reactions and the culprit contrast medium in the allergy registry of the e",general
P1-REC-031,P1,8,6805,Call the CPR team,Severe reactions (anaphylaxis): Cardiac or respiratory arrest: • Call the CPR team. • Start CPR. Anaphylactic reaction or stridor: • Call the rapid response team. • Give oxygen 10 to,hypersensitivity/management
P1-REC-032,P1,8,6805,Give oxygen 10 to 15 L/min with non-rebreathing mask,"Call the CPR team. • Start CPR. Anaphylactic reaction or stridor: • Call the rapid response team. • Give oxygen 10 to 15 L/min with non-rebreathing mask. • Give 0.5 mg adrenaline IM in the lateral upper thigh, repeat as necessary, guided by heart rate.",hypersensitivity/management
P1-REC-033,P1,9,6806,"Consider adding corticosteroid (for example, prednisolone 50 mg IV*)","line solution) up to 1 h. • Give chlorphenamine 20 mg or clemastine 2 mg IV, repeat as necessary. • Consider adding corticosteroid (for example, prednisolone 50 mg IV*). Note: Adding corticosteroids may be beneﬁcial to prevent protracted or biphasic anaphylactic react",general
P1-REC-034,P1,9,6806,Moderate reactions: Consider transferring the patient to a department with facilities for monitoring vital functions,Moderate reactions: Consider transferring the patient to a department with facilities for monitoring vital functions. Mild bronchospasm: • Short-acting β2-agonist: 2–4 inhalations of 100 µg of salbutamol via inhalati,NSF/GBCA risk
P1-REC-035,P1,9,6806,5 mg IM and consider consulting the rapid response team," 3 mL of saline solution) until clinical improvement. • In case of deterioration, give adrenaline 0.5 mg IM and consider consulting the rapid response team. • When bronchospasm increases in severity, consider repeating adrenaline 0.5 mg IM, guided by hear",hypersensitivity/management
P1-REC-036,P1,9,6806,"When bronchospasm increases in severity, consider repeating adrenaline 0","case of deterioration, give adrenaline 0.5 mg IM and consider consulting the rapid response team. • When bronchospasm increases in severity, consider repeating adrenaline 0.5 mg IM, guided by heart rate. Facial edema without stridor: • Give oxygen 10 to 15 L/min via a non",hypersensitivity/management
P1-REC-037,P1,9,6806,Give oxygen 10 to 15 L/min via a non-rebreathing mask,"ity, consider repeating adrenaline 0.5 mg IM, guided by heart rate. Facial edema without stridor: • Give oxygen 10 to 15 L/min via a non-rebreathing mask. • Give chlorphenamine 20 mg or clemastine 2 mg IV. • If edema is severe, near airways, or if strid",hypersensitivity/management
P1-REC-038,P1,9,6806,Do not remove IV access during observation,"eneral: • Mild reactions may only need reassurance. • Observe vital signs until symptoms resolve. • Do not remove IV access during observation. Consider: • Prescribing a nonsedating antihistamine, for example, desloratadine 5 mg PO or cetiriz",general
P1-REC-039,P1,9,6806,Patient experiencing a non-life-threatening reaction should be observed for 4–6 h after successful treatment and discharged,"ep him under surveillance until every symptom has disappeared (minimum 30 min, usually < 60 min). • Patient experiencing a non-life-threatening reaction should be observed for 4–6 h after successful treatment and discharged. • Patient experiencing a life-threatening reaction should be admitted and observed. • Order serum ",general
P1-REC-040,P1,9,6806,Patient experiencing a life-threatening reaction should be admitted and observed,life-threatening reaction should be observed for 4–6 h after successful treatment and discharged. • Patient experiencing a life-threatening reaction should be admitted and observed. • Order serum tryptase within 1–4 h (see Part 2).,general
P1-REC-041,P1,9,6806,"Non-immediate/delayed hypersensitivity reactions in adults Warn patients who have had a previous non-immediate hypersensitivity reaction to contrast media that a repeat non-immediate hypersensitivity reaction may be possible, usually a skin reaction","Non-immediate/delayed hypersensitivity reactions in adults Warn patients who have had a previous non-immediate hypersensitivity reaction to contrast media that a repeat non-immediate hypersensitivity reaction may be possible, usually a skin reaction. Patients should contact their general practitioner if they have a non-immediate hypersensitivity r",hypersensitivity/management
P1-REC-042,P1,9,6806,Patients should contact their general practitioner if they have a non-immediate hypersensitivity reaction after contrast media administration,"dia that a repeat non-immediate hypersensitivity reaction may be possible, usually a skin reaction. Patients should contact their general practitioner if they have a non-immediate hypersensitivity reaction after contrast media administration. Consider informing the radiology department where the contrast medium was administered about the o",hypersensitivity/management
P1-REC-043,P1,9,6806,Consider informing the radiology department where the contrast medium was administered about the occurrence and symptoms of a non-immediate hypersensitivity reaction after contrast media administration,"itioner if they have a non-immediate hypersensitivity reaction after contrast media administration. Consider informing the radiology department where the contrast medium was administered about the occurrence and symptoms of a non-immediate hypersensitivity reaction after contrast media administration. When the symptoms of a non-immediate hypersensitivity reaction are mild, a wait-and-see approach c",hypersensitivity/management
P1-REC-044,P1,9,6806,Treat non-immediate hypersensitivity reactions symptomatically,"oms of a non-immediate hypersensitivity reaction are mild, a wait-and-see approach can be justiﬁed. Treat non-immediate hypersensitivity reactions symptomatically. Consider the treatment of skin reactions with oral or topical corticosteroids.",hypersensitivity/management
P1-REC-045,P1,9,6806,Consider the treatment of skin reactions with oral or topical corticosteroids,t-and-see approach can be justiﬁed. Treat non-immediate hypersensitivity reactions symptomatically. Consider the treatment of skin reactions with oral or topical corticosteroids.,hypersensitivity/management
P1-REC-046,P1,10,6807,the physician responsible for its administration or the drug allergy specialist should report all details of such a reaction to the Marketing Authorization Holder and/or the National Pharmacovigilance Authority," and advice to see a drug allergy specialist If a HR to a contrast medium is serious or unexpected, the physician responsible for its administration or the drug allergy specialist should report all details of such a reaction to the Marketing Authorization Holder and/or the National Pharmacovigilance Authority. ACR American College of Radiology, ESUR European Society of Urogenital Radiology, CNS central nerv",general
P1-REC-047,P1,10,6807,It can effectively It is highly recommended that the physician responsible decrease dyspnoea and wheezing from allergic bronch- for the administration of the CM or the drug allergy ospasm and reduce histamine release in the lung,bronchodilator but also a systemic effect. It can effectively It is highly recommended that the physician responsible decrease dyspnoea and wheezing from allergic bronch- for the administration of the CM or the drug allergy ospasm and reduce histamine release in the lung. The specialist ensures that the allergy is accurately docu- administration may be easier using neb,general
P1-REC-048,P1,10,6807,allergy is accurately docu- administration may be easier using nebulization to avoid mented in the EHR (Table 3): stress for the patient who should inhale deeply,"r the drug allergy ospasm and reduce histamine release in the lung. The specialist ensures that the allergy is accurately docu- administration may be easier using nebulization to avoid mented in the EHR (Table 3): stress for the patient who should inhale deeply. ● The location, date, and time of CM administration. Corticosteroids have various effects on the i",general
P1-REC-049,P1,10,6807,The radiologist should describe in detail the clinical Documentation of hypersensitivity reactions to process and how the HR evolves (see also Tables 1 and 2),a drug effect of corticosteroids on biphasic anaphylaxis is allergy specialist. controversial [67]. The radiologist should describe in detail the clinical Documentation of hypersensitivity reactions to process and how the HR evolves (see also Tables 1 and 2). contrast media It is essential that this reporting should be based on the As the allergic evaluati,hypersensitivity/management; documentation
P1-REC-050,P1,10,6807,contrast media It is essential that this reporting should be based on the As the allergic evaluation by a drug allergy specialist is name of the speciﬁc or culprit contrast agent (both IV becoming more important in the prevention of recurrent and/or oral) a,"entation of hypersensitivity reactions to process and how the HR evolves (see also Tables 1 and 2). contrast media It is essential that this reporting should be based on the As the allergic evaluation by a drug allergy specialist is name of the speciﬁc or culprit contrast agent (both IV becoming more important in the prevention of recurrent and/or oral) and be done by radiologists or drug allergy HR, accurate agent-speciﬁc documentation is more speciali",hypersensitivity/management; documentation
P1-REC-051,P1,10,6807,drug Documentation in the electronic health record (EHR) is allergy specialist should report all details of such a reac- far from standardized and is often done by physicians tion to the Marketing Authorization Holder and/or the without any experience in the administration of National,lergologist is provided in Online Supplement 4. physician responsible for its administration or the drug Documentation in the electronic health record (EHR) is allergy specialist should report all details of such a reac- far from standardized and is often done by physicians tion to the Marketing Authorization Holder and/or the without any experience in the administration of National Pharmacovigilance Authority. contrast media [68–70]. Recommendations for improved Appropriate patie,documentation
P1-REC-052,P1,10,6807,"Recommendations for improved Appropriate patient information leaﬂets on the various documentation have recently been published [71, 72]","y experience in the administration of National Pharmacovigilance Authority. contrast media [68–70]. Recommendations for improved Appropriate patient information leaﬂets on the various documentation have recently been published [71, 72]. radiological examinations with contrast medium",documentation
P1-REC-053,P1,11,6808,administration should be available,"administration should be available. In these leaﬂets, the CM Contrast medium/media possibility of occurrence of a NIHR should be menti",general
P1-REC-054,P1,11,6808,"these leaﬂets, the CM Contrast medium/media possibility of occurrence of a NIHR should be mentioned, CMSC ESUR Contrast Media Safety Committee EHR Electronic health record and detailed patient instructions should be given","administration should be available. In these leaﬂets, the CM Contrast medium/media possibility of occurrence of a NIHR should be mentioned, CMSC ESUR Contrast Media Safety Committee EHR Electronic health record and detailed patient instructions should be given. ESUR European Society of Urogenital Radiology GBCA Gadolinium-based contrast agent/agents Training",general
P1-REC-055,P1,11,6808,"It is Compliance with ethical standards therefore important for personnel to be prepared for any Guarantor adverse reaction, to have access to clear treatment The scientiﬁc guarantor of this publication is Dr Aart J","there may be insufﬁcient time or opportunity to study the treatment protocols and medication doses. It is Compliance with ethical standards therefore important for personnel to be prepared for any Guarantor adverse reaction, to have access to clear treatment The scientiﬁc guarantor of this publication is Dr Aart J. van der Molen. guidelines and cards/ﬂowcharts, and to have a rapid response team in case of an eme",general
P1-REC-056,P1,11,6808,": Bracco Imaging, Guerbet, Bayer and medications should always be readily available","ollowing checked resuscitation trolley with emergency equipment companies: A.J.v.d.M.: Guerbet. O.C.: Bracco Imaging, Guerbet, Bayer and medications should always be readily available. Healthcare. J.M.C.: Bracco Imaging, Guerbet. C.C.Q.: Bracco Imaging, Guerbet, Therefore, personnel",general
P1-REC-057,P1,11,6808,e and participate in all scientiﬁc discussions but are not involved in the ﬁnal recommendations,et are tures or computer-based e-learning [75–77]. consultants to the Contrast Media Safety Committee and participate in all scientiﬁc discussions but are not involved in the ﬁnal recommendations.,general
P1-REC-058,P1,11,6808,raining for all per- Methodology sonnel involved in managing these reactions is mandatory,"plicable. reactions by personnel with experience in handling con- trast media and regular hands-on training for all per- Methodology sonnel involved in managing these reactions is mandatory. ● Retrospective literature analysis The CMSC recommendations for the management of IHR and NIHR, u",general
P1-REC-059,P1,11,6808,"● Retrospective literature analysis The CMSC recommendations for the management of IHR and NIHR, using the ACR classiﬁcation [2], are sum- Author details 1 marized in Fig","ands-on training for all per- Methodology sonnel involved in managing these reactions is mandatory. ● Retrospective literature analysis The CMSC recommendations for the management of IHR and NIHR, using the ACR classiﬁcation [2], are sum- Author details 1 marized in Fig. 2 and Table 3. For prevention of recurrent Department of Radiology, Leiden University Medical Cent",general
P1-REC-060,P1,12,6809,"Dellis P, Pirson F (2022) Isn’t it time to consider oncological status as a 6","tors. Eur Ann Allergy Clin Immunol 54:60–67 Immunol. https://doi.org/10.1016/j.jaci.2025.01.021 29. Dellis P, Pirson F (2022) Isn’t it time to consider oncological status as a 6. Fineman SM (2014) Optimal treatment of anaphylaxis: antihistamines new risk factor of iodinated co",hypersensitivity/management
P1-REC-061,P1,13,6810,"Böhm IB, van der Molen AJ (2020) Recommendations for standardized 49","ction readiness for your depart- 16:1027–1035 ment or facility. Radiol Clin North Am 58:841–850 71. Böhm IB, van der Molen AJ (2020) Recommendations for standardized 49. Muraro A, Worm M, Alviani C et al (2022) EAACI guidelines: anaphylaxis documentation of contrast m",hypersensitivity/management; documentation
P1-REC-062,P1,13,6810,Eur J Radiol 187:112114 to X-ray contrast media: mechanistic considerations,"itivity 51. Christiansen C, Pichler WJ, Skotland T (2000) Delayed allergy-like reactions reactions. Eur J Radiol 187:112114 to X-ray contrast media: mechanistic considerations. Eur Radiol 73. Wang CL, Davenport MS, Chinnugounder S et al (2014) Errors of epi- 10:1965–1975 nep",appendix/references
P1-REC-063,P1,13,6810,"Segal AJ, Bush WH Jr (2011) Avoidable errors in dealing with anaphy- 53","ast agents and dyes. Ann Allergy Asthma testing. Abdom Imaging 39:1127–1133 Immunol 124:156–164 74. Segal AJ, Bush WH Jr (2011) Avoidable errors in dealing with anaphy- 53. Keller M, Lerch M, Britschi M et al (2009) Processing-dependent and lactoid reactions to contrast ",general
P2-REC-001,P2,1,6811,"After any moderate or severe immediate adverse reaction, serum tryptase must be measured within 1234567890():,","re mild or moderate, while severe reactions are rare (less than 1 in every 10,000 administrations). After any moderate or severe immediate adverse reaction, serum tryptase must be measured within 1234567890():,; 1234567890():,; 1234567890():,; 1234567890():,;",general
P2-REC-002,P2,1,6811,"At least for all moderate-to-severe hypersensitivity reactions, the patient should be referred to a drug allergy specialist for an allergy evaluation with a panel of contrast media, and optionally, all hypersensitivity reactions when local drug allergy specialist capacity allows","f symptoms and at least 24 h after symptoms have disappeared to conﬁrm a hypersensitivity reaction. At least for all moderate-to-severe hypersensitivity reactions, the patient should be referred to a drug allergy specialist for an allergy evaluation with a panel of contrast media, and optionally, all hypersensitivity reactions when local drug allergy specialist capacity allows. Selecting an alternative contrast medium based on practical experience is challenging due to its h",hypersensitivity/management
P2-REC-003,P2,1,6811,"erienced a hypersensitivity reaction to contrast media? Findings Serum tryptase should be measured within 1–4 h after a moderate or severe reaction, and at least all moderate or severe hypersensitivity reactions should be referred to an allergologist","gy in clinical practice to prevent recurrent hypersensitivity reactions in adults who previously experienced a hypersensitivity reaction to contrast media? Findings Serum tryptase should be measured within 1–4 h after a moderate or severe reaction, and at least all moderate or severe hypersensitivity reactions should be referred to an allergologist. Clinical relevance Management strategies should be adapted to the type and severity of the reactio",hypersensitivity/management
P2-REC-004,P2,1,6811,"Clinical relevance Management strategies should be adapted to the type and severity of the reaction, as well as the urgency of required re-administration"," at least all moderate or severe hypersensitivity reactions should be referred to an allergologist. Clinical relevance Management strategies should be adapted to the type and severity of the reaction, as well as the urgency of required re-administration. Changing from the culprit contrast agent to another molecule with differing side- chains is more e",hypersensitivity/management
P2-REC-005,P2,2,6812,"p, lished symptoms of an HR, according to the description and the existing data do not differ signiﬁcantly from those included in Part I of this update [1], based on the obtained in adults","contrast-enhanced examination, with estab- there is very limited information available for this group, lished symptoms of an HR, according to the description and the existing data do not differ signiﬁcantly from those included in Part I of this update [1], based on the obtained in adults. For this reason, decisions for children American College of Radiology (ACR) Manual on Con- are gen",paediatric
P2-REC-006,P2,2,6812,"Unfortunately, the details of pre- mendation to avoid the use of parenteral corticosteroids vious HR are frequently unavailable or inadequately whenever possible, but for certain indications, higher CM documented","iority to identify the adults, with weight-based dose adjustments and a recom- speciﬁc CM involved. Unfortunately, the details of pre- mendation to avoid the use of parenteral corticosteroids vious HR are frequently unavailable or inadequately whenever possible, but for certain indications, higher CM documented. Therefore, it is recommended to implement doses per kg body weight and higher injection rates may ",documentation
P2-REC-007,P2,2,6812,"Therefore, it is recommended to implement doses per kg body weight and higher injection rates may be a questionnaire to ensure that, among other possible risk used","y unavailable or inadequately whenever possible, but for certain indications, higher CM documented. Therefore, it is recommended to implement doses per kg body weight and higher injection rates may be a questionnaire to ensure that, among other possible risk used. Cross-referencing was used when appropriate (see factors, information about previous adverse react",documentation; questionnaire
P2-REC-008,P2,2,6812,"This extensive literature effective [9] and have considerably improved the pre- review provided the base for the consecutive guideline vention of recurrent HR to CM, allowing for selection of development process following the CMSC Working Rules safe alterna","enced authors and recently allergy assessments have shown to be cost- (A.J.v.d.M., A.A.J.M.v.d.V.). This extensive literature effective [9] and have considerably improved the pre- review provided the base for the consecutive guideline vention of recurrent HR to CM, allowing for selection of development process following the CMSC Working Rules safe alternative CM for follow-up imaging [10, 11]. (www.esur.org). The concept guideline was discussed and The ",general
P2-REC-009,P2,2,6812,"Given the considerable variation in the availability of In vitro tests for the diagnosis of hypersensitivity allergologists across Europe [12], as well as differences in reactions to contrast media the types of CM used","travascular administration of CM, (Portugal). who is scheduled for a contrast-enhanced examination. Given the considerable variation in the availability of In vitro tests for the diagnosis of hypersensitivity allergologists across Europe [12], as well as differences in reactions to contrast media the types of CM used, these recommendations aim to Immediate or acute hypersensitivity reactions (IHR) establish a frame",hypersensitivity/management
P2-REC-010,P2,2,6812,", these recommendations aim to Immediate or acute hypersensitivity reactions (IHR) establish a framework for local protocols tailored to the Tryptase speciﬁc circumstances of each institution","gists across Europe [12], as well as differences in reactions to contrast media the types of CM used, these recommendations aim to Immediate or acute hypersensitivity reactions (IHR) establish a framework for local protocols tailored to the Tryptase speciﬁc circumstances of each institution. Histamine and tryptase are both biomarkers to conﬁrm The following aspects will be covered: In vit",hypersensitivity/management
P2-REC-011,P2,2,6812,” Search criteria for three samples should be obtained: the ﬁrst as early as,"ally if a transient increase can be detected [11]. Ideally, transformation test” and “in vitro test.” Search criteria for three samples should be obtained: the ﬁrst as early as",NSF/GBCA risk
P2-REC-012,P2,3,6813,", mastocytosis or hereditary CM for imaging, one with negative ST results should be alpha-tryptasemia) and acute mast cell degranulation preferentially used [11, 31, 40, 41]","stitutively [21, 29, 36–39]. Therefore, when selecting an alternative increased tryptase level (e.g., mastocytosis or hereditary CM for imaging, one with negative ST results should be alpha-tryptasemia) and acute mast cell degranulation preferentially used [11, 31, 40, 41]. (tryptase levels signiﬁcantly increased compared to base- All ST for the evaluation of HR to CM sh",general
P2-REC-013,P2,3,6813,signiﬁcantly increased compared to base- All ST for the evaluation of HR to CM should adhere to line),"yptasemia) and acute mast cell degranulation preferentially used [11, 31, 40, 41]. (tryptase levels signiﬁcantly increased compared to base- All ST for the evaluation of HR to CM should adhere to line). An acute-over-baseline elevation of tryptase levels of EAACI standards [10, 27, 41, 42] and have b",general
P2-REC-014,P2,3,6813,"ST should include the broadest within 4 h after symptoms is suggestive of an IHR possible panel of ICM or GBCA, including the culprit [11, 18, 19]","e been shown to at least 2 ng/mL + (1.2 × baseline tryptase level) during or be cost-effective [9]. ST should include the broadest within 4 h after symptoms is suggestive of an IHR possible panel of ICM or GBCA, including the culprit [11, 18, 19]. CM, if known. The sensitivity of ST is highest when performed within 2–6 months of the reaction, b",general
P2-REC-015,P2,3,6813,"ST should begin with based cellular assay that measures the upregulation of SPT using undiluted CM and, if negative, proceed with basophil activation markers following allergen stimulation IDT using 1:10 dilut"," month or The basophil activation test (BAT) is a ﬂow-cytometry- beyond 12 months of reaction [11]. ST should begin with based cellular assay that measures the upregulation of SPT using undiluted CM and, if negative, proceed with basophil activation markers following allergen stimulation IDT using 1:10 dilution [30, 43–45]. [20]. BAT is valuable in diagnosing IHR to CM, especially For NIHR, delayed IDT rea",general
P2-REC-016,P2,3,6813,"For severe cutaneous adverse reac- contraindicated and showing good correlation with ST tions (SCAR), testing should be delayed for > 6 months, and DPT results [21, 22]"," the most sensitive in cases involving severe reactions or when ST or DPT are diagnostic tool [46]. For severe cutaneous adverse reac- contraindicated and showing good correlation with ST tions (SCAR), testing should be delayed for > 6 months, and DPT results [21, 22]. Its speciﬁcity exceeds 90%, but with patch test (PT) preferred over SPT and IDT since it its sensi",general
P2-REC-017,P2,3,6813,"f a CM in an HR and to conﬁrm the tol- The lymphocyte transformation test (LTT) should not be erance of an alternative CM, especially when safe alter- performed in the acute stage of NIHR, but 4–8 weeks natives cannot be identiﬁed using ST or BAT [47]"," for selected patients. DPT can be useful to verify the Lymphocyte transformation test involvement of a CM in an HR and to conﬁrm the tol- The lymphocyte transformation test (LTT) should not be erance of an alternative CM, especially when safe alter- performed in the acute stage of NIHR, but 4–8 weeks natives cannot be identiﬁed using ST or BAT [47]. Only after remission [26, 27]. LTT may be recommended as an CM with negative ST results should be ",NSF/GBCA risk
P2-REC-018,P2,3,6813,LTT may be recommended as an CM with negative ST results should be administered,"IHR, but 4–8 weeks natives cannot be identiﬁed using ST or BAT [47]. Only after remission [26, 27]. LTT may be recommended as an CM with negative ST results should be administered. additional diagnostic tool in selected cases when ST is Recently, several European groups have pub",general
P2-REC-019,P2,3,6813,"selected cases when ST is Recently, several European groups have published pro- contraindicated","recommended as an CM with negative ST results should be administered. additional diagnostic tool in selected cases when ST is Recently, several European groups have published pro- contraindicated. High doses of corticosteroids and other mising results on the utility and safety of different DPT ",general
P2-REC-020,P2,3,6813,"on of CM with high ﬂow rates has been reported, LTT is not widely available and should only be performed closely resembling its administration in imaging with ICM in experienced centers [11]"," A protocol for the rapid admin- results. Its negative predictive value for NIHR is unknown. istration of CM with high ﬂow rates has been reported, LTT is not widely available and should only be performed closely resembling its administration in imaging with ICM in experienced centers [11]. and GBCA [51, 52]. This approach may provide a better assessment of In vivo tests for the diagnosi",general
P2-REC-021,P2,4,6814,Consider an alternave imaging modality,Consider an alternave imaging modality,general
P2-REC-022,P2,4,6814,advice of allergist for nearby nearby safe ICM or GBCA When CM is administered: Consider premedicaon # Choose a diﬀerent observe paent at least Culprit CM Culprit CM CM* 30min and be prepared & known unknown Postpone exam to wait for Culprit CM Culprit CM vigilant for recurring IHR res, of allergy analysis ER physician nearby$ resuscitaon) team member resuscitaon) team member Apply advice of allergist for nearby nearby safe ICM or GBCA When CM is administered: Consider premedicaon # Choose a diﬀerent observe paent at least Culprit CM Culprit CM CM* 30min and be prepared & known unknown Postpone exam to wait for Culprit CM Culprit CM vigilant for recurring IHR results of allergy analysis known unknown Apply advice of allergist for Choose a safe ICM or GBCA diﬀer,premedication
P2-REC-023,P2,4,6814,d: CM* observe paent at least 30min diﬀerent observe paent at least 30min and be prepared & vigilant and be prepared & vigilant for CM* for recurring IHR recurring IHR When CM is administered: When CM is administered: observe paent at least observe paent at least 30min 30min and be prep,gist for Choose a safe ICM or GBCA diﬀerent When CM is administered: Choose a When CM is administered: CM* observe paent at least 30min diﬀerent observe paent at least 30min and be prepared & vigilant and be prepared & vigilant for CM* for recurring IHR recurring IHR When CM is administered: When CM is administered: observe paent at least observe paent at least 30min 30min and be prepared & and be prepared & vigilant vigilant for recurring IHR for recurring IHR,general
P2-REC-024,P2,4,6814,ared & and be prepared & vigilant vigilant for recurring IHR for recurring IHR,ed: When CM is administered: observe paent at least observe paent at least 30min 30min and be prepared & and be prepared & vigilant vigilant for recurring IHR for recurring IHR,general
P2-REC-025,P2,4,6814,"If IHR recurs, referral to a drug allergy specialist is mandatory","If IHR recurs, referral to a drug allergy specialist is mandatory",general
P2-REC-026,P2,4,6814,* Consider cross-reacvity of all ICM or GBCA $ Physician who followed training in treatment of hypersensivity reacons (see Part 1) # Conform EAACI guidelines,* Consider cross-reacvity of all ICM or GBCA $ Physician who followed training in treatment of hypersensivity reacons (see Part 1) # Conform EAACI guidelines,general
P2-REC-027,P2,4,6814,"m- of recurrent HR compared to those who received the same ination without a CM should be considered, but only if the ICM with corticosteroid premedication (same ICM and diagnostic yield is sufﬁcient for correct patient management"," different ICM had a signiﬁcantly lower rate class (e.g., GBCA instead of ICM) or performing the exam- of recurrent HR compared to those who received the same ination without a CM should be considered, but only if the ICM with corticosteroid premedication (same ICM and diagnostic yield is sufﬁcient for correct patient management. steroid premedication: 80 of 423 examinations (19%); dif- The decision to omit a CM is more compel",premedication
P2-REC-028,P2,4,6814,"ferent ICM and no steroid premedication: 10 of 322 was severe, but the patient should never be denied a well- examinations (3%)","cation: 80 of 423 examinations (19%); dif- The decision to omit a CM is more compelling when the HR ferent ICM and no steroid premedication: 10 of 322 was severe, but the patient should never be denied a well- examinations (3%); odds ratio (OR), 0.14 [95% conﬁdence indicated examination if a diagnostic alternative is not inte",premedication
P2-REC-029,P2,4,6814,Corticosteroid pre- communication with the referring specialist is recommended,"rt alternative imaging modality is less pertinent. In all cases, corticosteroid premedication [60]. Corticosteroid pre- communication with the referring specialist is recommended. medication can transiently elevate blood glucose [61] and may also be associated with prolonged ho",premedication
P2-REC-030,P2,5,6815,"tamine is higher than the afﬁnity of antihistamines to EAACI guideline does not recommend premedication H1-receptors, which may partly explain this effect [74]","ds [5, 71–73]. It is known that the afﬁnity of medication is lower in NIHR [11, 63, 68], and the histamine is higher than the afﬁnity of antihistamines to EAACI guideline does not recommend premedication H1-receptors, which may partly explain this effect [74]. for NIHR [11]. In summary, there is no evidence that premedication The evidence regarding the efﬁc",hypersensitivity/management; premedication
P2-REC-031,P2,5,6815,"Premedication may decrease the ing, and premedication is not recommended for previous incidence of HR, mainly by reducing the number of mild NIHR","ly heterogeneous previous mild to moderate IHR remains weak and conﬂict- and of low quality [4, 5]. Premedication may decrease the ing, and premedication is not recommended for previous incidence of HR, mainly by reducing the number of mild NIHR. Therefore, the CMSC, along with other major inter- reactions and thus the overall number of HR [67",premedication
P2-REC-032,P2,5,6815,"a severe HR, as recommended by the EAACI [11] (Fig 1)","tions where an unidentiﬁed culprit CM led to medication with H1-antihistamines and corticosteroids. a severe HR, as recommended by the EAACI [11] (Fig 1). These regimens are frequently stratiﬁed according to the severity of the previous HR, with H1-anti",hypersensitivity/management
P2-REC-033,P2,6,6816,"644, although it is generally considered to be located in the p = 0"," that acts as an epitope has not been identiﬁed, changed to another one (OR: 0.329; 95% CI, 0.168–0.644, although it is generally considered to be located in the p = 0.001), while steroid premedication did not signiﬁcantly carbamoyl sidechain [82]. It is also possibl",premedication
P2-REC-034,P2,7,6817,r empiric change advice When the involved GBCA is unknown It is not possible to recommend a regimen with certainty," Group B GBCA is from Group B Alternative GBCA from Group A GBCA is from Group C Insufﬁcient data for empiric change advice When the involved GBCA is unknown It is not possible to recommend a regimen with certainty. Due to the probability of involvement, using a GBCA different from the one routinely administered ",general
P2-REC-035,P2,7,6817,"ur after evaluation administration of alternative ICM with negative ST The CMSC recommends referring at least all patients who [39, 50, 86]","anging contrast media guided by a prior allergy the culprit ST remains negative, as HR may still recur after evaluation administration of alternative ICM with negative ST The CMSC recommends referring at least all patients who [39, 50, 86]. DPT should then be considered [11, 47, 50]. experienced moderate or severe HR to the allergologist",general
P2-REC-036,P2,7,6817,"DPT should then be considered [11, 47, 50]","ernative ICM with negative ST The CMSC recommends referring at least all patients who [39, 50, 86]. DPT should then be considered [11, 47, 50]. experienced moderate or severe HR to the allergologist for assessment. Optionally, all HR can be r",general
P2-REC-037,P2,8,6818,Table 2 CMSC recommendations for the prevention of recurrent hypersensitivity reactions in adults,Table 2 CMSC recommendations for the prevention of recurrent hypersensitivity reactions in adults,hypersensitivity/management
P2-REC-038,P2,8,6818,In vitro tests Measure serum tryptase within 1–4 h from the start of all moderate-to-severe immediate hypersensitivity reactions to contrast media,In vitro tests Measure serum tryptase within 1–4 h from the start of all moderate-to-severe immediate hypersensitivity reactions to contrast media. A second measurement after ≥ 24 h serves as a baseline for further allergologic examinations.,hypersensitivity/management
P2-REC-039,P2,8,6818,Allergy assessment Refer the following patients to a drug allergy specialist for an allergy assessment:,Allergy assessment Refer the following patients to a drug allergy specialist for an allergy assessment:,general
P2-REC-040,P2,8,6818,Always specify the used contrast medium in the referral to the drug allergy specialist,"Always specify the used contrast medium in the referral to the drug allergy specialist. A detailed documentation about the culprit contrast agent and the severity of the reaction, includ",documentation
P2-REC-041,P2,8,6818,"contrast agent and the severity of the reaction, including a grading scheme, is mandatory (see Part 1)","t medium in the referral to the drug allergy specialist. A detailed documentation about the culprit contrast agent and the severity of the reaction, including a grading scheme, is mandatory (see Part 1).",documentation
P2-REC-042,P2,8,6818,"action to an iodine-based contrast medium or a gadolinium-based contrast agent, consider an alternative imaging modality, or consider performing an unenhanced exam if the diagnostic yield is sufﬁcient for the correct management of the patient","Preventive measures In all patients with a history of a hypersensitivity reaction to an iodine-based contrast medium or a gadolinium-based contrast agent, consider an alternative imaging modality, or consider performing an unenhanced exam if the diagnostic yield is sufﬁcient for the correct management of the patient. Never deny a patient a clinically well-indicated enhanced examination if alternative imaging strat",hypersensitivity/management
P2-REC-043,P2,8,6818,Never deny a patient a clinically well-indicated enhanced examination if alternative imaging strategies are not available, an unenhanced exam if the diagnostic yield is sufﬁcient for the correct management of the patient. Never deny a patient a clinically well-indicated enhanced examination if alternative imaging strategies are not available. See also Figs. 1 and 4,general
P2-REC-044,P2,8,6818,Be prepared and vigilant for a recurring immediate hypersensitivity reaction,• Be prepared and vigilant for a recurring immediate hypersensitivity reaction,hypersensitivity/management
P2-REC-045,P2,8,6818,"iate hypersensitivity reaction recurs, referral to a drug allergy specialist is mandatory","• If an immediate hypersensitivity reaction recurs, referral to a drug allergy specialist is mandatory",hypersensitivity/management
P2-REC-046,P2,9,6819,Be prepared and vigilant for a recurring immediate hypersensitivity reaction,• Be prepared and vigilant for a recurring immediate hypersensitivity reaction,hypersensitivity/management
P2-REC-047,P2,9,6819,"iate hypersensitivity reaction recurs, referral to a drug allergy specialist is mandatory","• If an immediate hypersensitivity reaction recurs, referral to a drug allergy specialist is mandatory",hypersensitivity/management
P2-REC-048,P2,9,6819,Consider administration of premedication (EAACI guidelines),• Consider administration of premedication (EAACI guidelines),premedication
P2-REC-049,P2,10,6820,"iate hypersensitivity reaction recurs, referral to a drug allergy specialist is mandatory","• If a non-immediate hypersensitivity reaction recurs, referral to a drug allergy specialist is mandatory",hypersensitivity/management
P2-REC-050,P2,10,6820,DO NOT give the group of contrast media to which the severe skin reaction has occurred:,DO NOT give the group of contrast media to which the severe skin reaction has occurred:,general
P2-REC-051,P2,10,6820,Avoid all iodine-based contrast media after a severe non-immediate hypersensitivity reaction to an iodine-based contrast medium,• Avoid all iodine-based contrast media after a severe non-immediate hypersensitivity reaction to an iodine-based contrast medium,hypersensitivity/management
P2-REC-052,P2,10,6820,Avoid all gadolinium-based contrast agents after a severe non-immediate hypersensitivity reaction to a gadolinium-based contrast agent,• Avoid all gadolinium-based contrast agents after a severe non-immediate hypersensitivity reaction to a gadolinium-based contrast agent,hypersensitivity/management
P2-REC-053,P2,10,6820,* Consider cross-reactivity of contrast media and an increased risk for non-immediate hypersensitivity reaction with the use of iso-osmolar dimeric iodine-based contrast media ** Danger signs: erosive and/or he,"* Consider cross-reactivity of contrast media and an increased risk for non-immediate hypersensitivity reaction with the use of iso-osmolar dimeric iodine-based contrast media ** Danger signs: erosive and/or hemorrhagic lesions, blistering and skin disruption, mucosal involvement, extracutaneous organ involve",hypersensitivity/management; cross-reactivity
P2-REC-054,P2,11,6821,CMSC cannot make evidence-based recommendations on a robust scientiﬁc basis for change to an alternative contrast agent based on practical experience,CMSC cannot make evidence-based recommendations on a robust scientiﬁc basis for change to an alternative contrast agent based on practical experience.,general
P2-REC-055,P2,11,6821,"Imaging physicians should use their available choices of alternative contrast media, adhere to local or national guidelines, and ensure that patients get optimal surveillance by adequately trained staff, if needed, with rapid","Imaging physicians should use their available choices of alternative contrast media, adhere to local or national guidelines, and ensure that patients get optimal surveillance by adequately trained staff, if needed, with rapid response (or resuscitation) team support. CMSC Contrast Medium Safety Committee, SCAR severe cutane",general
P2-REC-056,P2,11,6821,crocyclic GBCA would be to between different non-ionic ICM seem insufﬁcient for recommend a linear GBCA," 97]. Consequently, a iodixanol [30, 31, 86]. The 2D chemical distinctions decision after HR to a macrocyclic GBCA would be to between different non-ionic ICM seem insufﬁcient for recommend a linear GBCA. However, this option has deducing their level of CR. In various classiﬁcations, one been complicat",general
P2-REC-057,P2,11,6821,"Most studies from a CM carrying this sidechain to one without reduced on CR do not allow the choice of the safest CM on a subsequent reactions, whereas a change to an agent with a robust scientiﬁc basis, with varying [31, 59, 77–79, 87, similar sidechain may be insufﬁcient [22, 77–","amoyl sidechain appears to be relevant, and a change remains inferior to allergological evaluation. Most studies from a CM carrying this sidechain to one without reduced on CR do not allow the choice of the safest CM on a subsequent reactions, whereas a change to an agent with a robust scientiﬁc basis, with varying [31, 59, 77–79, 87, similar sidechain may be insufﬁcient [22, 77–79, 92]. It 88, 92, 93, 98]. A new, non-validated classiﬁcation of ICM cannot be inferred from these",general
P2-REC-058,P2,11,6821,"95% CI, nitive evidence-based recommendations on how to 1","wever, the CMSC is currently unable to provide deﬁ- between ioxitalamate and amidotrizoate (OR 7.7; 95% CI, nitive evidence-based recommendations on how to 1.18–49.84) and after NIHR between amidotrizoate and change CM based solely on practical experience. ",general
P2-REC-059,P2,11,6821,71) of an IHR is important and physicians should use their [91],"thout allergic test support, early recognition trizoate and ioxitalamate (OR 21.4; 95% CI, 2.26–201.71) of an IHR is important and physicians should use their [91]. Of note, several studies reported greater tolerance for available choices of alternative CM, adher",general
P2-REC-060,P2,12,6822,y registraon in EHR drug allergy specialist Opmize allergy registraon in EHR Consider an alternave imaging modality Consider an alternave imaging modality,ug allergy specialist Oponal: refer the paeno a Opmize allergy registraon in EHR Opmize allergy registraon in EHR drug allergy specialist Opmize allergy registraon in EHR Consider an alternave imaging modality Consider an alternave imaging modality,general
P2-REC-061,P2,12,6822,Culprit CM Culprit CM DO NOT give the group of CM to which the severe skin known unknown reacon has occurred:,Culprit CM Culprit CM DO NOT give the group of CM to which the severe skin known unknown reacon has occurred: • Avoid all ICM aer a severe reacon to an ICM • Avoid all GBCA aer a severe reacon to a GBCA • ,general
P2-REC-062,P2,12,6822,Avoid all ICM aer a severe reacon to an ICM,lprit CM DO NOT give the group of CM to which the severe skin known unknown reacon has occurred: • Avoid all ICM aer a severe reacon to an ICM • Avoid all GBCA aer a severe reacon to a GBCA • Individualize the approach following muldiscipl,general
P2-REC-063,P2,12,6822,Avoid all GBCA aer a severe reacon to a GBCA,e severe skin known unknown reacon has occurred: • Avoid all ICM aer a severe reacon to an ICM • Avoid all GBCA aer a severe reacon to a GBCA • Individualize the approach following muldisciplinary Choose a consultaon aer a severe reacon ,general
P2-REC-064,P2,12,6822,"If NIHR recurs, referral to a drug allergy specialist is mandatory","If NIHR recurs, referral to a drug allergy specialist is mandatory",general
P2-REC-065,P2,12,6822,* Consider cross-reacvity of all CM and increased risk for NIHR by iso-osmolar ICM,* Consider cross-reacvity of all CM and increased risk for NIHR by iso-osmolar ICM,general
P2-REC-066,P2,12,6822,Severe: Hospital admission is required for treatment, Skin lesions resolve without treatment • Moderate: Skin lesions resolve with outpaent treatment • Severe: Hospital admission is required for treatment,general
P2-REC-067,P2,12,6822,"considered protective, and recent studies advocate using HOCM High-osmolar contrast medium/media HR Hypersensitivity reaction/reactions an alternative CM, selecting the safest CM by allergy ICM Iodine-based con","considered protective, and recent studies advocate using HOCM High-osmolar contrast medium/media HR Hypersensitivity reaction/reactions an alternative CM, selecting the safest CM by allergy ICM Iodine-based contrast medium/media assessment as the optimal approach. Timely referral to IDT Intradermal test/tests",hypersensitivity/management
P2-REC-068,P2,12,6822,"indication for CM PT Patch test/tests administration, and local preferences is recommended"," based NIHR Non-immediate hypersensitivity reaction OR Odds ratio on the patient’s characteristics, indication for CM PT Patch test/tests administration, and local preferences is recommended. SCAR Severe cutaneous adverse reaction/reactions Practical CMSC recommendations on the above topic",hypersensitivity/management; appendix/references
P2-REC-069,P2,12,6822,SCAR Severe cutaneous adverse reaction/reactions Practical CMSC recommendations on the above topics SPT Skin prick test/tests ST Skin test/tests have been summarized in Table 2 and Figs,"istics, indication for CM PT Patch test/tests administration, and local preferences is recommended. SCAR Severe cutaneous adverse reaction/reactions Practical CMSC recommendations on the above topics SPT Skin prick test/tests ST Skin test/tests have been summarized in Table 2 and Figs. 1 and 4, which can be adapted by national medical societies to the characteristics of their health",appendix/references
P2-REC-070,P2,13,6823,"rt MS, Cohan RH (2017) The evidence for and against corti- involved in the ﬁnal recommendations","3:675–682 Media Safety Committee and participate in all scientiﬁc discussions but are not 5. Davenport MS, Cohan RH (2017) The evidence for and against corti- involved in the ﬁnal recommendations. costeroid prophylaxis in at-risk patients. Radiol Clin North Am 55:413–421 Statistics and biometry",general
P2-REC-071,P2,14,6824,"Ahn KM, Ahn YH, Cho MK, Kang DY, Lee SY, Kang HR (2022) Validation of General considerations for skin test procedures in the diagnosis of drug practical pathway in patients with anaphylaxis to low osmolar contrast hypersensitivity","ds. Radiology 288:710–716 42. Brockow K, Romano A, Blanca M, Ring J, Pichler W, Demoly P (2002) 64. Ahn KM, Ahn YH, Cho MK, Kang DY, Lee SY, Kang HR (2022) Validation of General considerations for skin test procedures in the diagnosis of drug practical pathway in patients with anaphylaxis to low osmolar contrast hypersensitivity. Allergy 57:45–51 media: a retrospective cohort study. J Allergy Clin Immunol Pract 43. Brockow K, ",hypersensitivity/management
